﻿<?xml version="1.0" encoding="UTF-8"?>
  <objects>
 <!--
  class:类名 game.award.Award奖励
  food:粮食值
  randomFood:随机粮食值
  wood:木材值
  randomWood:随机木材值 randomFood="1,2,4"会随机从里面抽取一个数值出来 也可以这样配 randomFood="100:1,200:1,300:1"后面一个数值是几率
  money:铜币值
  randomMoney:随机铜币值
  iron:铁锭值
  randomIron：随机铁锭值
  exp:经验值
  randomExp：随机经验值
  pep:劳役值 
  randomPep:随机劳役值
  tech:文化值 
  randomTech:随机文化值
  equip:军械值 
  randomEquip:随机军械值
  train:训练值 
  randomTrain:随机训练值
  propSids:物品 
  randomPropSids:随机物品 
  gold:元宝 
  randomGold：随机元宝
  ginger:英雄令 
  randomGinger:随机英雄令
  -->
<sample sid="1" className="game.award.Award" propSids="8007:1" randomPropSids="1000|1:25,0|0:75"/>
 <sample sid="2" className="game.award.Award" propSids="8017:1" randomPropSids="1001|1:25,0|0:75"/>
 <sample sid="3" className="game.award.Award" propSids="8007:1" randomPropSids="1002|1:25,0|0:75"/>
 <sample sid="4" className="game.award.Award" propSids="8017:1" randomPropSids="1003|1:25,0|0:75"/>
 <sample sid="5" className="game.award.Award" propSids="8007:1" randomPropSids="1004|1:25,0|0:75"/>
 <sample sid="6" className="game.award.Award" propSids="8017:1" randomPropSids="1005|1:25,0|0:75"/>
 <sample sid="7" className="game.award.Award" propSids="8007:1" randomPropSids="1006|1:25,0|0:75"/>
 <sample sid="8" className="game.award.Award" propSids="8017:1" randomPropSids="1007|1:25,0|0:75"/>
 <sample sid="9" className="game.award.Award" propSids="8007:1,8017:1" randomPropSids="3000|1:25,0|0:75"/>
 <sample sid="11" className="game.award.Award" propSids="8007:1" randomPropSids="1009|1:25,0|0:75"/>
 <sample sid="12" className="game.award.Award" propSids="8017:1" randomPropSids="1010|1:25,0|0:75"/>
 <sample sid="13" className="game.award.Award" propSids="8007:1" randomPropSids="1011|1:25,0|0:75"/>
 <sample sid="14" className="game.award.Award" propSids="8017:1" randomPropSids="1012|1:25,0|0:75"/>
 <sample sid="15" className="game.award.Award" propSids="8007:1" randomPropSids="1013|1:25,0|0:75"/>
 <sample sid="16" className="game.award.Award" propSids="8017:1" randomPropSids="1014|1:25,0|0:75"/>
 <sample sid="17" className="game.award.Award" propSids="8007:1" randomPropSids="1015|1:25,0|0:75"/>
 <sample sid="18" className="game.award.Award" propSids="8017:1" randomPropSids="1016|1:25,0|0:75"/>
 <sample sid="19" className="game.award.Award" propSids="8007:1,8017:1" randomPropSids="3002|1:25,0|0:75"/>
 <sample sid="21" className="game.award.Award" propSids="1:1" randomPropSids="5000|2:25,0|0:75"/>
 <sample sid="22" className="game.award.Award" propSids="2:1" randomPropSids="5000|2:25,0|0:75"/>
 <sample sid="23" className="game.award.Award" propSids="3:1" randomPropSids="5000|2:25,0|0:75"/>
 <sample sid="24" className="game.award.Award" propSids="4:1" randomPropSids="5000|2:25,0|0:75"/>
 <sample sid="25" className="game.award.Award" propSids="1:2" randomPropSids="5000|2:25,0|0:75"/>
 <sample sid="26" className="game.award.Award" propSids="2:2" randomPropSids="5000|2:25,0|0:75"/>
 <sample sid="27" className="game.award.Award" propSids="3:2" randomPropSids="5000|2:25,0|0:75"/>
 <sample sid="28" className="game.award.Award" propSids="4:2" randomPropSids="5000|2:25,0|0:75"/>
 <sample sid="29" className="game.award.Award" propSids="8020:1,5000:10" randomPropSids="5000|3:25,0|0:75"/>
 <sample sid="31" className="game.award.Award" propSids="6:1" randomPropSids="5000|3:25,0|0:75"/>
 <sample sid="32" className="game.award.Award" propSids="7:1" randomPropSids="5000|3:25,0|0:75"/>
 <sample sid="33" className="game.award.Award" propSids="8:1" randomPropSids="5000|3:25,0|0:75"/>
 <sample sid="34" className="game.award.Award" propSids="9:1" randomPropSids="5000|3:25,0|0:75"/>
 <sample sid="35" className="game.award.Award" propSids="6:1,1:1" randomPropSids="5000|3:25,0|0:75"/>
 <sample sid="36" className="game.award.Award" propSids="7:1,2:1" randomPropSids="5000|3:25,0|0:75"/>
 <sample sid="37" className="game.award.Award" propSids="8:1,3:1" randomPropSids="5000|3:25,0|0:75"/>
 <sample sid="38" className="game.award.Award" propSids="9:1,4:1" randomPropSids="5000|3:25,0|0:75"/>
 <sample sid="39" className="game.award.Award" propSids="8020:3,5000:15" randomPropSids="5000|4:25,0|0:75"/>
 <sample sid="41" className="game.award.Award" propSids="6:2" randomPropSids="33|1:1,0|0:99"/>
 <sample sid="42" className="game.award.Award" propSids="7:2" randomPropSids="33|1:1,0|0:99"/>
 <sample sid="43" className="game.award.Award" propSids="8:2" randomPropSids="33|1:2,0|0:98"/>
 <sample sid="44" className="game.award.Award" propSids="9:2" randomPropSids="33|1:2,0|0:98"/>
 <sample sid="45" className="game.award.Award" propSids="6:2,1:2" randomPropSids="33|1:3,0|0:97"/>
 <sample sid="46" className="game.award.Award" propSids="7:2,2:2" randomPropSids="33|1:3,0|0:97"/>
 <sample sid="47" className="game.award.Award" propSids="8:2,3:2" randomPropSids="33|1:4,0|0:96"/>
 <sample sid="48" className="game.award.Award" propSids="9:2,4:2" randomPropSids="33|1:4,0|0:96"/>
 <sample sid="49" className="game.award.Award" propSids="8012:1,5001:10" randomPropSids="33|1:5,0|0:95"/>
 <sample sid="51" className="game.award.Award" propSids="6:2,1:3" randomPropSids="33|1:5,0|0:95"/>
 <sample sid="52" className="game.award.Award" propSids="7:2,2:3" randomPropSids="33|1:6,0|0:94"/>
 <sample sid="53" className="game.award.Award" propSids="8:2,3:3" randomPropSids="33|1:6,0|0:94"/>
 <sample sid="54" className="game.award.Award" propSids="9:2,4:3" randomPropSids="33|1:7,0|0:93"/>
 <sample sid="55" className="game.award.Award" propSids="11:1,1:1" randomPropSids="33|1:7,0|0:93"/>
 <sample sid="56" className="game.award.Award" propSids="12:1,2:1" randomPropSids="33|1:8,0|0:92"/>
 <sample sid="57" className="game.award.Award" propSids="13:1,3:1" randomPropSids="33|1:8,0|0:92"/>
 <sample sid="58" className="game.award.Award" propSids="14:1,4:1" randomPropSids="33|1:9,0|0:91"/>
 <sample sid="59" className="game.award.Award" propSids="8012:3,5001:15" randomPropSids="33|1:9,0|0:91"/>
 <sample sid="61" className="game.award.Award" propSids="11:1,1:3" randomPropSids="34|1:1,0|0:99"/>
 <sample sid="62" className="game.award.Award" propSids="12:1,2:3" randomPropSids="34|1:1,0|0:99"/>
 <sample sid="63" className="game.award.Award" propSids="13:1,3:3" randomPropSids="34|1:2,0|0:98"/>
 <sample sid="64" className="game.award.Award" propSids="14:1,4:3" randomPropSids="34|1:2,0|0:98"/>
 <sample sid="65" className="game.award.Award" propSids="11:1,1:4" randomPropSids="34|1:3,0|0:97"/>
 <sample sid="66" className="game.award.Award" propSids="12:1,2:4" randomPropSids="34|1:3,0|0:97"/>
 <sample sid="67" className="game.award.Award" propSids="13:1,3:4" randomPropSids="34|1:4,0|0:96"/>
 <sample sid="68" className="game.award.Award" propSids="14:1,4:4" randomPropSids="34|1:4,0|0:96"/>
 <sample sid="69" className="game.award.Award" propSids="8012:5,5001:20" randomPropSids="34|1:5,0|0:95"/>
 <sample sid="71" className="game.award.Award" propSids="11:2,1:3" randomPropSids="34|1:5,0|0:95"/>
 <sample sid="72" className="game.award.Award" propSids="12:2,2:3" randomPropSids="34|1:6,0|0:94"/>
 <sample sid="73" className="game.award.Award" propSids="13:2,3:3" randomPropSids="34|1:6,0|0:94"/>
 <sample sid="74" className="game.award.Award" propSids="14:2,4:3" randomPropSids="34|1:7,0|0:93"/>
 <sample sid="75" className="game.award.Award" propSids="11:2,6:2" randomPropSids="34|1:7,0|0:93"/>
 <sample sid="76" className="game.award.Award" propSids="12:2,7:2" randomPropSids="34|1:8,0|0:92"/>
 <sample sid="77" className="game.award.Award" propSids="13:2,8:2" randomPropSids="34|1:8,0|0:92"/>
 <sample sid="78" className="game.award.Award" propSids="14:2,9:2" randomPropSids="34|1:9,0|0:91"/>
 <sample sid="79" className="game.award.Award" propSids="8013:2,5001:30" randomPropSids="34|1:9,0|0:91"/>
 <sample sid="81" className="game.award.Award" propSids="11:3,6:3" randomPropSids="35|1:1,0|0:99"/>
 <sample sid="82" className="game.award.Award" propSids="12:3,7:3" randomPropSids="35|1:2,0|0:98"/>
 <sample sid="83" className="game.award.Award" propSids="13:3,8:3" randomPropSids="35|1:3,0|0:97"/>
 <sample sid="84" className="game.award.Award" propSids="14:3,9:3" randomPropSids="35|1:4,0|0:96"/>
 <sample sid="85" className="game.award.Award" propSids="11:3,6:4" randomPropSids="35|1:5,0|0:95"/>
 <sample sid="86" className="game.award.Award" propSids="12:3,7:4" randomPropSids="35|1:6,0|0:94"/>
 <sample sid="87" className="game.award.Award" propSids="13:3,8:4" randomPropSids="35|1:7,0|0:93"/>
 <sample sid="88" className="game.award.Award" propSids="14:3,9:4" randomPropSids="35|1:8,0|0:92"/>
 <sample sid="89" className="game.award.Award" propSids="8013:3,5002:10" randomPropSids="35|1:9,0|0:91"/>
 <sample sid="91" className="game.award.Award" propSids="11:4,3001:2" randomPropSids="37|1:1,0|0:99"/>
 <sample sid="92" className="game.award.Award" propSids="12:4,3001:2" randomPropSids="37|1:2,0|0:98"/>
 <sample sid="93" className="game.award.Award" propSids="13:4,3001:2" randomPropSids="37|1:3,0|0:97"/>
 <sample sid="94" className="game.award.Award" propSids="14:4,3001:2" randomPropSids="37|1:4,0|0:96"/>
 <sample sid="95" className="game.award.Award" propSids="3005:1,3001:3" randomPropSids="37|1:5,0|0:95"/>
 <sample sid="96" className="game.award.Award" propSids="3005:1,3001:3" randomPropSids="37|1:6,0|0:94"/>
 <sample sid="97" className="game.award.Award" propSids="3005:1,3001:3" randomPropSids="37|1:7,0|0:93"/>
 <sample sid="98" className="game.award.Award" propSids="3005:1,3001:3" randomPropSids="37|1:8,0|0:92"/>
 <sample sid="99" className="game.award.Award" propSids="3005:2,3001:4" randomPropSids="37|1:9,0|0:91"/>
 <sample sid="1002" className="game.award.Award" gold="500" propSids="5000:5" />
 <sample sid="1004" className="game.award.Award" gold="500" propSids="5000:10" />
 <sample sid="1005" className="game.award.Award" gold="500" propSids="5000:15" />
 <sample sid="1006" className="game.award.Award" gold="500" propSids="5000:20" />
 <sample sid="1007" className="game.award.Award" gold="500" propSids="5001:5" />
 <sample sid="1008" className="game.award.Award" gold="1000" propSids="5001:10" />
 <sample sid="1009" className="game.award.Award" gold="1000" propSids="5001:15" />
 <sample sid="1010" className="game.award.Award" gold="1000" propSids="5001:20" />
 <sample sid="1011" className="game.award.Award" gold="1000" propSids="5002:10" />
 <sample sid="1012" className="game.award.Award" gold="1000" propSids="5002:15" />
 <sample sid="2000" className="game.award.Award" food="100" money="100" iron="100" />
 <sample sid="3001" className="game.award.Award" food="10000" />
 <sample sid="3002" className="game.award.Award" pep="1000" />
 <sample sid="3003" className="game.award.Award" money="10000" />
 <sample sid="3004" className="game.award.Award" tech="1000" />
 <sample sid="3005" className="game.award.Award" iron="10000" />
 <sample sid="3006" className="game.award.Award" equip="1000" />
 <sample sid="3007" className="game.award.Award" wood="10000" />
 <sample sid="3008" className="game.award.Award" train="1000" />
 <sample sid="3009" className="game.award.Award" pep="2000" />
 <sample sid="3010" className="game.award.Award" money="20000" />
 <sample sid="3011" className="game.award.Award" tech="2000" />
 <sample sid="3012" className="game.award.Award" iron="20000" />
 <sample sid="3013" className="game.award.Award" equip="2000" />
 <sample sid="3014" className="game.award.Award" wood="20000" />
 <sample sid="3015" className="game.award.Award" train="2000" />
 <sample sid="3016" className="game.award.Award" food="10000" />
 <sample sid="3017" className="game.award.Award" pep="1000" />
 <sample sid="3018" className="game.award.Award" money="10000" />
 <sample sid="3019" className="game.award.Award" tech="1000" />
 <sample sid="3020" className="game.award.Award" iron="10000" />
 <sample sid="3021" className="game.award.Award" equip="1000" />
 <sample sid="3022" className="game.award.Award" wood="10000" />
 <sample sid="3023" className="game.award.Award" food="20000" />
 <sample sid="3024" className="game.award.Award" pep="2000" />
 <sample sid="3025" className="game.award.Award" money="20000" />
 <sample sid="3026" className="game.award.Award" tech="2000" />
 <sample sid="3027" className="game.award.Award" iron="20000" />
 <sample sid="3028" className="game.award.Award" equip="2000" />
 <sample sid="3029" className="game.award.Award" wood="20000" />
 <sample sid="3030" className="game.award.Award" train="2000" />
 <sample sid="3031" className="game.award.Award" food="10000" />
 <sample sid="3032" className="game.award.Award" pep="1000" />
 <sample sid="3033" className="game.award.Award" money="10000" />
 <sample sid="3034" className="game.award.Award" tech="1000" />
 <sample sid="3035" className="game.award.Award" iron="10000" />
 <sample sid="3036" className="game.award.Award" equip="1000" />
 <sample sid="3037" className="game.award.Award" wood="10000" />
 <sample sid="3038" className="game.award.Award" train="1000" />
 <sample sid="3039" className="game.award.Award" money="20000" />
 <sample sid="3040" className="game.award.Award" tech="2000" />
 <sample sid="6000" className="game.award.Award"  randomPropSids="5000|2:80,8002|1:20"/>
 <sample sid="6001" className="game.award.Award"  randomPropSids="5000|5:80,8002|3:20"/>
 <sample sid="6002" className="game.award.Award"  randomPropSids="5001|2:80,8003|2:20"/>
 <sample sid="6003" className="game.award.Award"  randomPropSids="5001|5:80,8003|4:20"/>
 <sample sid="6004" className="game.award.Award"  randomPropSids="5002|1:80,8004|1:20"/>
 <sample sid="6005" className="game.award.Award" money="100000" iron="20000" wood="100000" />
 <sample sid="6006" className="game.award.Award" ginger="10" propSids="8034:5,7003:10" />
 <sample sid="6007" className="game.award.Award" propSids="503:10,2002:3,2038:3" />
 <sample sid="6008" className="game.award.Award" propSids="8034:10,7005:10,7004:10" />
 <sample sid="6009" className="game.award.Award" propSids="503:15,1045:1,1046:1" />
 <sample sid="6010" className="game.award.Award" propSids="8034:15,1047:1,1048:1" />
 <sample sid="6011" className="game.award.Award" ginger="30" propSids="503:20,2074:3" />
 <sample sid="6012" className="game.award.Award" propSids="8034:20,3005:100,3007:40" />
 <sample sid="6013" className="game.award.Award" propSids="503:25,2111:2,7013:10" />
 <sample sid="6014" className="game.award.Award" ginger="50" propSids="8034:25,2076:1" />
 <sample sid="6015" className="game.award.Award" propSids="503:30,2005:1,2041:1" />
 <sample sid="6016" className="game.award.Award" propSids="8034:30,2138:1,7009:20" />
 <sample sid="6017" className="game.award.Award"  />
 <sample sid="6018" className="game.award.Award" gold="10" propSids="8020:2" />
 <sample sid="6019" className="game.award.Award" ginger="10" propSids="1:5,2:5,3:5,4:5" />
 <sample sid="6020" className="game.award.Award" propSids="3121:1,3003:5" />
 <sample sid="6021" className="game.award.Award" propSids="7003:1,7004:1,7005:1" />
 <sample sid="6022" className="game.award.Award" gold="15" propSids="26:50,27:50" />
 <sample sid="6023" className="game.award.Award" ginger="10" propSids="8022:1" />
 <sample sid="6024" className="game.award.Award" propSids="1028:1,1029:1,1030:1" />
 <sample sid="6030" className="game.award.Award" gold="20" propSids="8034:2,503:5" />
 <sample sid="6031" className="game.award.Award" propSids="33:4,3100:5" />
 <sample sid="6025" className="game.award.Award" wood="2000" />
 <sample sid="6026" className="game.award.Award" money="10000" />
 <sample sid="6027" className="game.award.Award" food="10000" />
 <sample sid="6028" className="game.award.Award" iron="2000" />
 <sample sid="6032" className="game.award.Award" propSids="5000:5" />
 <sample sid="6033" className="game.award.Award" fightScore="1000" />
 <sample sid="6029" className="game.award.Award" propSids="3115:1,3124:1,8022:3,27:100" randomPropSids="26|100:100"/>
 <sample sid="6100" className="game.award.Award"  randomPropSids="1000:125,1001:125,1002:125,1003:125,1004:125,1005:125,1006:125,1007:125"/>
 <sample sid="6101" className="game.award.Award" propSids="1:1,2:1,3:1,4:1" />
 <sample sid="6102" className="game.award.Award"  randomPropSids="1009:125,1010:125,1011:125,1012:125,1013:125,1014:125,1015:125,1016:125"/>
 <sample sid="6103" className="game.award.Award" propSids="6:1,7:1,8:1,9:1" />
 <sample sid="6104" className="game.award.Award"  randomPropSids="1018:125,1019:125,1020:125,1021:125,1022:125,1023:125,1024:125,1025:125"/>
 <sample sid="6105" className="game.award.Award" propSids="11:1,12:1,13:1,14:1" />
 <sample sid="6106" className="game.award.Award"  randomPropSids="1027:125,1028:125,1029:125,1030:125,1031:125,1032:125,1033:125,1034:125"/>
 <sample sid="6107" className="game.award.Award" propSids="16:1,17:1,18:1,19:1" />
 <sample sid="6108" className="game.award.Award"  randomPropSids="1063:125,1064:125,1065:125,1066:125,1067:125,1068:125,1069:125,1070:125"/>
 <sample sid="6109" className="game.award.Award" propSids="21:1,22:1,23:1,24:1" />
 <sample sid="6110" className="game.award.Award"  randomPropSids="1027:125,1028:125,1029:125,1030:125,1031:125,1032:125,1033:125,1034:125"/>
 <sample sid="6111" className="game.award.Award"  randomPropSids="1036:125,1037:125,1038:125,1039:125,1040:125,1041:125,1042:125,1043:125"/>
 <sample sid="6112" className="game.award.Award"  randomPropSids="1045:125,1046:125,1047:125,1048:125,1049:125,1050:125,1051:125,1052:125"/>
 <sample sid="6113" className="game.award.Award"  randomPropSids="1054:125,1055:125,1056:125,1057:125,1058:125,1059:125,1060:125,1061:125"/>
 <sample sid="6114" className="game.award.Award"  randomPropSids="1063:125,1064:125,1065:125,1066:125,1067:125,1068:125,1069:125,1070:125"/>
 <sample sid="6115" className="game.award.Award"  randomPropSids="1072:125,1073:125,1074:125,1075:125,1076:125,1077:125,1078:125,1079:125"/>
 <sample sid="6116" className="game.award.Award" militarySids="124:1" />
 <sample sid="6117" className="game.award.Award" militarySids="133:1" />
 <sample sid="6118" className="game.award.Award" militarySids="103:1" />
 <sample sid="6119" className="game.award.Award" militarySids="157:1" />
 <sample sid="6120" className="game.award.Award" militarySids="137:1" />
 <sample sid="6121" className="game.award.Award" militarySids="138:1" />
 <sample sid="6122" className="game.award.Award" propSids="1009:1,1010:1,1011:1,1012:1,1013:1" randomPropSids="1014|1:100#1015|1:100#1016|1:100"/>
 <sample sid="6123" className="game.award.Award" propSids="1018:1,1019:1,1020:1,1021:1,1022:1" randomPropSids="1023|1:100#1024|1:100#1025|1:100"/>
 <sample sid="6124" className="game.award.Award" propSids="1027:1,1028:1,1029:1,1030:1,1031:1" randomPropSids="1032|1:100#1033|1:100#1034|1:100"/>
 <sample sid="6125" className="game.award.Award" propSids="1036:1,1037:1,1038:1,1039:1,1040:1" randomPropSids="1041|1:100#1042|1:100#1043|1:100"/>
 <sample sid="6126" className="game.award.Award" militarySids="17:1" />
 <sample sid="6127" className="game.award.Award" militarySids="18:1" />
 <sample sid="6128" className="game.award.Award" propSids="1054:1,1055:1,1056:1,1057:1,1058:1" randomPropSids="1059|1:100#1060|1:100#1061|1:100"/>
 <sample sid="6200" className="game.award.Award"  randomPropSids="2000:111,2012:111,2024:111,2036:111,2048:111,2060:111,2072:111,2084:111,2096:111"/>
 <sample sid="6201" className="game.award.Award"  randomPropSids="2001:111,2013:111,2025:111,2037:111,2049:111,2061:111,2073:111,2085:111,2097:111"/>
 <sample sid="6202" className="game.award.Award"  randomPropSids="2002:111,2014:111,2026:111,2038:111,2050:111,2062:111,2074:111,2086:111,2098:111"/>
 <sample sid="6203" className="game.award.Award"  randomPropSids="2003:111,2015:111,2027:111,2039:111,2051:111,2063:111,2075:111,2087:111,2099:111"/>
 <sample sid="6204" className="game.award.Award"  randomPropSids="2004:111,2016:111,2028:111,2040:111,2052:111,2064:111,2076:111,2088:111,2100:111"/>
 <sample sid="6205" className="game.award.Award"  randomPropSids="2005:111,2017:111,2029:111,2041:111,2053:111,2065:111,2077:111,2089:111,2101:111"/>
 <sample sid="6206" className="game.award.Award"  randomPropSids="2006:111,2018:111,2030:111,2042:111,2054:111,2066:111,2078:111,2090:111,2102:111"/>
 <sample sid="6207" className="game.award.Award"  randomPropSids="2007:111,2019:111,2031:111,2043:111,2055:111,2067:111,2079:111,2091:111,2103:111"/>
 <sample sid="6208" className="game.award.Award"  randomPropSids="2108:333,2120:333,2132:333"/>
 <sample sid="6301" className="game.award.Award" propSids="2:10" />
 <sample sid="6302" className="game.award.Award" propSids="12:10" />
 <sample sid="6303" className="game.award.Award" propSids="1:10" />
 <sample sid="6304" className="game.award.Award" propSids="11:10" />
 <sample sid="6305" className="game.award.Award" propSids="3:10" />
 <sample sid="6306" className="game.award.Award" propSids="13:10" />
 <sample sid="6307" className="game.award.Award" propSids="4:10" />
 <sample sid="6308" className="game.award.Award" propSids="14:10" />
 <sample sid="6401" className="game.award.Award" propSids="29:30" />
 <sample sid="6402" className="game.award.Award" propSids="30:30" />
 <sample sid="6403" className="game.award.Award" propSids="31:30" />
 <sample sid="6404" className="game.award.Award" propSids="32:30" />
 <sample sid="6405" className="game.award.Award" propSids="28:10" />
 <sample sid="6500" className="game.award.Award" money="1000" />
 <sample sid="6501" className="game.award.Award" propSids="26:30" />
 <sample sid="6502" className="game.award.Award" propSids="27:30" />
 <sample sid="6503" className="game.award.Award" propSids="500:20" />
 <sample sid="6504" className="game.award.Award" propSids="501:20" />
 <sample sid="6505" className="game.award.Award" propSids="502:20" />
 <sample sid="6506" className="game.award.Award" propSids="503:20" />
 <sample sid="6507" className="game.award.Award" propSids="5002:10,8034:10" />
 <sample sid="6508" className="game.award.Award" propSids="5002:7,8034:9" />
 <sample sid="6509" className="game.award.Award" propSids="5002:5,8034:8" />
 <sample sid="6510" className="game.award.Award" propSids="5002:3,8034:7" />
 <sample sid="6511" className="game.award.Award" propSids="5001:20,8034:6" />
 <sample sid="6512" className="game.award.Award" propSids="5001:15,8034:5" />
 <sample sid="6513" className="game.award.Award" propSids="5001:10,8034:4" />
 <sample sid="6514" className="game.award.Award" propSids="5000:20,8034:3" />
 <sample sid="6515" className="game.award.Award" propSids="5000:10,8034:2" />
 <sample sid="6600" className="game.award.Award" fightScore="5000" prestige="5000" propSids="5002:10" />
 <sample sid="6601" className="game.award.Award" fightScore="3500" prestige="3500" propSids="5002:7" />
 <sample sid="6602" className="game.award.Award" fightScore="2500" prestige="2500" propSids="5002:5" />
 <sample sid="6603" className="game.award.Award" fightScore="1500" prestige="1500" propSids="5002:3" />
 <sample sid="6604" className="game.award.Award" fightScore="1000" prestige="1000" propSids="5001:20" />
 <sample sid="6605" className="game.award.Award" fightScore="800" prestige="800" propSids="5001:15" />
 <sample sid="6606" className="game.award.Award" fightScore="600" prestige="600" propSids="5001:10" />
 <sample sid="6607" className="game.award.Award" fightScore="400" prestige="400" propSids="5000:20" />
 <sample sid="6608" className="game.award.Award" fightScore="200" prestige="200" propSids="5000:10" />
 <sample sid="6616" className="game.award.Award"  />
 <sample sid="6617" className="game.award.Award" money="30000" propSids="5001:5" />
 <sample sid="6618" className="game.award.Award" money="45000" propSids="5001:10" />
 <sample sid="6619" className="game.award.Award" money="60000" propSids="5001:15" />
 <sample sid="6620" className="game.award.Award" money="75000" propSids="5001:20" />
 <sample sid="6621" className="game.award.Award" money="90000" propSids="5001:25" />
 <sample sid="6622" className="game.award.Award" money="105000" propSids="5002:5" />
 <sample sid="6623" className="game.award.Award" money="120000" propSids="5002:10" />
 <sample sid="6624" className="game.award.Award" money="135000" propSids="5002:15" />
 <sample sid="6625" className="game.award.Award" money="150000" propSids="5002:20" />
 <sample sid="6626" className="game.award.Award" money="165000" propSids="5002:25" />
 <sample sid="6627" className="game.award.Award" money="180000" propSids="5003:5" />
 <sample sid="6628" className="game.award.Award" money="195000" propSids="5003:10" />
 <sample sid="6629" className="game.award.Award" propSids="8035:10,8014:5" />
 <sample sid="6630" className="game.award.Award" propSids="8035:10,5002:50" />
 <sample sid="6631" className="game.award.Award" propSids="8035:10,37:4,3107:1" />
 <sample sid="6632" className="game.award.Award" propSids="5002:100,2138:1,3001:200" />
 <sample sid="20000" className="game.award.Award" recruit="5000" />
 <sample sid="20001" className="game.award.Award" food="10000000" money="10000000" iron="10000000" wood="10000000" />
 <sample sid="20002" className="game.award.Award" pep="100000" tech="100000" equip="100000" train="100000" />
 <sample sid="20003" className="game.award.Award" ginger="20" propSids="8014:1,3100:3" />
 <sample sid="20004" className="game.award.Award" ginger="20" propSids="5000:30,3102:1" />
 <sample sid="20005" className="game.award.Award" propSids="8034:50,5000:100" />
 <sample sid="20006" className="game.award.Award" propSids="3104:2" />
 <sample sid="20007" className="game.award.Award" propSids="3003:50" />
 <sample sid="20008" className="game.award.Award" propSids="3106:1" />
 <sample sid="20009" className="game.award.Award" propSids="5002:50" />
 <sample sid="20010" className="game.award.Award" propSids="37:1,2091:1" />
 <sample sid="20011" className="game.award.Award" propSids="3001:40,5000:50" />
 <sample sid="20012" className="game.award.Award" propSids="3001:60,5000:100" />
 <sample sid="20013" className="game.award.Award" propSids="3001:80,5001:50,8032:5" />
 <sample sid="20014" className="game.award.Award" propSids="3001:100,5001:100,8032:10" />
 <sample sid="65534" className="game.award.Award"  />
 <sample sid="10000" className="game.award.Award" fightScore="50" wood="30000" />
 <sample sid="10001" className="game.award.Award" fightScore="100" money="10000" />
 <sample sid="10002" className="game.award.Award" fightScore="300" money="10000" />
 <sample sid="10003" className="game.award.Award" fightScore="500" money="10000" soldierSids="22:1000" />
 <sample sid="10004" className="game.award.Award" money="10000" />
 <sample sid="10005" className="game.award.Award" fightScore="700" />
 <sample sid="10006" className="game.award.Award" fightScore="1000" />
 <sample sid="10007" className="game.award.Award" propSids="1000:1,1001:1" />
 <sample sid="10008" className="game.award.Award" propSids="1002:1,1004:1" />
 <sample sid="10009" className="game.award.Award" propSids="1003:1,1005:1" />
 <sample sid="10010" className="game.award.Award" propSids="1006:1,1007:1" />
 <sample sid="10011" className="game.award.Award" soldierSids="4:5000" />
 <sample sid="10012" className="game.award.Award" money="5000" iron="1000" wood="1000" />
 <sample sid="10013" className="game.award.Award" money="5000" iron="1000" wood="1000" />
 <sample sid="10014" className="game.award.Award" money="5000" iron="1000" wood="1000" />
 <sample sid="10015" className="game.award.Award" money="5000" iron="1000" wood="1000" />
 <sample sid="10016" className="game.award.Award" money="5000" iron="1000" wood="1000" />
 <sample sid="10017" className="game.award.Award" money="5000" iron="1000" wood="1000" />
 <sample sid="10018" className="game.award.Award" money="5000" iron="1000" wood="1000" />
 <sample sid="10019" className="game.award.Award" money="5000" iron="1000" wood="1000" />
 <sample sid="10020" className="game.award.Award" money="5000" iron="1000" wood="1000" />
 <sample sid="10021" className="game.award.Award" money="5000" iron="1000" wood="1000" />
 <sample sid="10022" className="game.award.Award" money="5000" iron="1000" wood="1000" />
 <sample sid="10023" className="game.award.Award" food="10000" money="10000" iron="10000" wood="10000" />
 <sample sid="10024" className="game.award.Award" fightScore="2000" food="10000" money="10000" iron="10000" wood="10000" />
 <sample sid="7000" className="game.award.Award" food="5000" />
 <sample sid="7001" className="game.award.Award" food="20000" />
 <sample sid="7002" className="game.award.Award" food="10000" />
 <sample sid="7003" className="game.award.Award" food="20000" />
 <sample sid="7004" className="game.award.Award" food="200000" />
 <sample sid="7005" className="game.award.Award" money="5000" />
 <sample sid="7006" className="game.award.Award" money="20000" />
 <sample sid="7007" className="game.award.Award" money="10000" />
 <sample sid="7008" className="game.award.Award" money="20000" />
 <sample sid="7009" className="game.award.Award" money="200000" />
 <sample sid="7010" className="game.award.Award" iron="5000" />
 <sample sid="7011" className="game.award.Award" iron="20000" />
 <sample sid="7012" className="game.award.Award" iron="2000" />
 <sample sid="7013" className="game.award.Award" iron="5000" />
 <sample sid="7014" className="game.award.Award" iron="10000" />
 <sample sid="7015" className="game.award.Award" wood="5000" />
 <sample sid="7016" className="game.award.Award" wood="20000" />
 <sample sid="7017" className="game.award.Award" wood="2000" />
 <sample sid="7018" className="game.award.Award" wood="20000" />
 <sample sid="7019" className="game.award.Award" wood="200000" />
 <sample sid="7020" className="game.award.Award" food="10000" money="10000" wood="10000" />
 <sample sid="7021" className="game.award.Award" food="50000" money="50000" wood="50000" />
 <sample sid="7022" className="game.award.Award" food="200000" money="200000" wood="200000" />
 <sample sid="7023" className="game.award.Award" equip="5000" />
 <sample sid="7024" className="game.award.Award" equip="20000" />
 <sample sid="7025" className="game.award.Award" train="5000" />
 <sample sid="7026" className="game.award.Award" train="20000" />
 <sample sid="7027" className="game.award.Award" tech="5000" />
 <sample sid="7028" className="game.award.Award" tech="10000" />
 <sample sid="7029" className="game.award.Award" pep="5000" />
 <sample sid="7030" className="game.award.Award" pep="10000" />
 <sample sid="7031" className="game.award.Award" recruit="100" />
 <sample sid="7032" className="game.award.Award" recruit="1000" />
 <sample sid="7033" className="game.award.Award" recruit="10000" />
 <sample sid="7034" className="game.award.Award" fightScore="2000" />
 <sample sid="7035" className="game.award.Award" fightScore="20000" />
 <sample sid="7036" className="game.award.Award" recruit="2000" money="100000" iron="50000" />
 <sample sid="11000" className="game.award.Award" food="10000" money="2000" wood="2000" />
 <sample sid="11001" className="game.award.Award" fightScore="50" money="2000" wood="2000" />
 <sample sid="11002" className="game.award.Award" food="10000" money="2000" wood="2000" />
 <sample sid="11003" className="game.award.Award" money="2000" wood="2000" />
 <sample sid="11004" className="game.award.Award" money="2000" wood="10000" />
 <sample sid="11005" className="game.award.Award" fightScore="100" money="2000" wood="2000" />
 <sample sid="11006" className="game.award.Award" food="10000" money="2000" wood="2000" />
 <sample sid="11007" className="game.award.Award" money="2000" wood="2000" />
 <sample sid="11008" className="game.award.Award" money="2000" wood="2000" />
 <sample sid="11009" className="game.award.Award" money="2000" wood="10000" />
 <sample sid="11010" className="game.award.Award" fightScore="300" money="2000" wood="2000" />
 <sample sid="11011" className="game.award.Award" money="2000" wood="2000" />
 <sample sid="11012" className="game.award.Award" money="2000" wood="2000" />
 <sample sid="11013" className="game.award.Award" money="2000" wood="10000" />
 <sample sid="11014" className="game.award.Award" money="2000" wood="2000" />
 <sample sid="11015" className="game.award.Award" fightScore="500" money="2000" wood="2000" />
 <sample sid="11016" className="game.award.Award" money="2000" wood="2000" />
 <sample sid="11017" className="game.award.Award" money="2000" wood="2000" />
 <sample sid="11018" className="game.award.Award" money="2000" wood="2000" />
 <sample sid="11019" className="game.award.Award" money="2000" wood="2000" />
 <sample sid="11020" className="game.award.Award" money="2000" wood="2000" />
 <sample sid="11021" className="game.award.Award" money="2000" wood="2000" />
 <sample sid="11022" className="game.award.Award" money="2000" wood="2000" />
 <sample sid="11023" className="game.award.Award" money="2000" wood="2000" />
 <sample sid="11024" className="game.award.Award" money="2000" wood="2000" />
 <sample sid="11025" className="game.award.Award" money="2000" wood="2000" />
 <sample sid="11026" className="game.award.Award" money="2000" wood="2000" />
 <sample sid="11027" className="game.award.Award" money="2000" wood="2000" />
 <sample sid="11028" className="game.award.Award" money="2000" wood="2000" />
 <sample sid="11029" className="game.award.Award" money="2000" wood="2000" />
 <sample sid="11030" className="game.award.Award" money="2000" wood="10000" />
 <sample sid="11031" className="game.award.Award" fightScore="700" money="2000" wood="2000" />
 <sample sid="11032" className="game.award.Award" money="2000" wood="2000" />
 <sample sid="11033" className="game.award.Award" money="2000" wood="2000" />
 <sample sid="11034" className="game.award.Award" money="2000" wood="2000" />
 <sample sid="11035" className="game.award.Award" money="2000" wood="2000" />
 <sample sid="11036" className="game.award.Award" money="2000" wood="10000" propSids="1007:1" />
 <sample sid="11037" className="game.award.Award" fightScore="1000" money="2000" wood="2000" />
 <sample sid="11038" className="game.award.Award" money="2000" wood="2000" />
 <sample sid="11039" className="game.award.Award" money="2000" wood="2000" />
 <sample sid="11040" className="game.award.Award" money="2000" wood="2000" />
 <sample sid="11041" className="game.award.Award" money="2000" wood="2000" />
 <sample sid="11042" className="game.award.Award" money="2000" wood="2000" propSids="1000:1" />
 <sample sid="11043" className="game.award.Award" money="2000" wood="2000" />
 <sample sid="11044" className="game.award.Award" money="2000" wood="2000" propSids="5000:20" />
 <sample sid="11045" className="game.award.Award" money="2000" wood="2000" />
 <sample sid="11046" className="game.award.Award" money="2000" wood="2000" propSids="1001:1" />
 <sample sid="11047" className="game.award.Award" money="2000" wood="2000" propSids="5000:20" />
 <sample sid="11048" className="game.award.Award" money="2000" wood="2000" />
 <sample sid="11049" className="game.award.Award" money="2000" wood="2000" />
 <sample sid="11050" className="game.award.Award" money="2000" wood="2000" />
 <sample sid="11051" className="game.award.Award" money="2000" wood="2000" />
 <sample sid="11052" className="game.award.Award" money="2000" wood="2000" />
 <sample sid="11053" className="game.award.Award" money="2000" wood="2000" />
 <sample sid="11054" className="game.award.Award" fightScore="2000" money="2000" wood="2000" />
 <sample sid="11055" className="game.award.Award" money="2000" wood="2000" />
 <sample sid="11056" className="game.award.Award" money="2000" wood="2000" />
 <sample sid="11057" className="game.award.Award" money="2000" wood="2000" />
 <sample sid="11058" className="game.award.Award" money="2000" wood="2000" />
 <sample sid="11059" className="game.award.Award" money="2000" wood="2000" />
 <sample sid="11060" className="game.award.Award" money="2000" wood="2000" />
 <sample sid="11061" className="game.award.Award" money="2000" wood="2000" />
 <sample sid="11062" className="game.award.Award" money="2000" wood="2000" />
 <sample sid="11063" className="game.award.Award" money="2000" wood="2000" />
 <sample sid="11064" className="game.award.Award" food="10000" money="2000" wood="2000" />
 <sample sid="11065" className="game.award.Award" money="2000" wood="2000" />
 <sample sid="11066" className="game.award.Award" money="2000" wood="2000" propSids="5000:20" />
 <sample sid="11067" className="game.award.Award" money="2000" wood="2000" />
 <sample sid="11068" className="game.award.Award" money="2000" wood="2000" />
 <sample sid="11069" className="game.award.Award" fightScore="2000" money="2000" wood="2000" />
 <sample sid="11070" className="game.award.Award" money="2000" wood="2000" propSids="1009:1,1010:1,1011:1,1012:1" />
 <sample sid="11071" className="game.award.Award" food="10000" money="2000" wood="2000" propSids="1013:1,1014:1,1015:1,1016:1" />
 <sample sid="11072" className="game.award.Award" money="2000" wood="2000" />
 <sample sid="11073" className="game.award.Award" money="2000" wood="2000" propSids="5000:20" />
 <sample sid="11074" className="game.award.Award" money="2000" wood="2000" />
 <sample sid="11075" className="game.award.Award" money="2000" wood="2000" />
 <sample sid="11076" className="game.award.Award" money="2000" wood="2000" />
 <sample sid="11077" className="game.award.Award" money="2000" wood="2000" />
 <sample sid="11078" className="game.award.Award" money="2000" wood="2000" />
 <sample sid="11079" className="game.award.Award" money="2000" wood="2000" />
 <sample sid="11080" className="game.award.Award" fightScore="2000" money="2000" wood="2000" />
 <sample sid="11081" className="game.award.Award" money="2000" wood="2000" />
 <sample sid="11082" className="game.award.Award" money="2000" wood="2000" />
 <sample sid="11083" className="game.award.Award" money="2000" wood="2000" />
 <sample sid="11084" className="game.award.Award" money="2000" wood="2000" />
 <sample sid="11085" className="game.award.Award" money="2000" wood="2000" />
 <sample sid="11086" className="game.award.Award" money="2000" wood="2000" />
 <sample sid="11087" className="game.award.Award" money="2000" wood="2000" />
 <sample sid="11088" className="game.award.Award" money="2000" wood="2000" propSids="5000:20" />
 <sample sid="11089" className="game.award.Award" money="2000" wood="2000" />
 <sample sid="11090" className="game.award.Award" money="2000" wood="2000" />
 <sample sid="11091" className="game.award.Award" money="2000" wood="2000" />
 <sample sid="11092" className="game.award.Award" fightScore="1000" money="2000" wood="2000" />
 <sample sid="11093" className="game.award.Award" money="2000" wood="2000" />
 <sample sid="11094" className="game.award.Award" money="2000" wood="2000" />
 <sample sid="11095" className="game.award.Award" money="2000" wood="2000" />
 <sample sid="11096" className="game.award.Award" money="2000" wood="2000" />
 <sample sid="11097" className="game.award.Award" fightScore="1000" money="2000" wood="2000" />
 <sample sid="11098" className="game.award.Award" money="2000" wood="2000" />
 <sample sid="11099" className="game.award.Award" money="2000" wood="2000" />
 <sample sid="11100" className="game.award.Award" money="2000" wood="2000" />
 <sample sid="11101" className="game.award.Award" money="2000" wood="2000" />
 <sample sid="11102" className="game.award.Award" money="2000" wood="2000" />
 <sample sid="11103" className="game.award.Award" fightScore="1000" money="2000" wood="2000" />
 <sample sid="11104" className="game.award.Award" money="2000" wood="2000" />
 <sample sid="11105" className="game.award.Award" money="2000" wood="2000" />
 <sample sid="11106" className="game.award.Award" money="2000" wood="2000" />
 <sample sid="11107" className="game.award.Award" money="2000" wood="2000" />
 <sample sid="11108" className="game.award.Award" money="2000" wood="2000" />
 <sample sid="11109" className="game.award.Award" fightScore="7000" money="2000" wood="2000" />
 <sample sid="11110" className="game.award.Award" money="2000" wood="2000" />
 <sample sid="11111" className="game.award.Award" money="2000" wood="2000" />
 <sample sid="11112" className="game.award.Award" money="2000" wood="2000" propSids="1:5" />
 <sample sid="11113" className="game.award.Award" fightScore="14000" money="2000" wood="2000" />
 <sample sid="11114" className="game.award.Award" money="2000" wood="2000" />
 <sample sid="11115" className="game.award.Award" money="2000" wood="2000" propSids="1:5" />
 <sample sid="11116" className="game.award.Award" money="2000" wood="2000" propSids="2:5" />
 <sample sid="11117" className="game.award.Award" money="2000" wood="2000" propSids="3:5" />
 <sample sid="11118" className="game.award.Award" fightScore="16000" money="2000" wood="2000" />
 <sample sid="11119" className="game.award.Award" money="2000" wood="2000" />
 <sample sid="11120" className="game.award.Award" fightScore="18000" money="2000" wood="2000" />
 <sample sid="11121" className="game.award.Award" money="2000" wood="2000" />
 <sample sid="11122" className="game.award.Award" money="2000" wood="2000" />
 <sample sid="11123" className="game.award.Award" money="2000" wood="2000" />
 <sample sid="11124" className="game.award.Award" money="2000" wood="2000" propSids="5000:150" />
 <sample sid="11125" className="game.award.Award" money="2000" wood="2000" />
 <sample sid="11126" className="game.award.Award" money="2000" wood="2000" />
 <sample sid="11127" className="game.award.Award" money="2000" wood="2000" />
 <sample sid="11128" className="game.award.Award" money="2000" wood="2000" />
 <sample sid="11129" className="game.award.Award" fightScore="20000" money="2000" wood="2000" />
 <sample sid="11130" className="game.award.Award" money="2000" wood="2000" />
 <sample sid="11131" className="game.award.Award" money="2000" wood="2000" />
 <sample sid="11132" className="game.award.Award" money="2000" wood="2000" />
 <sample sid="11133" className="game.award.Award" money="2000" wood="2000" />
 <sample sid="11134" className="game.award.Award" money="2000" wood="2000" />
 <sample sid="11135" className="game.award.Award" money="2000" wood="2000" />
 <sample sid="11136" className="game.award.Award" money="2000" wood="2000" />
 <sample sid="11137" className="game.award.Award" money="2000" wood="2000" />
 <sample sid="11138" className="game.award.Award" money="2000" wood="2000" />
 <sample sid="12000" className="game.award.Award" fightScore="1000" money="1000" iron="200" />
 <sample sid="12001" className="game.award.Award" fightScore="1000" money="1000" iron="200" />
 <sample sid="12002" className="game.award.Award" fightScore="1000" money="1000" iron="200" />
 <sample sid="12003" className="game.award.Award" fightScore="1000" money="1000" iron="200" />
 <sample sid="12004" className="game.award.Award" fightScore="1000" money="1000" iron="200" />
 <sample sid="12005" className="game.award.Award" fightScore="1000" money="1000" iron="200" />
 <sample sid="12006" className="game.award.Award" fightScore="1000" money="1000" iron="200" />
 <sample sid="12007" className="game.award.Award" fightScore="1000" money="1000" iron="200" />
 <sample sid="12008" className="game.award.Award" fightScore="1000" money="1000" iron="200" />
 <sample sid="12009" className="game.award.Award" fightScore="1000" money="1000" iron="200" />
 <sample sid="12010" className="game.award.Award" fightScore="1000" money="1000" iron="200" />
 <sample sid="12011" className="game.award.Award" fightScore="1000" money="1000" iron="200" />
 <sample sid="12012" className="game.award.Award" fightScore="1000" money="1000" iron="200" />
 <sample sid="12013" className="game.award.Award" fightScore="1000" money="1000" iron="200" />
 <sample sid="12014" className="game.award.Award" fightScore="1000" money="1000" iron="200" />
 <sample sid="12015" className="game.award.Award" fightScore="1000" money="1000" iron="200" />
 <sample sid="12016" className="game.award.Award" fightScore="1000" money="1000" iron="200" />
 <sample sid="12017" className="game.award.Award" fightScore="1000" money="1000" iron="200" />
 <sample sid="12018" className="game.award.Award" fightScore="1000" money="1000" iron="200" />
 <sample sid="12019" className="game.award.Award" fightScore="1000" money="1000" iron="200" />
 <sample sid="12020" className="game.award.Award" fightScore="1000" money="1000" iron="200" />
 <sample sid="12021" className="game.award.Award" fightScore="1000" money="1000" iron="200" />
 <sample sid="12022" className="game.award.Award" fightScore="1000" money="1000" iron="200" />
 <sample sid="12023" className="game.award.Award" fightScore="1000" money="1000" iron="200" />
 <sample sid="12024" className="game.award.Award" fightScore="1000" money="1000" iron="200" />
 <sample sid="12025" className="game.award.Award" fightScore="1000" money="1000" iron="200" />
 <sample sid="12026" className="game.award.Award" fightScore="1000" money="1000" iron="200" />
 <sample sid="12027" className="game.award.Award" fightScore="1000" money="1000" iron="200" />
 <sample sid="12028" className="game.award.Award" fightScore="1000" money="1000" iron="200" />
 <sample sid="12029" className="game.award.Award" fightScore="1000" money="1000" iron="200" />
 <sample sid="12030" className="game.award.Award" fightScore="1000" money="1000" iron="200" />
 <sample sid="12031" className="game.award.Award" fightScore="1000" money="1000" iron="200" />
 <sample sid="12032" className="game.award.Award" fightScore="1000" money="1000" iron="200" />
 <sample sid="12033" className="game.award.Award" fightScore="1000" money="1000" iron="200" />
 <sample sid="12034" className="game.award.Award" fightScore="1000" money="1000" iron="200" />
 <sample sid="12035" className="game.award.Award" fightScore="1000" money="1000" iron="200" />
 <sample sid="12036" className="game.award.Award" fightScore="1000" money="1000" iron="200" />
 <sample sid="12037" className="game.award.Award" fightScore="1000" money="1000" iron="200" />
 <sample sid="12038" className="game.award.Award" fightScore="1000" money="1000" iron="200" />
 <sample sid="12039" className="game.award.Award" fightScore="1000" money="1000" iron="200" />
 <sample sid="12040" className="game.award.Award" fightScore="1000" money="1000" iron="200" />
 <sample sid="12041" className="game.award.Award" fightScore="1000" money="1000" iron="200" />
 <sample sid="12042" className="game.award.Award" fightScore="1000" money="1000" iron="200" />
 <sample sid="12043" className="game.award.Award" fightScore="1000" money="1000" iron="200" />
 <sample sid="12044" className="game.award.Award" fightScore="1000" money="1000" iron="200" />
 <sample sid="12045" className="game.award.Award" fightScore="1000" money="1000" iron="200" />
 <sample sid="12046" className="game.award.Award" fightScore="1000" money="1000" iron="200" />
 <sample sid="12047" className="game.award.Award" fightScore="1000" money="1000" iron="200" />
 <sample sid="12048" className="game.award.Award" fightScore="1000" money="1000" iron="200" />
 <sample sid="12049" className="game.award.Award" fightScore="1000" money="1000" iron="200" />
 <sample sid="12050" className="game.award.Award" fightScore="1000" money="1000" iron="200" />
 <sample sid="12051" className="game.award.Award" fightScore="1000" money="1000" iron="200" />
 <sample sid="12052" className="game.award.Award" fightScore="1000" money="1000" iron="200" />
 <sample sid="12053" className="game.award.Award" fightScore="1000" money="1000" iron="200" />
 <sample sid="12054" className="game.award.Award" fightScore="1000" money="1000" iron="200" />
 <sample sid="12055" className="game.award.Award" fightScore="1000" money="1000" iron="200" />
 <sample sid="12056" className="game.award.Award" fightScore="1000" money="1000" iron="200" />
 <sample sid="12057" className="game.award.Award" fightScore="1000" money="1000" iron="200" />
 <sample sid="12058" className="game.award.Award" fightScore="1000" money="1000" iron="200" />
 <sample sid="12059" className="game.award.Award" fightScore="1000" money="1000" iron="200" />
 <sample sid="12060" className="game.award.Award" fightScore="1000" money="1000" iron="200" />
 <sample sid="12061" className="game.award.Award" fightScore="1000" money="1000" iron="200" />
 <sample sid="12062" className="game.award.Award" fightScore="1000" money="1000" iron="200" />
 <sample sid="12063" className="game.award.Award" fightScore="1000" money="1000" iron="200" />
 <sample sid="12064" className="game.award.Award" fightScore="1000" money="1000" iron="200" />
 <sample sid="12065" className="game.award.Award" fightScore="1000" money="1000" iron="200" />
 <sample sid="12066" className="game.award.Award" fightScore="1000" money="1000" iron="200" />
 <sample sid="12067" className="game.award.Award" fightScore="1000" money="1000" iron="200" />
 <sample sid="12068" className="game.award.Award" fightScore="1000" money="1000" iron="200" />
 <sample sid="12069" className="game.award.Award" fightScore="1000" money="1000" iron="200" />
 <sample sid="12070" className="game.award.Award" fightScore="1000" money="1000" iron="200" />
 <sample sid="12071" className="game.award.Award" fightScore="1000" money="1000" iron="200" />
 <sample sid="12072" className="game.award.Award" fightScore="1000" money="1000" iron="200" />
 <sample sid="12073" className="game.award.Award" fightScore="1000" money="1000" iron="200" />
 <sample sid="12074" className="game.award.Award" fightScore="1000" money="1000" iron="200" />
 <sample sid="12075" className="game.award.Award" fightScore="1000" money="1000" iron="200" />
 <sample sid="12076" className="game.award.Award" fightScore="1000" money="1000" iron="200" />
 <sample sid="12077" className="game.award.Award" fightScore="1000" money="1000" iron="200" />
 <sample sid="12078" className="game.award.Award" fightScore="1000" money="1000" iron="200" />
 <sample sid="12079" className="game.award.Award" fightScore="1000" money="1000" iron="200" />
 <sample sid="12080" className="game.award.Award"  />
 <sample sid="12081" className="game.award.Award"  />
 <sample sid="12082" className="game.award.Award"  />
 <sample sid="12083" className="game.award.Award"  />
 <sample sid="12084" className="game.award.Award"  />
 <sample sid="12085" className="game.award.Award"  />
 <sample sid="12086" className="game.award.Award"  />
 <sample sid="12087" className="game.award.Award"  />
 <sample sid="12088" className="game.award.Award"  />
 <sample sid="12089" className="game.award.Award"  />
 <sample sid="12090" className="game.award.Award"  />
 <sample sid="12091" className="game.award.Award"  />
 <sample sid="12092" className="game.award.Award"  />
 <sample sid="12093" className="game.award.Award"  />
 <sample sid="12094" className="game.award.Award"  />
 <sample sid="12095" className="game.award.Award"  />
 <sample sid="12096" className="game.award.Award"  />
 <sample sid="12097" className="game.award.Award"  />
 <sample sid="12098" className="game.award.Award"  />
 <sample sid="12099" className="game.award.Award"  />
 <sample sid="12100" className="game.award.Award"  />
 <sample sid="12101" className="game.award.Award"  />
 <sample sid="12102" className="game.award.Award"  />
 <sample sid="12103" className="game.award.Award"  />
 <sample sid="12104" className="game.award.Award"  />
 <sample sid="12105" className="game.award.Award"  />
 <sample sid="12106" className="game.award.Award"  />
 <sample sid="12107" className="game.award.Award"  />
 <sample sid="12108" className="game.award.Award"  />
 <sample sid="12109" className="game.award.Award"  />
 <sample sid="12110" className="game.award.Award"  />
 <sample sid="12111" className="game.award.Award"  />
 <sample sid="12112" className="game.award.Award"  />
 <sample sid="12113" className="game.award.Award"  />
 <sample sid="12114" className="game.award.Award"  />
 <sample sid="12115" className="game.award.Award"  />
 <sample sid="12116" className="game.award.Award"  />
 <sample sid="12117" className="game.award.Award"  />
 <sample sid="12118" className="game.award.Award"  />
 <sample sid="12119" className="game.award.Award"  />
 <sample sid="12120" className="game.award.Award"  />
 <sample sid="12121" className="game.award.Award"  />
 <sample sid="12122" className="game.award.Award"  />
 <sample sid="12123" className="game.award.Award"  />
 <sample sid="12124" className="game.award.Award"  />
 <sample sid="12125" className="game.award.Award"  />
 <sample sid="12126" className="game.award.Award"  />
 <sample sid="12127" className="game.award.Award"  />
 <sample sid="12128" className="game.award.Award"  />
 <sample sid="12129" className="game.award.Award"  />
 <sample sid="12130" className="game.award.Award"  />
 <sample sid="12131" className="game.award.Award"  />
 <sample sid="12132" className="game.award.Award"  />
 <sample sid="12133" className="game.award.Award"  />
 <sample sid="12134" className="game.award.Award"  />
 <sample sid="12135" className="game.award.Award"  />
 <sample sid="12136" className="game.award.Award"  />
 <sample sid="12137" className="game.award.Award"  />
 <sample sid="12138" className="game.award.Award"  />
 <sample sid="12139" className="game.award.Award"  />
 <sample sid="12140" className="game.award.Award"  />
 <sample sid="12141" className="game.award.Award"  />
 <sample sid="12142" className="game.award.Award"  />
 <sample sid="12143" className="game.award.Award"  />
 <sample sid="12144" className="game.award.Award"  />
 <sample sid="12145" className="game.award.Award"  />
 <sample sid="12146" className="game.award.Award"  />
 <sample sid="12147" className="game.award.Award"  />
 <sample sid="12148" className="game.award.Award"  />
 <sample sid="12149" className="game.award.Award"  />
 <sample sid="12150" className="game.award.Award"  />
 <sample sid="12151" className="game.award.Award"  />
 <sample sid="12152" className="game.award.Award"  />
 <sample sid="12153" className="game.award.Award"  />
 <sample sid="12154" className="game.award.Award"  />
 <sample sid="12155" className="game.award.Award"  />
 <sample sid="12156" className="game.award.Award"  />
 <sample sid="12157" className="game.award.Award"  />
 <sample sid="12158" className="game.award.Award"  />
 <sample sid="12159" className="game.award.Award"  />
 <sample sid="12160" className="game.award.Award"  />
 <sample sid="12161" className="game.award.Award"  />
 <sample sid="12162" className="game.award.Award" ginger="1" />
 <sample sid="12163" className="game.award.Award" ginger="1" />
 <sample sid="12164" className="game.award.Award" ginger="1" />
 <sample sid="12165" className="game.award.Award"  />
 <sample sid="12166" className="game.award.Award"  />
 <sample sid="12167" className="game.award.Award"  />
 <sample sid="12168" className="game.award.Award"  />
 <sample sid="12169" className="game.award.Award"  />
 <sample sid="12170" className="game.award.Award"  />
 <sample sid="12171" className="game.award.Award"  />
 <sample sid="12172" className="game.award.Award"  />
 <sample sid="12173" className="game.award.Award"  />
 <sample sid="12174" className="game.award.Award"  />
 <sample sid="12175" className="game.award.Award"  />
 <sample sid="12176" className="game.award.Award"  />
 <sample sid="12177" className="game.award.Award"  />
 <sample sid="12178" className="game.award.Award"  />
 <sample sid="12179" className="game.award.Award"  />
 <sample sid="12180" className="game.award.Award"  />
 <sample sid="12181" className="game.award.Award"  />
 <sample sid="12182" className="game.award.Award"  />
 <sample sid="12183" className="game.award.Award"  />
 <sample sid="8000" className="game.award.Award" ginger="2" />
 <sample sid="8001" className="game.award.Award" food="20000" />
 <sample sid="8002" className="game.award.Award" food="40000" />
 <sample sid="8003" className="game.award.Award" food="80000" />
 <sample sid="8004" className="game.award.Award" iron="5000" />
 <sample sid="8005" className="game.award.Award" iron="10000" />
 <sample sid="8006" className="game.award.Award" iron="20000" />
 <sample sid="8007" className="game.award.Award" money="20000" />
 <sample sid="8008" className="game.award.Award" money="40000" />
 <sample sid="8009" className="game.award.Award" money="80000" />
 <sample sid="8010" className="game.award.Award" recruit="100" />
 <sample sid="8011" className="game.award.Award" recruit="200" />
 <sample sid="8012" className="game.award.Award" propSids="5000:10" />
 <sample sid="8013" className="game.award.Award" propSids="5001:5" />
 <sample sid="8014" className="game.award.Award" propSids="5002:2" />
 <sample sid="8015" className="game.award.Award" propSids="3001:15" />
 <sample sid="8016" className="game.award.Award" propSids="3003:10" />
 <sample sid="8017" className="game.award.Award" propSids="3005:5" />
 <sample sid="8018" className="game.award.Award" propSids="27:10" />
 <sample sid="8019" className="game.award.Award" propSids="27:20" />
 <sample sid="9000" className="game.award.Award" fightScore="5000" prestige="5000" propSids="3001:200" />
 <sample sid="9001" className="game.award.Award" fightScore="3500" prestige="3500" propSids="3001:160" />
 <sample sid="9002" className="game.award.Award" fightScore="2500" prestige="2500" propSids="3001:120" />
 <sample sid="9003" className="game.award.Award" fightScore="1500" prestige="1500" propSids="3001:100" />
 <sample sid="9004" className="game.award.Award" fightScore="1000" prestige="1000" propSids="3001:80" />
 <sample sid="9005" className="game.award.Award" fightScore="800" prestige="800" propSids="3001:60" />
 <sample sid="9006" className="game.award.Award" fightScore="600" prestige="600" propSids="3001:50" />
 <sample sid="9007" className="game.award.Award" fightScore="400" prestige="400" propSids="3001:40" />
 <sample sid="9008" className="game.award.Award" fightScore="200" prestige="200" propSids="3001:30" />
 <sample sid="9009" className="game.award.Award" fightScore="1000" prestige="1000" />
 <sample sid="9010" className="game.award.Award" propSids="503:30,3108:30" />
 <sample sid="9011" className="game.award.Award" propSids="503:20,3108:20" />
 <sample sid="9012" className="game.award.Award" propSids="503:10,3108:10" />
 <sample sid="9013" className="game.award.Award" propSids="503:5,3108:5" />
 <sample sid="9014" className="game.award.Award" fightScore="5000" propSids="503:5,3108:2,3100:10" />
 <sample sid="9015" className="game.award.Award" prestige="50" />
 <sample sid="9016" className="game.award.Award" prestige="50" />
 <sample sid="9017" className="game.award.Award" fightScore="2000" />
 <sample sid="9018" className="game.award.Award" fightScore="5000" propSids="5002:20,8022:1" />
 <sample sid="9019" className="game.award.Award" fightScore="5000" />
 <sample sid="9020" className="game.award.Award" propSids="7003:1,7004:1,7005:1" />
 <sample sid="9021" className="game.award.Award" propSids="34:8" />
 <sample sid="9022" className="game.award.Award" propSids="3108:100" />
 <sample sid="9023" className="game.award.Award" propSids="8022:10" />
 <sample sid="9024" className="game.award.Award" propSids="26:5,27:5" />
 <sample sid="9025" className="game.award.Award" propSids="8004:2,8014:1" />
 <sample sid="9026" className="game.award.Award" propSids="3108:1,503:3" />
 <sample sid="9027" className="game.award.Award" propSids="7003:5,7004:5,7005:5" />
 <sample sid="9028" className="game.award.Award" food="5000" wood="5000" />
 <sample sid="9029" className="game.award.Award" food="10000" wood="10000" />
 <sample sid="9030" className="game.award.Award" food="15000" wood="20000" />
 <sample sid="9031" className="game.award.Award" food="20000" wood="40000" />
 <sample sid="9032" className="game.award.Award" food="40000" wood="80000" />
 <sample sid="9033" className="game.award.Award" prestige="5000" propSids="5002:10,3103:2" />
 <sample sid="9034" className="game.award.Award" prestige="3500" propSids="5002:7,3102:4" />
 <sample sid="9035" className="game.award.Award" prestige="2500" propSids="5002:5,3102:3" />
 <sample sid="9036" className="game.award.Award" prestige="1500" propSids="5002:3,3102:2" />
 <sample sid="9037" className="game.award.Award" prestige="1000" propSids="5001:20,3101:4" />
 <sample sid="9038" className="game.award.Award" prestige="800" propSids="5001:15,3101:3" />
 <sample sid="9039" className="game.award.Award" prestige="600" propSids="5001:10,3101:2" />
 <sample sid="9040" className="game.award.Award" prestige="400" propSids="5000:20,3100:4" />
 <sample sid="9041" className="game.award.Award" prestige="200" propSids="5000:10,3100:3" />
 <sample sid="9042" className="game.award.Award" propSids="5002:10,503:5" />
 <sample sid="9043" className="game.award.Award" iron="10000" ginger="20" gold="100" propSids="8034:10" />
 <sample sid="9044" className="game.award.Award" ginger="10" propSids="3123:1,3005:10,3001:30" />
 <sample sid="9045" className="game.award.Award" prestige="2000" propSids="5002:10,5001:30,5000:50" />
 <sample sid="9046" className="game.award.Award" ginger="10" gold="100" propSids="8034:20,7009:5" />
 <sample sid="9047" className="game.award.Award" propSids="8003:10,8008:10,8013:10,8018:10" />
 <sample sid="9048" className="game.award.Award" propSids="3100:30,2110:1,2074:1" />
 <sample sid="9049" className="game.award.Award" prestige="3000" gold="100" propSids="3125:1,5002:20" />
 <sample sid="9050" className="game.award.Award" propSids="35:8,8033:5" />
 <sample sid="9051" className="game.award.Award" propSids="35:4,8033:3" />
 <sample sid="9052" className="game.award.Award" propSids="35:2,8033:2" />
 <sample sid="9053" className="game.award.Award" ginger="5" propSids="1027:1" />
 <sample sid="9054" className="game.award.Award" ginger="10" propSids="3001:20" />
 <sample sid="9055" className="game.award.Award" ginger="15" propSids="5001:20" />
 <sample sid="9056" className="game.award.Award" ginger="20" propSids="3005:10,2004:1" />
 <sample sid="9057" className="game.award.Award" propSids="2137:1,3105:3" />
 <sample sid="9058" className="game.award.Award" propSids="2136:2,3105:3" />
 <sample sid="9059" className="game.award.Award" propSids="2136:1,3105:3" />
 <sample sid="9060" className="game.award.Award" propSids="3104:1,8014:2" />
 <sample sid="9061" className="game.award.Award" propSids="3104:2,8014:3" />
 <sample sid="9062" className="game.award.Award" propSids="3105:1,8014:4" />
 <sample sid="9063" className="game.award.Award" propSids="3105:2,8014:5" />
 <sample sid="9064" className="game.award.Award" prestige="50000" propSids="9005:1" />
 <sample sid="9065" className="game.award.Award" prestige="46000" propSids="9004:1" />
 <sample sid="9066" className="game.award.Award" prestige="40000" propSids="9004:1" />
 <sample sid="9067" className="game.award.Award" prestige="10000" propSids="7009:2" />
 <sample sid="9068" className="game.award.Award" prestige="20000" propSids="7009:2" />
 <sample sid="9069" className="game.award.Award" prestige="30000" propSids="7009:2" />
 <sample sid="9070" className="game.award.Award" prestige="40000" propSids="7009:2" />
 <sample sid="9071" className="game.award.Award" fightScore="20000" propSids="8014:2" />
 <sample sid="9072" className="game.award.Award" fightScore="30000" propSids="3003:20" />
 <sample sid="9073" className="game.award.Award" fightScore="40000" propSids="3003:40" />
 <sample sid="9074" className="game.award.Award" fightScore="50000" propSids="5001:50" />
 <sample sid="9075" className="game.award.Award" fightScore="60000" propSids="3126:1" />
 <sample sid="9076" className="game.award.Award" fightScore="70000" propSids="5001:100" />
 <sample sid="9077" className="game.award.Award" fightScore="80000" propSids="3105:1" />
 <sample sid="9078" className="game.award.Award" fightScore="90000" propSids="3105:2" />
 <sample sid="9079" className="game.award.Award" propSids="3001:50" />
 <sample sid="9080" className="game.award.Award" propSids="5000:100" />
 <sample sid="9081" className="game.award.Award" ginger="20" />
 <sample sid="9082" className="game.award.Award" propSids="8014:2" />
 <sample sid="9083" className="game.award.Award" propSids="3001:50" />
 <sample sid="9084" className="game.award.Award" propSids="5000:100" />
 <sample sid="9085" className="game.award.Award" propSids="8034:50" />
 <sample sid="9086" className="game.award.Award" propSids="3005:20" />
 <sample sid="9087" className="game.award.Award" propSids="3001:100" />
 <sample sid="9088" className="game.award.Award" propSids="33:8" />
 <sample sid="9089" className="game.award.Award" propSids="8034:100" />
 <sample sid="9090" className="game.award.Award" ginger="40" />
 <sample sid="9091" className="game.award.Award" propSids="3001:200" />
 <sample sid="9092" className="game.award.Award" propSids="5001:50" />
 <sample sid="9093" className="game.award.Award" propSids="2004:1" />
 <sample sid="9094" className="game.award.Award" propSids="2040:1" />
 <sample sid="9095" className="game.award.Award" propSids="3003:50" />
 <sample sid="9096" className="game.award.Award" ginger="60" />
 <sample sid="9097" className="game.award.Award" propSids="2076:1" />
 <sample sid="9098" className="game.award.Award" propSids="8032:5" />
 <sample sid="9099" className="game.award.Award" propSids="3003:100" />
 <sample sid="9100" className="game.award.Award" propSids="2136:1" />
 <sample sid="9101" className="game.award.Award" propSids="8014:5" />
 <sample sid="9102" className="game.award.Award" propSids="5001:100" />
 <sample sid="9103" className="game.award.Award" propSids="3003:150" />
 <sample sid="9104" className="game.award.Award" propSids="8035:15" />
 <sample sid="9105" className="game.award.Award" propSids="8032:10" />
 <sample sid="9106" className="game.award.Award" propSids="3106:1" />
 <sample sid="9107" className="game.award.Award" propSids="2007:1" />
 <sample sid="9108" className="game.award.Award" propSids="2079:1" />
 <sample sid="9109" className="game.award.Award" propSids="37:4" />
 <sample sid="9110" className="game.award.Award" propSids="8036:5" />
 <sample sid="9111" className="game.award.Award" propSids="2067:1" />
 <sample sid="9112" className="game.award.Award" propSids="2139:1" />
 <sample sid="9113" className="game.award.Award" propSids="37:4" />
 <sample sid="9114" className="game.award.Award" propSids="5002:100" />
 <sample sid="9115" className="game.award.Award" propSids="2141:1" />
 <sample sid="9116" className="game.award.Award" propSids="2081:1" />
 <sample sid="9117" className="game.award.Award" propSids="8032:20" />
 <sample sid="9118" className="game.award.Award" propSids="8035:25" />
 <sample sid="9119" className="game.award.Award" propSids="3001:30" />
 <sample sid="9120" className="game.award.Award" propSids="5000:50" />
 <sample sid="9121" className="game.award.Award" ginger="10" />
 <sample sid="9122" className="game.award.Award" propSids="8014:2" />
 <sample sid="9123" className="game.award.Award" propSids="3001:50" />
 <sample sid="9124" className="game.award.Award" propSids="5000:100" />
 <sample sid="9125" className="game.award.Award" propSids="8034:20" />
 <sample sid="9126" className="game.award.Award" propSids="3005:20" />
 <sample sid="9127" className="game.award.Award" propSids="3001:50" />
 <sample sid="9128" className="game.award.Award" propSids="8034:50" />
 <sample sid="9129" className="game.award.Award" propSids="8014:2" />
 <sample sid="9130" className="game.award.Award" ginger="20" />
 <sample sid="9131" className="game.award.Award" propSids="3001:100" />
 <sample sid="9132" className="game.award.Award" propSids="5001:30" />
 <sample sid="9133" className="game.award.Award" propSids="2004:1" />
 <sample sid="9134" className="game.award.Award" propSids="8014:2" />
 <sample sid="9135" className="game.award.Award" propSids="3003:30" />
 <sample sid="9136" className="game.award.Award" ginger="30" />
 <sample sid="9137" className="game.award.Award" propSids="2040:1" />
 <sample sid="9138" className="game.award.Award" propSids="8032:2" />
 <sample sid="9139" className="game.award.Award" propSids="3003:50" />
 <sample sid="9140" className="game.award.Award" propSids="8014:3" />
 <sample sid="9141" className="game.award.Award" propSids="5001:50" />
 <sample sid="9142" className="game.award.Award" propSids="2076:1" />
 <sample sid="9143" className="game.award.Award" propSids="3003:100" />
 <sample sid="9144" className="game.award.Award" propSids="8034:50" />
 <sample sid="9145" className="game.award.Award" propSids="8032:5" />
 <sample sid="9146" className="game.award.Award" propSids="3104:1" />
 <sample sid="9147" className="game.award.Award" propSids="3106:1" />
 <sample sid="9148" className="game.award.Award" propSids="3106:1" />
 <sample sid="9149" className="game.award.Award" propSids="3106:1" />
 <sample sid="9150" className="game.award.Award" propSids="8036:3" />
 <sample sid="9151" className="game.award.Award" propSids="2114:1" />
 <sample sid="9152" className="game.award.Award" propSids="2090:1" />
 <sample sid="9153" className="game.award.Award" propSids="8032:10" />
 <sample sid="9154" className="game.award.Award" propSids="8035:10" />
 </objects>