﻿<?xml version="1.0" encoding="UTF-8"?>
<objects>
   <!--
   derc=描述
   shuxing=属性
   juewei=对应官职SID
   guanzhi=可册封官职
   fenglu=俸禄
   needgongxun=爵位需求功勋 gxderc=爵位需求描述
   type=类型 0 普通类型 1排名需求
   -->
<sample className="game.window.country.banneretbanneretteView.data.BanneretData" sid="0" name="白身一" juewei="0" derc="平民" gxderc="0" type="0" needgongxun="0" color="0" guanzhi="[0]" />
 <sample className="game.window.country.banneretbanneretteView.data.BanneretData" sid="1" name="白身二" juewei="0" derc="护军" gxderc="50" type="0" needgongxun="50" color="1" guanzhi="[1]" />
 <sample className="game.window.country.banneretbanneretteView.data.BanneretData" sid="2" name="白身三" juewei="0" derc="护军" gxderc="150" type="0" needgongxun="150" color="1" guanzhi="[1]" />
 <sample className="game.window.country.banneretbanneretteView.data.BanneretData" sid="3" name="白身四" juewei="0" derc="护军" gxderc="450" type="0" needgongxun="450" color="1" guanzhi="[1]" />
 <sample className="game.window.country.banneretbanneretteView.data.BanneretData" sid="4" name="白身五" juewei="0" derc="护军" gxderc="950" type="0" needgongxun="950" color="1" guanzhi="[1]" />
 <sample className="game.window.country.banneretbanneretteView.data.BanneretData" sid="5" name="白身六" juewei="0" derc="主薄" gxderc="1650" type="0" needgongxun="1650" color="1" guanzhi="[1,2]" />
 <sample className="game.window.country.banneretbanneretteView.data.BanneretData" sid="6" name="白身七" juewei="0" derc="主薄" gxderc="2650" type="0" needgongxun="2650" color="1" guanzhi="[1,2]" />
 <sample className="game.window.country.banneretbanneretteView.data.BanneretData" sid="7" name="白身八" juewei="0" derc="主薄" gxderc="4650" type="0" needgongxun="4650" color="1" guanzhi="[1,2]" />
 <sample className="game.window.country.banneretbanneretteView.data.BanneretData" sid="8" name="白身九" juewei="0" derc="主薄" gxderc="6650" type="0" needgongxun="6650" color="1" guanzhi="[1,2]" />
 <sample className="game.window.country.banneretbanneretteView.data.BanneretData" sid="9" name="白身十" juewei="0" derc="主薄" gxderc="8650" type="0" needgongxun="8650" color="1" guanzhi="[1,2]" />
 <sample className="game.window.country.banneretbanneretteView.data.BanneretData" sid="10" name="公士一" juewei="101" derc="偏将军" gxderc="9650" type="0" needgongxun="9650" color="1" guanzhi="[1,2,3]" />
 <sample className="game.window.country.banneretbanneretteView.data.BanneretData" sid="11" name="公士二" juewei="101" derc="偏将军" gxderc="10650" type="0" needgongxun="10650" color="1" guanzhi="[1,2,3]" />
 <sample className="game.window.country.banneretbanneretteView.data.BanneretData" sid="12" name="公士三" juewei="101" derc="偏将军" gxderc="11650" type="0" needgongxun="11650" color="1" guanzhi="[1,2,3]" />
 <sample className="game.window.country.banneretbanneretteView.data.BanneretData" sid="13" name="公士四" juewei="101" derc="偏将军" gxderc="18650" type="0" needgongxun="18650" color="1" guanzhi="[1,2,3]" />
 <sample className="game.window.country.banneretbanneretteView.data.BanneretData" sid="14" name="公士五" juewei="101" derc="偏将军" gxderc="32650" type="0" needgongxun="32650" color="1" guanzhi="[1,2,3]" />
 <sample className="game.window.country.banneretbanneretteView.data.BanneretData" sid="15" name="公士六" juewei="101" derc="别驾" gxderc="48650" type="0" needgongxun="48650" color="1" addDayBoxNum="1" guanzhi="[1,2,3,4]" />
 <sample className="game.window.country.banneretbanneretteView.data.BanneretData" sid="16" name="公士七" juewei="101" derc="别驾" gxderc="66650" type="0" needgongxun="66650" color="1" guanzhi="[1,2,3,4]" />
 <sample className="game.window.country.banneretbanneretteView.data.BanneretData" sid="17" name="公士八" juewei="101" derc="别驾" gxderc="86650" type="0" needgongxun="86650" color="1" guanzhi="[1,2,3,4]" />
 <sample className="game.window.country.banneretbanneretteView.data.BanneretData" sid="18" name="公士九" juewei="101" derc="别驾" gxderc="108650" type="0" needgongxun="108650" color="1" guanzhi="[1,2,3,4]" />
 <sample className="game.window.country.banneretbanneretteView.data.BanneretData" sid="19" name="公士十" juewei="101" derc="别驾" gxderc="132650" type="0" needgongxun="132650" color="1" addDayBoxNum="1" guanzhi="[1,2,3,4]" />
 <sample className="game.window.country.banneretbanneretteView.data.BanneretData" sid="20" name="大夫一" juewei="102" derc="威东将军" gxderc="158650" type="0" needgongxun="158650" color="1" guanzhi="[1,2,3,4,5]" />
 <sample className="game.window.country.banneretbanneretteView.data.BanneretData" sid="21" name="大夫二" juewei="102" derc="威东将军" gxderc="188650" type="0" needgongxun="188650" color="1" guanzhi="[1,2,3,4,5]" />
 <sample className="game.window.country.banneretbanneretteView.data.BanneretData" sid="22" name="大夫三" juewei="102" derc="威东将军" gxderc="222650" type="0" needgongxun="222650" color="1" guanzhi="[1,2,3,4,5]" />
 <sample className="game.window.country.banneretbanneretteView.data.BanneretData" sid="23" name="大夫四" juewei="102" derc="威东将军" gxderc="260650" type="0" needgongxun="260650" color="1" guanzhi="[1,2,3,4,5]" />
 <sample className="game.window.country.banneretbanneretteView.data.BanneretData" sid="24" name="大夫五" juewei="102" derc="威东将军" gxderc="302650" type="0" needgongxun="302650" color="1" addDayBoxNum="1" guanzhi="[1,2,3,4,5]" />
 <sample className="game.window.country.banneretbanneretteView.data.BanneretData" sid="25" name="大夫六" juewei="102" derc="威南将军" gxderc="348650" type="0" needgongxun="348650" color="1" guanzhi="[1,2,3,4,5,6]" />
 <sample className="game.window.country.banneretbanneretteView.data.BanneretData" sid="26" name="大夫七" juewei="102" derc="威南将军" gxderc="398650" type="0" needgongxun="398650" color="1" guanzhi="[1,2,3,4,5,6]" />
 <sample className="game.window.country.banneretbanneretteView.data.BanneretData" sid="27" name="大夫八" juewei="102" derc="威南将军" gxderc="453650" type="0" needgongxun="453650" color="1" guanzhi="[1,2,3,4,5,6]" />
 <sample className="game.window.country.banneretbanneretteView.data.BanneretData" sid="28" name="大夫九" juewei="102" derc="威南将军" gxderc="513650" type="0" needgongxun="513650" color="1" guanzhi="[1,2,3,4,5,6]" />
 <sample className="game.window.country.banneretbanneretteView.data.BanneretData" sid="29" name="大夫十" juewei="102" derc="威南将军" gxderc="578650" type="0" needgongxun="578650" color="1" guanzhi="[1,2,3,4,5,6]" />
 <sample className="game.window.country.banneretbanneretteView.data.BanneretData" sid="30" name="上造一" juewei="103" derc="威北将军" gxderc="648650" type="0" needgongxun="648650" color="1" guanzhi="[1,2,3,4,5,6,7]" />
 <sample className="game.window.country.banneretbanneretteView.data.BanneretData" sid="31" name="上造二" juewei="103" derc="威北将军" gxderc="723650" type="0" needgongxun="723650" color="1" addDayBoxNum="1" guanzhi="[1,2,3,4,5,6,7]" />
 <sample className="game.window.country.banneretbanneretteView.data.BanneretData" sid="32" name="上造三" juewei="103" derc="威北将军" gxderc="803650" type="0" needgongxun="803650" color="1" guanzhi="[1,2,3,4,5,6,7]" />
 <sample className="game.window.country.banneretbanneretteView.data.BanneretData" sid="33" name="上造四" juewei="103" derc="威北将军" gxderc="888650" type="0" needgongxun="888650" color="1" guanzhi="[1,2,3,4,5,6,7]" />
 <sample className="game.window.country.banneretbanneretteView.data.BanneretData" sid="34" name="上造五" juewei="103" derc="威北将军" gxderc="978650" type="0" needgongxun="978650" color="1" guanzhi="[1,2,3,4,5,6,7]" />
 <sample className="game.window.country.banneretbanneretteView.data.BanneretData" sid="35" name="上造六" juewei="103" derc="威西将军" gxderc="1073650" type="0" needgongxun="1073650" color="1" guanzhi="[1,2,3,4,5,6,7,8]" />
 <sample className="game.window.country.banneretbanneretteView.data.BanneretData" sid="36" name="上造七" juewei="103" derc="威西将军" gxderc="1173650" type="0" needgongxun="1173650" color="1" guanzhi="[1,2,3,4,5,6,7,8]" />
 <sample className="game.window.country.banneretbanneretteView.data.BanneretData" sid="37" name="上造八" juewei="103" derc="威西将军" gxderc="1283650" type="0" needgongxun="1283650" color="1" guanzhi="[1,2,3,4,5,6,7,8]" />
 <sample className="game.window.country.banneretbanneretteView.data.BanneretData" sid="38" name="上造九" juewei="103" derc="威西将军" gxderc="1403650" type="0" needgongxun="1403650" color="1" guanzhi="[1,2,3,4,5,6,7,8]" />
 <sample className="game.window.country.banneretbanneretteView.data.BanneretData" sid="39" name="上造十" juewei="103" derc="威西将军" gxderc="1533650" type="0" needgongxun="1533650" color="1" guanzhi="[1,2,3,4,5,6,7,8]" />
 <sample className="game.window.country.banneretbanneretteView.data.BanneretData" sid="40" name="官大夫一" juewei="104" derc="御史中丞" gxderc="1673650" type="0" needgongxun="1673650" color="1" guanzhi="[1,2,3,4,5,6,7,8,9]" />
 <sample className="game.window.country.banneretbanneretteView.data.BanneretData" sid="41" name="官大夫二" juewei="104" derc="御史中丞" gxderc="1823650" type="0" needgongxun="1823650" color="1" guanzhi="[1,2,3,4,5,6,7,8,9]" />
 <sample className="game.window.country.banneretbanneretteView.data.BanneretData" sid="42" name="官大夫三" juewei="104" derc="御史中丞" gxderc="1983650" type="0" needgongxun="1983650" color="1" guanzhi="[1,2,3,4,5,6,7,8,9]" />
 <sample className="game.window.country.banneretbanneretteView.data.BanneretData" sid="43" name="官大夫四" juewei="104" derc="御史中丞" gxderc="2153650" type="0" needgongxun="2153650" color="1" guanzhi="[1,2,3,4,5,6,7,8,9]" />
 <sample className="game.window.country.banneretbanneretteView.data.BanneretData" sid="44" name="官大夫五" juewei="104" derc="御史中丞" gxderc="2333650" type="0" needgongxun="2333650" color="1" guanzhi="[1,2,3,4,5,6,7,8,9]" />
 <sample className="game.window.country.banneretbanneretteView.data.BanneretData" sid="45" name="官大夫六" juewei="104" derc="太学博士" gxderc="2523650" type="0" needgongxun="2523650" color="1" guanzhi="[1,2,3,4,5,6,7,8,9,10]" />
 <sample className="game.window.country.banneretbanneretteView.data.BanneretData" sid="46" name="官大夫七" juewei="104" derc="太学博士" gxderc="2723650" type="0" needgongxun="2723650" color="1" guanzhi="[1,2,3,4,5,6,7,8,9,10]" />
 <sample className="game.window.country.banneretbanneretteView.data.BanneretData" sid="47" name="官大夫八" juewei="104" derc="太学博士" gxderc="2973650" type="0" needgongxun="2973650" color="1" guanzhi="[1,2,3,4,5,6,7,8,9,10]" />
 <sample className="game.window.country.banneretbanneretteView.data.BanneretData" sid="48" name="官大夫九" juewei="104" derc="太学博士" gxderc="3273650" type="0" needgongxun="3273650" color="1" guanzhi="[1,2,3,4,5,6,7,8,9,10]" />
 <sample className="game.window.country.banneretbanneretteView.data.BanneretData" sid="49" name="官大夫十" juewei="104" derc="太学博士" gxderc="3623650" type="0" needgongxun="3623650" color="1" guanzhi="[1,2,3,4,5,6,7,8,9,10]" />
 <sample className="game.window.country.banneretbanneretteView.data.BanneretData" sid="50" name="公大夫一" juewei="105" derc="行军祭酒" gxderc="4023650" type="0" needgongxun="4023650" color="1" guanzhi="[1,2,3,4,5,6,7,8,9,10,11]" />
 <sample className="game.window.country.banneretbanneretteView.data.BanneretData" sid="51" name="公大夫二" juewei="105" derc="行军祭酒" gxderc="4473650" type="0" needgongxun="4473650" color="1" guanzhi="[1,2,3,4,5,6,7,8,9,10,11]" />
 <sample className="game.window.country.banneretbanneretteView.data.BanneretData" sid="52" name="公大夫三" juewei="105" derc="行军祭酒" gxderc="4973650" type="0" needgongxun="4973650" color="1" guanzhi="[1,2,3,4,5,6,7,8,9,10,11]" />
 <sample className="game.window.country.banneretbanneretteView.data.BanneretData" sid="53" name="公大夫四" juewei="105" derc="行军祭酒" gxderc="5523650" type="0" needgongxun="5523650" color="1" guanzhi="[1,2,3,4,5,6,7,8,9,10,11]" />
 <sample className="game.window.country.banneretbanneretteView.data.BanneretData" sid="54" name="公大夫五" juewei="105" derc="行军祭酒" gxderc="6123650" type="0" needgongxun="6123650" color="1" guanzhi="[1,2,3,4,5,6,7,8,9,10,11]" />
 <sample className="game.window.country.banneretbanneretteView.data.BanneretData" sid="55" name="公大夫六" juewei="105" derc="黄门侍郎" gxderc="6773650" type="0" needgongxun="6773650" color="1" guanzhi="[1,2,3,4,5,6,7,8,9,10,11,12]" />
 <sample className="game.window.country.banneretbanneretteView.data.BanneretData" sid="56" name="公大夫七" juewei="105" derc="黄门侍郎" gxderc="7473650" type="0" needgongxun="7473650" color="1" guanzhi="[1,2,3,4,5,6,7,8,9,10,11,12]" />
 <sample className="game.window.country.banneretbanneretteView.data.BanneretData" sid="57" name="公大夫八" juewei="105" derc="黄门侍郎" gxderc="8223650" type="0" needgongxun="8223650" color="1" guanzhi="[1,2,3,4,5,6,7,8,9,10,11,12]" />
 <sample className="game.window.country.banneretbanneretteView.data.BanneretData" sid="58" name="公大夫九" juewei="105" derc="黄门侍郎" gxderc="9023650" type="0" needgongxun="9023650" color="1" guanzhi="[1,2,3,4,5,6,7,8,9,10,11,12]" />
 <sample className="game.window.country.banneretbanneretteView.data.BanneretData" sid="59" name="公大夫十" juewei="105" derc="黄门侍郎" gxderc="9873650" type="0" needgongxun="9873650" color="1" guanzhi="[1,2,3,4,5,6,7,8,9,10,11,12]" />
 <sample className="game.window.country.banneretbanneretteView.data.BanneretData" sid="60" name="左庶长一" juewei="106" derc="前将军" gxderc="10773650" type="0" needgongxun="10773650" color="2" guanzhi="[1,2,3,4,5,6,7,8,9,10,11,12,13]" />
 <sample className="game.window.country.banneretbanneretteView.data.BanneretData" sid="61" name="左庶长二" juewei="106" derc="前将军" gxderc="11773650" type="0" needgongxun="11773650" color="2" guanzhi="[1,2,3,4,5,6,7,8,9,10,11,12,13]" />
 <sample className="game.window.country.banneretbanneretteView.data.BanneretData" sid="62" name="左庶长三" juewei="106" derc="前将军" gxderc="12873650" type="0" needgongxun="12873650" color="2" guanzhi="[1,2,3,4,5,6,7,8,9,10,11,12,13]" />
 <sample className="game.window.country.banneretbanneretteView.data.BanneretData" sid="63" name="左庶长四" juewei="106" derc="前将军" gxderc="14073650" type="0" needgongxun="14073650" color="2" guanzhi="[1,2,3,4,5,6,7,8,9,10,11,12,13]" />
 <sample className="game.window.country.banneretbanneretteView.data.BanneretData" sid="64" name="左庶长五" juewei="106" derc="前将军" gxderc="15373650" type="0" needgongxun="15373650" color="2" guanzhi="[1,2,3,4,5,6,7,8,9,10,11,12,13]" />
 <sample className="game.window.country.banneretbanneretteView.data.BanneretData" sid="65" name="左庶长六" juewei="106" derc="后将军" gxderc="16773650" type="0" needgongxun="16773650" color="2" guanzhi="[1,2,3,4,5,6,7,8,9,10,11,12,13,14]" />
 <sample className="game.window.country.banneretbanneretteView.data.BanneretData" sid="66" name="左庶长七" juewei="106" derc="后将军" gxderc="18273650" type="0" needgongxun="18273650" color="2" guanzhi="[1,2,3,4,5,6,7,8,9,10,11,12,13,14]" />
 <sample className="game.window.country.banneretbanneretteView.data.BanneretData" sid="67" name="左庶长八" juewei="106" derc="后将军" gxderc="19873650" type="0" needgongxun="19873650" color="2" guanzhi="[1,2,3,4,5,6,7,8,9,10,11,12,13,14]" />
 <sample className="game.window.country.banneretbanneretteView.data.BanneretData" sid="68" name="左庶长九" juewei="106" derc="后将军" gxderc="21573650" type="0" needgongxun="21573650" color="2" guanzhi="[1,2,3,4,5,6,7,8,9,10,11,12,13,14]" />
 <sample className="game.window.country.banneretbanneretteView.data.BanneretData" sid="69" name="左庶长十" juewei="106" derc="后将军" gxderc="23373650" type="0" needgongxun="23373650" color="2" guanzhi="[1,2,3,4,5,6,7,8,9,10,11,12,13,14]" />
 <sample className="game.window.country.banneretbanneretteView.data.BanneretData" sid="70" name="右庶长一" juewei="107" derc="左将军" gxderc="25273650" type="0" needgongxun="25273650" color="2" guanzhi="[1,2,3,4,5,6,7,8,9,10,11,12,13,14,15]" />
 <sample className="game.window.country.banneretbanneretteView.data.BanneretData" sid="71" name="右庶长二" juewei="107" derc="左将军" gxderc="27373650" type="0" needgongxun="27373650" color="2" guanzhi="[1,2,3,4,5,6,7,8,9,10,11,12,13,14,15]" />
 <sample className="game.window.country.banneretbanneretteView.data.BanneretData" sid="72" name="右庶长三" juewei="107" derc="左将军" gxderc="29673650" type="0" needgongxun="29673650" color="2" guanzhi="[1,2,3,4,5,6,7,8,9,10,11,12,13,14,15]" />
 <sample className="game.window.country.banneretbanneretteView.data.BanneretData" sid="73" name="右庶长四" juewei="107" derc="左将军" gxderc="32173650" type="0" needgongxun="32173650" color="2" guanzhi="[1,2,3,4,5,6,7,8,9,10,11,12,13,14,15]" />
 <sample className="game.window.country.banneretbanneretteView.data.BanneretData" sid="74" name="右庶长五" juewei="107" derc="左将军" gxderc="34873650" type="0" needgongxun="34873650" color="2" guanzhi="[1,2,3,4,5,6,7,8,9,10,11,12,13,14,15]" />
 <sample className="game.window.country.banneretbanneretteView.data.BanneretData" sid="75" name="右庶长六" juewei="107" derc="右将军" gxderc="37773650" type="0" needgongxun="37773650" color="2" guanzhi="[1,2,3,4,5,6,7,8,9,10,11,12,13,14,15,16]" />
 <sample className="game.window.country.banneretbanneretteView.data.BanneretData" sid="76" name="右庶长七" juewei="107" derc="右将军" gxderc="40873650" type="0" needgongxun="40873650" color="2" guanzhi="[1,2,3,4,5,6,7,8,9,10,11,12,13,14,15,16]" />
 <sample className="game.window.country.banneretbanneretteView.data.BanneretData" sid="77" name="右庶长八" juewei="107" derc="右将军" gxderc="44173650" type="0" needgongxun="44173650" color="2" guanzhi="[1,2,3,4,5,6,7,8,9,10,11,12,13,14,15,16]" />
 <sample className="game.window.country.banneretbanneretteView.data.BanneretData" sid="78" name="右庶长九" juewei="107" derc="右将军" gxderc="47673650" type="0" needgongxun="47673650" color="2" guanzhi="[1,2,3,4,5,6,7,8,9,10,11,12,13,14,15,16]" />
 <sample className="game.window.country.banneretbanneretteView.data.BanneretData" sid="79" name="右庶长十" juewei="107" derc="右将军" gxderc="51373650" type="0" needgongxun="51373650" color="2" guanzhi="[1,2,3,4,5,6,7,8,9,10,11,12,13,14,15,16]" />
 <sample className="game.window.country.banneretbanneretteView.data.BanneretData" sid="80" name="五大夫一" juewei="108" derc="秘书监" gxderc="55273650" type="0" needgongxun="55273650" color="2" guanzhi="[1,2,3,4,5,6,7,8,9,10,11,12,13,14,15,16,17]" />
 <sample className="game.window.country.banneretbanneretteView.data.BanneretData" sid="81" name="五大夫二" juewei="108" derc="秘书监" gxderc="59473650" type="0" needgongxun="59473650" color="2" guanzhi="[1,2,3,4,5,6,7,8,9,10,11,12,13,14,15,16,17]" />
 <sample className="game.window.country.banneretbanneretteView.data.BanneretData" sid="82" name="五大夫三" juewei="108" derc="秘书监" gxderc="63973650" type="0" needgongxun="63973650" color="2" guanzhi="[1,2,3,4,5,6,7,8,9,10,11,12,13,14,15,16,17]" />
 <sample className="game.window.country.banneretbanneretteView.data.BanneretData" sid="83" name="五大夫四" juewei="108" derc="秘书监" gxderc="68773650" type="0" needgongxun="68773650" color="2" guanzhi="[1,2,3,4,5,6,7,8,9,10,11,12,13,14,15,16,17]" />
 <sample className="game.window.country.banneretbanneretteView.data.BanneretData" sid="84" name="五大夫五" juewei="108" derc="秘书监" gxderc="73873650" type="0" needgongxun="73873650" color="2" guanzhi="[1,2,3,4,5,6,7,8,9,10,11,12,13,14,15,16,17]" />
 <sample className="game.window.country.banneretbanneretteView.data.BanneretData" sid="85" name="五大夫六" juewei="108" derc="侍中" gxderc="79273650" type="0" needgongxun="79273650" color="2" guanzhi="[1,2,3,4,5,6,7,8,9,10,11,12,13,14,15,16,17,18]" />
 <sample className="game.window.country.banneretbanneretteView.data.BanneretData" sid="86" name="五大夫七" juewei="108" derc="侍中" gxderc="84973650" type="0" needgongxun="84973650" color="2" guanzhi="[1,2,3,4,5,6,7,8,9,10,11,12,13,14,15,16,17,18]" />
 <sample className="game.window.country.banneretbanneretteView.data.BanneretData" sid="87" name="五大夫八" juewei="108" derc="侍中" gxderc="90973650" type="0" needgongxun="90973650" color="2" guanzhi="[1,2,3,4,5,6,7,8,9,10,11,12,13,14,15,16,17,18]" />
 <sample className="game.window.country.banneretbanneretteView.data.BanneretData" sid="88" name="五大夫九" juewei="108" derc="侍中" gxderc="97273650" type="0" needgongxun="97273650" color="2" guanzhi="[1,2,3,4,5,6,7,8,9,10,11,12,13,14,15,16,17,18]" />
 <sample className="game.window.country.banneretbanneretteView.data.BanneretData" sid="89" name="五大夫十" juewei="108" derc="侍中" gxderc="103873650" type="0" needgongxun="103873650" color="2" guanzhi="[1,2,3,4,5,6,7,8,9,10,11,12,13,14,15,16,17,18]" />
 <sample className="game.window.country.banneretbanneretteView.data.BanneretData" sid="90" name="少上造一" juewei="109" derc="中常侍" gxderc="110773650" type="0" needgongxun="110773650" color="2" guanzhi="[1,2,3,4,5,6,7,8,9,10,11,12,13,14,15,16,17,18,19]" />
 <sample className="game.window.country.banneretbanneretteView.data.BanneretData" sid="91" name="少上造二" juewei="109" derc="中常侍" gxderc="117973650" type="0" needgongxun="117973650" color="2" guanzhi="[1,2,3,4,5,6,7,8,9,10,11,12,13,14,15,16,17,18,19]" />
 <sample className="game.window.country.banneretbanneretteView.data.BanneretData" sid="92" name="少上造三" juewei="109" derc="中常侍" gxderc="125473650" type="0" needgongxun="125473650" color="2" guanzhi="[1,2,3,4,5,6,7,8,9,10,11,12,13,14,15,16,17,18,19]" />
 <sample className="game.window.country.banneretbanneretteView.data.BanneretData" sid="93" name="少上造四" juewei="109" derc="中常侍" gxderc="133273650" type="0" needgongxun="133273650" color="2" guanzhi="[1,2,3,4,5,6,7,8,9,10,11,12,13,14,15,16,17,18,19]" />
 <sample className="game.window.country.banneretbanneretteView.data.BanneretData" sid="94" name="少上造五" juewei="109" derc="中常侍" gxderc="141373650" type="0" needgongxun="141373650" color="2" guanzhi="[1,2,3,4,5,6,7,8,9,10,11,12,13,14,15,16,17,18,19]" />
 <sample className="game.window.country.banneretbanneretteView.data.BanneretData" sid="95" name="少上造六" juewei="109" derc="太子太傅" gxderc="149773650" type="0" needgongxun="149773650" color="2" guanzhi="[1,2,3,4,5,6,7,8,9,10,11,12,13,14,15,16,17,18,19,20]" />
 <sample className="game.window.country.banneretbanneretteView.data.BanneretData" sid="96" name="少上造七" juewei="109" derc="太子太傅" gxderc="158473650" type="0" needgongxun="158473650" color="2" guanzhi="[1,2,3,4,5,6,7,8,9,10,11,12,13,14,15,16,17,18,19,20]" />
 <sample className="game.window.country.banneretbanneretteView.data.BanneretData" sid="97" name="少上造八" juewei="109" derc="太子太傅" gxderc="167473650" type="0" needgongxun="167473650" color="2" guanzhi="[1,2,3,4,5,6,7,8,9,10,11,12,13,14,15,16,17,18,19,20]" />
 <sample className="game.window.country.banneretbanneretteView.data.BanneretData" sid="98" name="少上造九" juewei="109" derc="太子太傅" gxderc="176773650" type="0" needgongxun="176773650" color="2" guanzhi="[1,2,3,4,5,6,7,8,9,10,11,12,13,14,15,16,17,18,19,20]" />
 <sample className="game.window.country.banneretbanneretteView.data.BanneretData" sid="99" name="少上造十" juewei="109" derc="太子太傅" gxderc="186373650" type="0" needgongxun="186373650" color="2" guanzhi="[1,2,3,4,5,6,7,8,9,10,11,12,13,14,15,16,17,18,19,20]" />
 <sample className="game.window.country.banneretbanneretteView.data.BanneretData" sid="100" name="大上造一" juewei="110" derc="镇南将军" gxderc="196273650" type="0" needgongxun="196273650" color="3" guanzhi="[1,2,3,4,5,6,7,8,9,10,11,12,13,14,15,16,17,18,19,20,21]" />
 <sample className="game.window.country.banneretbanneretteView.data.BanneretData" sid="101" name="大上造二" juewei="110" derc="镇南将军" gxderc="206573650" type="0" needgongxun="206573650" color="3" guanzhi="[1,2,3,4,5,6,7,8,9,10,11,12,13,14,15,16,17,18,19,20,21]" />
 <sample className="game.window.country.banneretbanneretteView.data.BanneretData" sid="102" name="大上造三" juewei="110" derc="镇南将军" gxderc="217273650" type="0" needgongxun="217273650" color="3" guanzhi="[1,2,3,4,5,6,7,8,9,10,11,12,13,14,15,16,17,18,19,20,21]" />
 <sample className="game.window.country.banneretbanneretteView.data.BanneretData" sid="103" name="大上造四" juewei="110" derc="镇南将军" gxderc="228373650" type="0" needgongxun="228373650" color="3" guanzhi="[1,2,3,4,5,6,7,8,9,10,11,12,13,14,15,16,17,18,19,20,21]" />
 <sample className="game.window.country.banneretbanneretteView.data.BanneretData" sid="104" name="大上造五" juewei="110" derc="镇南将军" gxderc="239873650" type="0" needgongxun="239873650" color="3" guanzhi="[1,2,3,4,5,6,7,8,9,10,11,12,13,14,15,16,17,18,19,20,21]" />
 <sample className="game.window.country.banneretbanneretteView.data.BanneretData" sid="105" name="大上造六" juewei="110" derc="镇北将军" gxderc="251773650" type="0" needgongxun="251773650" color="3" guanzhi="[1,2,3,4,5,6,7,8,9,10,11,12,13,14,15,16,17,18,19,20,21,22]" />
 <sample className="game.window.country.banneretbanneretteView.data.BanneretData" sid="106" name="大上造七" juewei="110" derc="镇北将军" gxderc="264073650" type="0" needgongxun="264073650" color="3" guanzhi="[1,2,3,4,5,6,7,8,9,10,11,12,13,14,15,16,17,18,19,20,21,22]" />
 <sample className="game.window.country.banneretbanneretteView.data.BanneretData" sid="107" name="大上造八" juewei="110" derc="镇北将军" gxderc="276773650" type="0" needgongxun="276773650" color="3" guanzhi="[1,2,3,4,5,6,7,8,9,10,11,12,13,14,15,16,17,18,19,20,21,22]" />
 <sample className="game.window.country.banneretbanneretteView.data.BanneretData" sid="108" name="大上造九" juewei="110" derc="镇北将军" gxderc="289873650" type="0" needgongxun="289873650" color="3" guanzhi="[1,2,3,4,5,6,7,8,9,10,11,12,13,14,15,16,17,18,19,20,21,22]" />
 <sample className="game.window.country.banneretbanneretteView.data.BanneretData" sid="109" name="大上造十" juewei="110" derc="镇北将军" gxderc="303373650" type="0" needgongxun="303373650" color="3" guanzhi="[1,2,3,4,5,6,7,8,9,10,11,12,13,14,15,16,17,18,19,20,21,22]" />
 <sample className="game.window.country.banneretbanneretteView.data.BanneretData" sid="110" name="大庶长一" juewei="111" derc="镇东将军" gxderc="317273650" type="0" needgongxun="317273650" color="3" guanzhi="[1,2,3,4,5,6,7,8,9,10,11,12,13,14,15,16,17,18,19,20,21,22,23]" />
 <sample className="game.window.country.banneretbanneretteView.data.BanneretData" sid="111" name="大庶长二" juewei="111" derc="镇东将军" gxderc="331673650" type="0" needgongxun="331673650" color="3" guanzhi="[1,2,3,4,5,6,7,8,9,10,11,12,13,14,15,16,17,18,19,20,21,22,23]" />
 <sample className="game.window.country.banneretbanneretteView.data.BanneretData" sid="112" name="大庶长三" juewei="111" derc="镇东将军" gxderc="346573650" type="0" needgongxun="346573650" color="3" guanzhi="[1,2,3,4,5,6,7,8,9,10,11,12,13,14,15,16,17,18,19,20,21,22,23]" />
 <sample className="game.window.country.banneretbanneretteView.data.BanneretData" sid="113" name="大庶长四" juewei="111" derc="镇东将军" gxderc="361973650" type="0" needgongxun="361973650" color="3" guanzhi="[1,2,3,4,5,6,7,8,9,10,11,12,13,14,15,16,17,18,19,20,21,22,23]" />
 <sample className="game.window.country.banneretbanneretteView.data.BanneretData" sid="114" name="大庶长五" juewei="111" derc="镇东将军" gxderc="377873650" type="0" needgongxun="377873650" color="3" guanzhi="[1,2,3,4,5,6,7,8,9,10,11,12,13,14,15,16,17,18,19,20,21,22,23]" />
 <sample className="game.window.country.banneretbanneretteView.data.BanneretData" sid="115" name="大庶长六" juewei="111" derc="镇西将军" gxderc="394273650" type="0" needgongxun="394273650" color="3" guanzhi="[1,2,3,4,5,6,7,8,9,10,11,12,13,14,15,16,17,18,19,20,21,22,23,24]" />
 <sample className="game.window.country.banneretbanneretteView.data.BanneretData" sid="116" name="大庶长七" juewei="111" derc="镇西将军" gxderc="411173650" type="0" needgongxun="411173650" color="3" guanzhi="[1,2,3,4,5,6,7,8,9,10,11,12,13,14,15,16,17,18,19,20,21,22,23,24]" />
 <sample className="game.window.country.banneretbanneretteView.data.BanneretData" sid="117" name="大庶长八" juewei="111" derc="镇西将军" gxderc="428573650" type="0" needgongxun="428573650" color="3" guanzhi="[1,2,3,4,5,6,7,8,9,10,11,12,13,14,15,16,17,18,19,20,21,22,23,24]" />
 <sample className="game.window.country.banneretbanneretteView.data.BanneretData" sid="118" name="大庶长九" juewei="111" derc="镇西将军" gxderc="446473650" type="0" needgongxun="446473650" color="3" guanzhi="[1,2,3,4,5,6,7,8,9,10,11,12,13,14,15,16,17,18,19,20,21,22,23,24]" />
 <sample className="game.window.country.banneretbanneretteView.data.BanneretData" sid="119" name="大庶长十" juewei="111" derc="镇西将军" gxderc="464873650" type="0" needgongxun="464873650" color="3" guanzhi="[1,2,3,4,5,6,7,8,9,10,11,12,13,14,15,16,17,18,19,20,21,22,23,24]" />
 <sample className="game.window.country.banneretbanneretteView.data.BanneretData" sid="120" name="关内侯一" juewei="112" derc="太府" gxderc="483773650" type="0" needgongxun="483773650" color="3" guanzhi="[1,2,3,4,5,6,7,8,9,10,11,12,13,14,15,16,17,18,19,20,21,22,23,24,25]" />
 </objects>