﻿{"danyanghuben":
	{
		"stand":
			{
				"img":"danyanghuben","scale":"1","frames":
			{
			"3":
				{
					"x":"-63","y":"-78","actions":
						{
							 "0":"wait:2#img:待机/00001.png",
                "1":"wait:2#img:待机/00002.png",
                "2":"wait:2#img:待机/00003.png",
                "3":"wait:2#img:待机/00004.png",
                "4":"wait:2#img:待机/00005.png",
                "5":"wait:2#img:待机/00006.png",
                "6":"wait:2#img:待机/00007.png",
                "7":"wait:2#img:待机/00008.png",
                "8":"gotoFram:0"
						}
				},
			"7":
				{
					"x":"-63","y":"-78","actions":
						{
							 "0":"wait:2#img:待机/00001.png",
                "1":"wait:2#img:待机/00002.png",
                "2":"wait:2#img:待机/00003.png",
                "3":"wait:2#img:待机/00004.png",
                "4":"wait:2#img:待机/00005.png",
                "5":"wait:2#img:待机/00006.png",
                "6":"wait:2#img:待机/00007.png",
                "7":"wait:2#img:待机/00008.png",
                "8":"gotoFram:0"
						}
				}
			}
	}
		,"run":
			{
				"img":"danyanghuben","scale":"1","frames":
			{
			"3":
				{
					"x":"-63","y":"-78","actions":
						{
							"0":"wait:2#img:奔跑/00001.png",
                "1":"wait:2#img:奔跑/00002.png",
                "2":"wait:2#img:奔跑/00003.png",
                "3":"wait:2#img:奔跑/00004.png",
                "4":"wait:2#img:奔跑/00005.png",
                "5":"wait:2#img:奔跑/00006.png",
                "6":"wait:2#img:奔跑/00007.png",
                "7":"wait:2#img:奔跑/00008.png",
                "8":"gotoFram:0"
						}
				},
			"7":
				{
					"x":"-63","y":"-78","actions":
						{
							"0":"wait:2#img:奔跑/00001.png",
                "1":"wait:2#img:奔跑/00002.png",
                "2":"wait:2#img:奔跑/00003.png",
                "3":"wait:2#img:奔跑/00004.png",
                "4":"wait:2#img:奔跑/00005.png",
                "5":"wait:2#img:奔跑/00006.png",
                "6":"wait:2#img:奔跑/00007.png",
                "7":"wait:2#img:奔跑/00008.png",
                "8":"gotoFram:0"
						}
				}
			}
		}
		,"action1":
			{
				"img":"danyanghuben","scale":"1","frames":
			{
			"3":
				{
					"x":"-63","y":"-78","actions":
						{
							"0":"wait:2#img:攻击/00001.png",
                "1":"wait:2#img:攻击/00002.png",
                "2":"wait:2#img:攻击/00003.png",
                "3":"wait:2#img:攻击/00004.png",
                "4":"wait:2#img:攻击/00005.png",
                "5":"wait:2#img:攻击/00006.png",
                "6":"wait:2#img:攻击/00007.png",
                "7":"wait:2#img:攻击/00008.png#action",
                "8":"wait:2#img:攻击/00009.png",
                "9":"wait:2#img:攻击/00010.png",
                "10":"play:stand#end"
						}
				},
			"7":
				{
					"x":"-63","y":"-78","actions":
						{
							"0":"wait:2#img:攻击/00001.png",
                "1":"wait:2#img:攻击/00002.png",
                "2":"wait:2#img:攻击/00003.png",
                "3":"wait:2#img:攻击/00004.png",
                "4":"wait:2#img:攻击/00005.png",
                "5":"wait:2#img:攻击/00006.png",
                "6":"wait:2#img:攻击/00007.png",
                "7":"wait:2#img:攻击/00008.png#action",
                "8":"wait:2#img:攻击/00009.png",
                "9":"wait:2#img:攻击/00010.png",
                "10":"play:stand#end"
						}
				}
			}
		}
		,"action":
			{
				"img":"danyanghuben","scale":"1","frames":
			{
			"3":
				{
					"x":"-63","y":"-78","actions":
						{
							"0":"wait:2#img:攻击2/00001.png",
                "1":"wait:2#img:攻击2/00002.png",
                "2":"wait:2#img:攻击2/00003.png",
                "3":"wait:2#img:攻击2/00004.png",
                "4":"wait:2#img:攻击2/00005.png",
                "5":"wait:2#img:攻击2/00006.png",
                "6":"wait:2#img:攻击2/00007.png",
                "7":"wait:2#img:攻击2/00008.png#action",
                "8":"wait:2#img:攻击2/00009.png",
                "9":"wait:2#img:攻击2/00010.png",
                "10":"play:stand#end"
						}
				},
			"7":
				{
					"x":"-63","y":"-78","actions":
					{
						"0":"wait:2#img:攻击2/00001.png",
                "1":"wait:2#img:攻击2/00002.png",
                "2":"wait:2#img:攻击2/00003.png",
                "3":"wait:2#img:攻击2/00004.png",
                "4":"wait:2#img:攻击2/00005.png",
                "5":"wait:2#img:攻击2/00006.png",
                "6":"wait:2#img:攻击2/00007.png",
                "7":"wait:2#img:攻击2/00008.png#action",
                "8":"wait:2#img:攻击2/00009.png",
                "9":"wait:2#img:攻击2/00010.png",
                "10":"play:stand#end"
					}
				}
			}
		}
		,"die":
			{
				"img":"danyanghuben","scale":"1","frames":
			{
			"3":
				{
					"x":"-63","y":"-78","actions":
						{
							"0":"wait:2#img:攻击2/00001.png",
                "1":"wait:2#img:攻击2/00002.png",
                "2":"wait:2#img:攻击2/00003.png",
                "3":"wait:2#img:攻击2/00004.png",
                "4":"wait:2#img:攻击2/00005.png",
                "5":"wait:2#img:攻击2/00006.png",
                "6":"play:stand#end"
						}
				},
			"7":
				{
					"x":"-63","y":"-78","actions":
						{
							"0":"wait:2#img:攻击2/00001.png",
                "1":"wait:2#img:攻击2/00002.png",
                "2":"wait:2#img:攻击2/00003.png",
                "3":"wait:2#img:攻击2/00004.png",
                "4":"wait:2#img:攻击2/00005.png",
                "5":"wait:2#img:攻击2/00006.png",
                "6":"play:stand#end"
						}
				}
			}
		}
		
		
	}
}