﻿<?xml version="1.0" encoding="UTF-8"?>
      <objects>
   <!--
   ginger 英雄令消耗数量
   openSid开启副本SID
   size战场大小
   tuijian推荐战力
   awardsid奖励SID
   enemyArr NPC副本SID 
 isJingYing 是否是精英副本 -->
<sample sid="1" className="game.window.duplicate.data.Duplicate" name="山贼喽啰" style="c1" desc="" ginger="1" awardsid="1" size="300" tuijian="1000" isJingYing="false" openNobilityLevel="1" tishiArr="[1]" enemyArr="[1]" />
 <sample sid="2" className="game.window.duplicate.data.Duplicate" name="山贼头目" style="c2" desc="" ginger="1" awardsid="2" openSid="1" size="300" tuijian="1000" isJingYing="false" openNobilityLevel="2" tishiArr="[1]" enemyArr="[2]" />
 <sample sid="3" className="game.window.duplicate.data.Duplicate" name="山贼大当家" style="c1" desc="" ginger="1" awardsid="3" openSid="2" size="300" tuijian="1000" isJingYing="false" openNobilityLevel="3" tishiArr="[1]" enemyArr="[3]" />
 <sample sid="4" className="game.window.duplicate.data.Duplicate" name="马元义" style="c2" desc="" ginger="1" awardsid="4" openSid="3" size="300" tuijian="1000" isJingYing="false" openNobilityLevel="4" tishiArr="[1]" enemyArr="[4]" />
 <sample sid="5" className="game.window.duplicate.data.Duplicate" name="邓茂" style="c1" desc="" ginger="1" awardsid="5" openSid="4" size="300" tuijian="1000" isJingYing="false" openNobilityLevel="5" tishiArr="[1]" enemyArr="[5]" />
 <sample sid="6" className="game.window.duplicate.data.Duplicate" name="程志远" style="c2" desc="" ginger="1" awardsid="6" openSid="5" size="300" tuijian="1000" isJingYing="false" openNobilityLevel="6" tishiArr="[1]" enemyArr="[6]" />
 <sample sid="7" className="game.window.duplicate.data.Duplicate" name="张梁" style="c1" desc="" ginger="1" awardsid="7" openSid="6" size="300" tuijian="1000" isJingYing="false" openNobilityLevel="6" tishiArr="[1]" enemyArr="[7]" />
 <sample sid="8" className="game.window.duplicate.data.Duplicate" name="张宝" style="c2" desc="" ginger="1" awardsid="8" openSid="7" size="300" tuijian="1000" isJingYing="false" openNobilityLevel="7" tishiArr="[1]" enemyArr="[8]" />
 <sample sid="9" className="game.window.duplicate.data.Duplicate" name="张角" style="c1" desc="" ginger="1" awardsid="9" openSid="8" size="300" tuijian="1000" isJingYing="false" openNobilityLevel="8" tishiArr="[1]" enemyArr="[9]" />
 <sample sid="10" className="game.window.duplicate.data.Duplicate" name="黄巾之乱" style="c2" desc="东汉末年，外戚专政，宦官专权，国家动荡不安，民不聊生，贫苦人民在张角的号令下，纷纷揭竿起义，高喊：“苍天已死，黄天当立，岁在甲子，天下大吉”的口号，开始对朝廷发起猛烈的攻击。" ginger="0" openSid="9" size="400" tuijian="3000" isJingYing="true" openNobilityLevel="9" tishiArr="[1]" enemyArr="[10]" />
 <sample sid="11" className="game.window.duplicate.data.Duplicate" name="赵忠" style="c1" desc="" ginger="1" awardsid="11" openSid="10" size="500" tuijian="5000" isJingYing="false" openNobilityLevel="10" tishiArr="[1]" enemyArr="[11]" />
 <sample sid="12" className="game.window.duplicate.data.Duplicate" name="左丰" style="c2" desc="" ginger="1" awardsid="12" openSid="11" size="500" tuijian="5000" isJingYing="false" openNobilityLevel="11" tishiArr="[1]" enemyArr="[12]" />
 <sample sid="13" className="game.window.duplicate.data.Duplicate" name="赵旷" style="c1" desc="" ginger="1" awardsid="13" openSid="12" size="500" tuijian="5000" isJingYing="false" openNobilityLevel="12" tishiArr="[1]" enemyArr="[13]" />
 <sample sid="14" className="game.window.duplicate.data.Duplicate" name="何苗" style="c2" desc="" ginger="1" awardsid="14" openSid="13" size="500" tuijian="5000" isJingYing="false" openNobilityLevel="13" tishiArr="[1]" enemyArr="[14]" />
 <sample sid="15" className="game.window.duplicate.data.Duplicate" name="胡轸" style="c1" desc="" ginger="1" awardsid="15" openSid="14" size="500" tuijian="5000" isJingYing="false" openNobilityLevel="14" tishiArr="[1]" enemyArr="[15]" />
 <sample sid="16" className="game.window.duplicate.data.Duplicate" name="李肃" style="c2" desc="" ginger="1" awardsid="16" openSid="15" size="500" tuijian="5000" isJingYing="false" openNobilityLevel="15" tishiArr="[1]" enemyArr="[16]" />
 <sample sid="17" className="game.window.duplicate.data.Duplicate" name="华雄" style="c1" desc="" ginger="1" awardsid="17" openSid="16" size="500" tuijian="5000" isJingYing="false" openNobilityLevel="16" tishiArr="[1]" enemyArr="[17]" />
 <sample sid="18" className="game.window.duplicate.data.Duplicate" name="张济" style="c2" desc="" ginger="1" awardsid="18" openSid="17" size="500" tuijian="5000" isJingYing="false" openNobilityLevel="17" tishiArr="[1]" enemyArr="[18]" />
 <sample sid="19" className="game.window.duplicate.data.Duplicate" name="吕布" style="c1" desc="" ginger="1" awardsid="19" openSid="18" size="500" tuijian="5000" isJingYing="false" openNobilityLevel="17" tishiArr="[1]" enemyArr="[19]" />
 <sample sid="20" className="game.window.duplicate.data.Duplicate" name="董卓乱政" style="c2" desc="公元189年，汉灵帝死，汉少帝继位，董卓率西凉军入京，废少帝立陈留王，独揽军政大权，祸乱朝政，内外官僚朝不保夕。" ginger="0" openSid="19" size="600" tuijian="10000" isJingYing="true" openNobilityLevel="18" tishiArr="[2,3]" enemyArr="[20]" />
 <sample sid="21" className="game.window.duplicate.data.Duplicate" name="公孙军部将" style="c1" desc="" ginger="1" awardsid="21" openSid="20" size="700" tuijian="15000" isJingYing="false" openNobilityLevel="18" tishiArr="[2,3]" enemyArr="[21]" />
 <sample sid="22" className="game.window.duplicate.data.Duplicate" name="耿武" style="c2" desc="" ginger="1" awardsid="22" openSid="21" size="700" tuijian="15000" isJingYing="false" openNobilityLevel="19" tishiArr="[2,3]" enemyArr="[22]" />
 <sample sid="23" className="game.window.duplicate.data.Duplicate" name="严纲" style="c1" desc="" ginger="1" awardsid="23" openSid="22" size="700" tuijian="15000" isJingYing="false" openNobilityLevel="19" tishiArr="[2,3]" enemyArr="[23]" />
 <sample sid="24" className="game.window.duplicate.data.Duplicate" name="田凯" style="c2" desc="" ginger="1" awardsid="24" openSid="23" size="700" tuijian="15000" isJingYing="false" openNobilityLevel="20" tishiArr="[2,3]" enemyArr="[24]" />
 <sample sid="25" className="game.window.duplicate.data.Duplicate" name="田豫" style="c1" desc="" ginger="1" awardsid="25" openSid="24" size="700" tuijian="15000" isJingYing="false" openNobilityLevel="20" tishiArr="[2,3]" enemyArr="[25]" />
 <sample sid="26" className="game.window.duplicate.data.Duplicate" name="关靖" style="c2" desc="" ginger="1" awardsid="26" openSid="25" size="700" tuijian="15000" isJingYing="false" openNobilityLevel="21" tishiArr="[2,3]" enemyArr="[26]" />
 <sample sid="27" className="game.window.duplicate.data.Duplicate" name="公孙越" style="c1" desc="" ginger="1" awardsid="27" openSid="26" size="700" tuijian="15000" isJingYing="false" openNobilityLevel="21" tishiArr="[2,3]" enemyArr="[27]" />
 <sample sid="28" className="game.window.duplicate.data.Duplicate" name="公孙续" style="c2" desc="" ginger="1" awardsid="28" openSid="27" size="700" tuijian="15000" isJingYing="false" openNobilityLevel="22" tishiArr="[2,3]" enemyArr="[28]" />
 <sample sid="29" className="game.window.duplicate.data.Duplicate" name="公孙瓒" style="c1" desc="" ginger="1" awardsid="29" openSid="28" size="700" tuijian="15000" isJingYing="false" openNobilityLevel="22" tishiArr="[2,3]" enemyArr="[29]" />
 <sample sid="30" className="game.window.duplicate.data.Duplicate" name="火烧易京楼" style="c2" desc="公元198年，袁绍为统一河北，率军攻易京，公孙瓒屯粮期长期固守再相机出击，袁绍致书劝和，公孙瓒置之不理。建安三年，袁绍遂设下伏兵倾力进攻，公孙瓒中伏，心知必败，逃回城中自杀。" ginger="0" openSid="29" size="800" tuijian="20000" isJingYing="true" openNobilityLevel="23" tishiArr="[2,3]" enemyArr="[30]" />
 <sample sid="31" className="game.window.duplicate.data.Duplicate" name="曹军部将" style="c1" desc="" ginger="1" awardsid="31" openSid="30" size="1000" tuijian="25000" isJingYing="false" openNobilityLevel="23" tishiArr="[2,3]" enemyArr="[31]" />
 <sample sid="32" className="game.window.duplicate.data.Duplicate" name="于禁" style="c2" desc="" ginger="1" awardsid="32" openSid="31" size="1000" tuijian="25000" isJingYing="false" openNobilityLevel="24" tishiArr="[2,3]" enemyArr="[32]" />
 <sample sid="33" className="game.window.duplicate.data.Duplicate" name="李典" style="c1" desc="" ginger="1" awardsid="33" openSid="32" size="1000" tuijian="25000" isJingYing="false" openNobilityLevel="24" tishiArr="[2,3]" enemyArr="[33]" />
 <sample sid="34" className="game.window.duplicate.data.Duplicate" name="乐进" style="c2" desc="" ginger="1" awardsid="34" openSid="33" size="1000" tuijian="25000" isJingYing="false" openNobilityLevel="25" tishiArr="[2,3]" enemyArr="[34]" />
 <sample sid="35" className="game.window.duplicate.data.Duplicate" name="朱灵" style="c1" desc="" ginger="1" awardsid="35" openSid="34" size="1000" tuijian="25000" isJingYing="false" openNobilityLevel="25" tishiArr="[2,3]" enemyArr="[35]" />
 <sample sid="36" className="game.window.duplicate.data.Duplicate" name="路昭" style="c2" desc="" ginger="1" awardsid="36" openSid="35" size="1000" tuijian="25000" isJingYing="false" openNobilityLevel="26" tishiArr="[2,3]" enemyArr="[36]" />
 <sample sid="37" className="game.window.duplicate.data.Duplicate" name="郭嘉" style="c1" desc="" ginger="1" awardsid="37" openSid="36" size="1000" tuijian="25000" isJingYing="false" openNobilityLevel="26" tishiArr="[2,3]" enemyArr="[37]" />
 <sample sid="38" className="game.window.duplicate.data.Duplicate" name="夏侯渊" style="c2" desc="" ginger="1" awardsid="38" openSid="37" size="1000" tuijian="25000" isJingYing="false" openNobilityLevel="27" tishiArr="[2,3]" enemyArr="[38]" />
 <sample sid="39" className="game.window.duplicate.data.Duplicate" name="夏侯惇" style="c1" desc="" ginger="1" awardsid="39" openSid="38" size="1000" tuijian="25000" isJingYing="false" openNobilityLevel="27" tishiArr="[2,3]" enemyArr="[39]" />
 <sample sid="40" className="game.window.duplicate.data.Duplicate" name="刘玄德千里援徐州" style="c2" desc="公元193年，曹操大军兵临徐州城下，徐州牧陶谦自知难以抵敌，请北海相孔融前来相救，孔融请刘备同去，刘备欣然带兵奔赴徐州。" ginger="0" openSid="39" size="1200" tuijian="30000" isJingYing="true" openNobilityLevel="28" tishiArr="[2,3]" enemyArr="[40]" />
 <sample sid="41" className="game.window.duplicate.data.Duplicate" name="刘繇军部将" style="c1" desc="" ginger="1" awardsid="41" openSid="40" size="1400" tuijian="35000" isJingYing="false" openNobilityLevel="29" tishiArr="[2,3]" enemyArr="[41]" />
 <sample sid="42" className="game.window.duplicate.data.Duplicate" name="陆康" style="c2" desc="" ginger="1" awardsid="42" openSid="41" size="1400" tuijian="35000" isJingYing="false" openNobilityLevel="30" tishiArr="[2,3]" enemyArr="[42]" />
 <sample sid="43" className="game.window.duplicate.data.Duplicate" name="张英" style="c1" desc="" ginger="1" awardsid="43" openSid="42" size="1400" tuijian="35000" isJingYing="false" openNobilityLevel="31" tishiArr="[2,3]" enemyArr="[43]" />
 <sample sid="44" className="game.window.duplicate.data.Duplicate" name="樊能" style="c2" desc="" ginger="1" awardsid="44" openSid="43" size="1400" tuijian="35000" isJingYing="false" openNobilityLevel="32" tishiArr="[2,3]" enemyArr="[44]" />
 <sample sid="45" className="game.window.duplicate.data.Duplicate" name="于糜" style="c1" desc="" ginger="1" awardsid="45" openSid="44" size="1400" tuijian="35000" isJingYing="false" openNobilityLevel="33" tishiArr="[2,3]" enemyArr="[45]" />
 <sample sid="46" className="game.window.duplicate.data.Duplicate" name="孔融" style="c2" desc="" ginger="1" awardsid="46" openSid="45" size="1400" tuijian="35000" isJingYing="false" openNobilityLevel="34" tishiArr="[2,3]" enemyArr="[46]" />
 <sample sid="47" className="game.window.duplicate.data.Duplicate" name="太史慈" style="c1" desc="" ginger="1" awardsid="47" openSid="46" size="1400" tuijian="35000" isJingYing="false" openNobilityLevel="35" tishiArr="[2,3]" enemyArr="[47]" />
 <sample sid="48" className="game.window.duplicate.data.Duplicate" name="许贡" style="c2" desc="" ginger="1" awardsid="48" openSid="47" size="1400" tuijian="35000" isJingYing="false" openNobilityLevel="36" tishiArr="[2,3]" enemyArr="[48]" />
 <sample sid="49" className="game.window.duplicate.data.Duplicate" name="刘繇" style="c1" desc="" ginger="1" awardsid="49" openSid="48" size="1400" tuijian="35000" isJingYing="false" openNobilityLevel="37" tishiArr="[2,3]" enemyArr="[49]" />
 <sample sid="50" className="game.window.duplicate.data.Duplicate" name="孙伯符平定江东" style="c2" desc="公元195年，孙策以助袁术攻刘繇为借口，出兵曲阿，最后把江东的割据势力消灭，一统江东，为东吴建立打下基础。" ginger="0" openSid="49" size="1600" tuijian="50000" isJingYing="true" openNobilityLevel="38" tishiArr="[2,3]" enemyArr="[50]" />
 <sample sid="51" className="game.window.duplicate.data.Duplicate" name="杨奉" style="c1" desc="" ginger="1" awardsid="51" openSid="50" size="1800" tuijian="65000" isJingYing="false" openNobilityLevel="39" tishiArr="[2,3]" enemyArr="[51]" />
 <sample sid="52" className="game.window.duplicate.data.Duplicate" name="韩禛" style="c2" desc="" ginger="1" awardsid="52" openSid="51" size="1800" tuijian="65000" isJingYing="false" openNobilityLevel="40" tishiArr="[2,3]" enemyArr="[52]" />
 <sample sid="53" className="game.window.duplicate.data.Duplicate" name="张勋" style="c1" desc="" ginger="1" awardsid="53" openSid="52" size="1800" tuijian="65000" isJingYing="false" openNobilityLevel="41" tishiArr="[2,3]" enemyArr="[53]" />
 <sample sid="54" className="game.window.duplicate.data.Duplicate" name="雷薄" style="c2" desc="" ginger="1" awardsid="54" openSid="53" size="1800" tuijian="65000" isJingYing="false" openNobilityLevel="42" tishiArr="[2,3]" enemyArr="[54]" />
 <sample sid="55" className="game.window.duplicate.data.Duplicate" name="刘勋" style="c1" desc="" ginger="1" awardsid="55" openSid="54" size="1800" tuijian="65000" isJingYing="false" openNobilityLevel="43" tishiArr="[2,3]" enemyArr="[55]" />
 <sample sid="56" className="game.window.duplicate.data.Duplicate" name="梁刚" style="c2" desc="" ginger="1" awardsid="56" openSid="55" size="1800" tuijian="65000" isJingYing="false" openNobilityLevel="44" tishiArr="[2,3]" enemyArr="[56]" />
 <sample sid="57" className="game.window.duplicate.data.Duplicate" name="陈纪" style="c1" desc="" ginger="1" awardsid="57" openSid="56" size="1800" tuijian="65000" isJingYing="false" openNobilityLevel="45" tishiArr="[2,3]" enemyArr="[57]" />
 <sample sid="58" className="game.window.duplicate.data.Duplicate" name="纪灵" style="c2" desc="" ginger="1" awardsid="58" openSid="57" size="1800" tuijian="65000" isJingYing="false" openNobilityLevel="46" tishiArr="[2,3]" enemyArr="[58]" />
 <sample sid="59" className="game.window.duplicate.data.Duplicate" name="袁术" style="c1" desc="" ginger="1" awardsid="59" openSid="58" size="1800" tuijian="65000" isJingYing="false" openNobilityLevel="47" tishiArr="[2,3]" enemyArr="[59]" />
 <sample sid="60" className="game.window.duplicate.data.Duplicate" name="讨伐袁术" style="c2" desc="公元197年，袁术在寿春称帝，被视为叛汉，公元199年，袁术讨伐战开始，此战以袁术战败，仲氏政权崩溃而告终。" ginger="0" openSid="59" size="2000" tuijian="80000" isJingYing="true" openNobilityLevel="48" tishiArr="[2,3]" enemyArr="[60]" />
 <sample sid="61" className="game.window.duplicate.data.Duplicate" name="曹性" style="c1" desc="" ginger="1" awardsid="61" openSid="60" size="2400" tuijian="100000" isJingYing="false" openNobilityLevel="49" tishiArr="[2,3]" enemyArr="[61]" />
 <sample sid="62" className="game.window.duplicate.data.Duplicate" name="郝萌" style="c2" desc="" ginger="1" awardsid="62" openSid="61" size="2400" tuijian="100000" isJingYing="false" openNobilityLevel="50" tishiArr="[2,3]" enemyArr="[62]" />
 <sample sid="63" className="game.window.duplicate.data.Duplicate" name="高顺" style="c1" desc="" ginger="1" awardsid="63" openSid="62" size="2400" tuijian="100000" isJingYing="false" openNobilityLevel="51" tishiArr="[2,3]" enemyArr="[63]" />
 <sample sid="64" className="game.window.duplicate.data.Duplicate" name="臧霸" style="c2" desc="" ginger="1" awardsid="64" openSid="63" size="2400" tuijian="100000" isJingYing="false" openNobilityLevel="52" tishiArr="[2,3]" enemyArr="[64]" />
 <sample sid="65" className="game.window.duplicate.data.Duplicate" name="侯成" style="c1" desc="" ginger="1" awardsid="65" openSid="64" size="2400" tuijian="100000" isJingYing="false" openNobilityLevel="53" tishiArr="[2,3]" enemyArr="[65]" />
 <sample sid="66" className="game.window.duplicate.data.Duplicate" name="张辽" style="c2" desc="" ginger="1" awardsid="66" openSid="65" size="2400" tuijian="100000" isJingYing="false" openNobilityLevel="54" tishiArr="[2,3]" enemyArr="[66]" />
 <sample sid="67" className="game.window.duplicate.data.Duplicate" name="陈宫" style="c1" desc="" ginger="1" awardsid="67" openSid="66" size="2400" tuijian="100000" isJingYing="false" openNobilityLevel="55" tishiArr="[2,3]" enemyArr="[67]" />
 <sample sid="68" className="game.window.duplicate.data.Duplicate" name="貂蝉" style="c2" desc="" ginger="1" awardsid="68" openSid="67" size="2400" tuijian="100000" isJingYing="false" openNobilityLevel="56" tishiArr="[2,3]" enemyArr="[68]" />
 <sample sid="69" className="game.window.duplicate.data.Duplicate" name="吕布" style="c1" desc="" ginger="1" awardsid="69" openSid="68" size="2400" tuijian="100000" isJingYing="false" openNobilityLevel="57" tishiArr="[2,3]" enemyArr="[69]" />
 <sample sid="70" className="game.window.duplicate.data.Duplicate" name="吕布白门楼陨命" style="c2" desc="吕布虎视眈眈占领徐州，曹操恐其与袁绍联合夹击，公元198年，曹操起兵攻打吕布。吕布势力覆亡，曹操取得徐州，避免了自己和袁绍的决斗时被吕布偷袭的危险。" ginger="0" openSid="69" size="2800" tuijian="120000" isJingYing="true" openNobilityLevel="58" tishiArr="[2,3]" enemyArr="[70]" />
 <sample sid="71" className="game.window.duplicate.data.Duplicate" name="郭图" style="c1" desc="" ginger="1" awardsid="71" openSid="70" size="3000" tuijian="150000" isJingYing="false" openNobilityLevel="59" tishiArr="[2,3]" enemyArr="[71]" />
 <sample sid="72" className="game.window.duplicate.data.Duplicate" name="逢纪" style="c2" desc="" ginger="1" awardsid="72" openSid="71" size="3000" tuijian="150000" isJingYing="false" openNobilityLevel="60" tishiArr="[2,3]" enemyArr="[72]" />
 <sample sid="73" className="game.window.duplicate.data.Duplicate" name="高览" style="c1" desc="" ginger="1" awardsid="73" openSid="72" size="3000" tuijian="150000" isJingYing="false" openNobilityLevel="61" tishiArr="[2,3]" enemyArr="[73]" />
 <sample sid="74" className="game.window.duplicate.data.Duplicate" name="审配" style="c2" desc="" ginger="1" awardsid="74" openSid="73" size="3000" tuijian="150000" isJingYing="false" openNobilityLevel="62" tishiArr="[2,3]" enemyArr="[74]" />
 <sample sid="75" className="game.window.duplicate.data.Duplicate" name="颜良" style="c1" desc="" ginger="1" awardsid="75" openSid="74" size="3000" tuijian="150000" isJingYing="false" openNobilityLevel="63" tishiArr="[2,3]" enemyArr="[75]" />
 <sample sid="76" className="game.window.duplicate.data.Duplicate" name="文丑" style="c2" desc="" ginger="1" awardsid="76" openSid="75" size="3000" tuijian="150000" isJingYing="false" openNobilityLevel="64" tishiArr="[2,3]" enemyArr="[76]" />
 <sample sid="77" className="game.window.duplicate.data.Duplicate" name="田丰" style="c1" desc="" ginger="1" awardsid="77" openSid="76" size="3000" tuijian="150000" isJingYing="false" openNobilityLevel="65" tishiArr="[2,3]" enemyArr="[77]" />
 <sample sid="78" className="game.window.duplicate.data.Duplicate" name="张颌" style="c2" desc="" ginger="1" awardsid="78" openSid="77" size="3000" tuijian="150000" isJingYing="false" openNobilityLevel="66" tishiArr="[2,3]" enemyArr="[78]" />
 <sample sid="79" className="game.window.duplicate.data.Duplicate" name="袁绍" style="c1" desc="" ginger="1" awardsid="79" openSid="78" size="3000" tuijian="150000" isJingYing="false" openNobilityLevel="67" tishiArr="[2,3]" enemyArr="[79]" />
 <sample sid="80" className="game.window.duplicate.data.Duplicate" name="官渡之战" style="c2" desc="官渡，位于许都之北，黄河之南，公元199年，袁绍已占据幽州、冀州、青州、并州，尽有河北之地，意欲南下征天下。公元200年，袁绍与曹操相持于官渡，在此展开战略决战，曹操奇袭袁军乌巢粮仓，继而击溃袁军主力。此战奠定了曹操统一中国北方的基础。" ginger="0" openSid="79" size="3500" tuijian="170000" isJingYing="true" openNobilityLevel="68" tishiArr="[2,3]" enemyArr="[80]" />
 <sample sid="81" className="game.window.duplicate.data.Duplicate" name="守关部将" style="c1" desc="" ginger="1" awardsid="81" openSid="80" size="4000" tuijian="180000" isJingYing="false" openNobilityLevel="69" tishiArr="[2,3]" enemyArr="[81]" />
 <sample sid="82" className="game.window.duplicate.data.Duplicate" name="孔秀" style="c2" desc="" ginger="1" awardsid="82" openSid="81" size="4000" tuijian="180000" isJingYing="false" openNobilityLevel="70" tishiArr="[2,3]" enemyArr="[82]" />
 <sample sid="83" className="game.window.duplicate.data.Duplicate" name="孟坦" style="c1" desc="" ginger="1" awardsid="83" openSid="82" size="4000" tuijian="180000" isJingYing="false" openNobilityLevel="71" tishiArr="[2,3]" enemyArr="[83]" />
 <sample sid="84" className="game.window.duplicate.data.Duplicate" name="韩福" style="c2" desc="" ginger="1" awardsid="84" openSid="83" size="4000" tuijian="180000" isJingYing="false" openNobilityLevel="72" tishiArr="[2,3]" enemyArr="[84]" />
 <sample sid="85" className="game.window.duplicate.data.Duplicate" name="卞喜" style="c1" desc="" ginger="1" awardsid="85" openSid="84" size="4000" tuijian="180000" isJingYing="false" openNobilityLevel="73" tishiArr="[2,3]" enemyArr="[85]" />
 <sample sid="86" className="game.window.duplicate.data.Duplicate" name="王植" style="c2" desc="" ginger="1" awardsid="86" openSid="85" size="4000" tuijian="180000" isJingYing="false" openNobilityLevel="74" tishiArr="[2,3]" enemyArr="[86]" />
 <sample sid="87" className="game.window.duplicate.data.Duplicate" name="秦琪" style="c1" desc="" ginger="1" awardsid="87" openSid="86" size="4000" tuijian="180000" isJingYing="false" openNobilityLevel="75" tishiArr="[2,3]" enemyArr="[87]" />
 <sample sid="88" className="game.window.duplicate.data.Duplicate" name="夏侯惇" style="c2" desc="" ginger="1" awardsid="88" openSid="87" size="4000" tuijian="180000" isJingYing="false" openNobilityLevel="76" tishiArr="[2,3]" enemyArr="[88]" />
 <sample sid="89" className="game.window.duplicate.data.Duplicate" name="蔡阳" style="c1" desc="" ginger="1" awardsid="89" openSid="88" size="4000" tuijian="180000" isJingYing="false" openNobilityLevel="77" tishiArr="[2,3]" enemyArr="[89]" />
 <sample sid="90" className="game.window.duplicate.data.Duplicate" name="千里走单骑" style="c2" desc="公元200年，曹操攻刘备，关羽、刘备下邳失散，关羽陷身曹营。刘备去投袁绍，关羽得知刘备下落，单人匹马保护二家皇嫂千里寻兄。途中被逼无奈，过五关斩六将，终于在古城兄弟君臣夫妻相会。" ginger="0" openSid="89" size="4500" tuijian="200000" isJingYing="true" openNobilityLevel="78" tishiArr="[2,3]" enemyArr="[90]" />
 <sample sid="91" className="game.window.duplicate.data.Duplicate" name="李典" style="c1" desc="" ginger="1" awardsid="91" openSid="90" size="5000" tuijian="220000" isJingYing="false" openNobilityLevel="79" tishiArr="[2,3]" enemyArr="[91]" />
 <sample sid="92" className="game.window.duplicate.data.Duplicate" name="于禁" style="c2" desc="" ginger="1" awardsid="92" openSid="91" size="5000" tuijian="220000" isJingYing="false" openNobilityLevel="80" tishiArr="[2,3]" enemyArr="[92]" />
 <sample sid="93" className="game.window.duplicate.data.Duplicate" name="乐进" style="c1" desc="" ginger="1" awardsid="93" openSid="92" size="5000" tuijian="220000" isJingYing="false" openNobilityLevel="81" tishiArr="[2,3]" enemyArr="[93]" />
 <sample sid="94" className="game.window.duplicate.data.Duplicate" name="张颌" style="c2" desc="" ginger="1" awardsid="94" openSid="93" size="5000" tuijian="220000" isJingYing="false" openNobilityLevel="82" tishiArr="[2,3]" enemyArr="[94]" />
 <sample sid="95" className="game.window.duplicate.data.Duplicate" name="张辽" style="c1" desc="" ginger="1" awardsid="95" openSid="94" size="5000" tuijian="220000" isJingYing="false" openNobilityLevel="83" tishiArr="[2,3]" enemyArr="[95]" />
 <sample sid="96" className="game.window.duplicate.data.Duplicate" name="许褚" style="c2" desc="" ginger="1" awardsid="96" openSid="95" size="5000" tuijian="220000" isJingYing="false" openNobilityLevel="84" tishiArr="[2,3]" enemyArr="[96]" />
 <sample sid="97" className="game.window.duplicate.data.Duplicate" name="夏侯惇" style="c1" desc="" ginger="1" awardsid="97" openSid="96" size="5000" tuijian="220000" isJingYing="false" openNobilityLevel="85" tishiArr="[2,3]" enemyArr="[97]" />
 <sample sid="98" className="game.window.duplicate.data.Duplicate" name="曹仁" style="c2" desc="" ginger="1" awardsid="98" openSid="97" size="5000" tuijian="220000" isJingYing="false" openNobilityLevel="86" tishiArr="[2,3]" enemyArr="[98]" />
 <sample sid="99" className="game.window.duplicate.data.Duplicate" name="曹操" style="c1" desc="" ginger="1" awardsid="99" openSid="98" size="5000" tuijian="220000" isJingYing="false" openNobilityLevel="87" tishiArr="[2,3]" enemyArr="[99]" />
 <sample sid="100" className="game.window.duplicate.data.Duplicate" name="赤壁之战" style="c2" desc="公元208年，曹操大军南下，因不习水性，故而庞统献连环计，将船只连在一起，后孙刘联军以大火攻之，大破曹军，最终以少胜多，曹操北回，孙刘双方亦各自争夺荆州的一部分，此战奠定了三国鼎立的基础。" ginger="0" openSid="99" size="5500" tuijian="250000" isJingYing="true" openNobilityLevel="88" tishiArr="[2,3]" enemyArr="[100]" />
 </objects>