﻿<?xml version="1.0" encoding="UTF-8"?>
   <objects>
   <!-- className:类名
   game.city.builddata.EffectBuffer天赋技能，被动技能
   name：名字 addType:加成类型 1百分比 2绝对值
   attributeType：类型数组 资源属性类型，1粮食，2木材，3钱币，4铁锭，5经验，6劳役，7文化，8军械，9训练，10劳役上限，11文化上限， 12军械上限，13训练上限，14伤兵回复，15士兵攻击，16士兵血量，17士兵速度，18统帅，19武力， 20智力，21暴击倍率，22韧性倍率，23暴击机率，24格挡机率，25武将攻击，26武将体力， 27武将带兵数,28武将速度
   level：等级,初始1级
   soldierType：作用士兵类型 0所有，1骑兵，2步兵,4弓兵，8近战，16远程 用法作用于多个类型，请填多个类型和
   effectValue：效果数组float[][] 一维类型数组对应下标  二维对应等级值，下标0占位
   -->
   <!-- 装备套装附加属性技能 sid如变化，需要修改serverstatic.xml中EQUIPMENT_EFFECT_SIDS字段 -->
<sample className="game.city.builddata.EffectBuffer" sid="20" name="惊雷" level="1" attributeType="[25]" addType="2" soldierType="0" effectValue="[[0,10,20,40,70,100,140,180,220,260,300,340,380,420,460,500,540,580,620,660,700,740,780,820,860,900,940,980,1020,1060,1100]]" desc="增加武将攻击" icon="1" ></sample>
 <sample className="game.city.builddata.EffectBuffer" sid="21" name="狂骨" level="1" attributeType="[26]" addType="2" soldierType="0" effectValue="[[0,10,20,40,70,100,140,180,220,260,300,340,380,420,460,500,540,580,620,660,700,740,780,820,860,900,940,980,1020,1060,1100]]" desc="增加武将体力" icon="2" ></sample>
 <sample className="game.city.builddata.EffectBuffer" sid="22" name="焚日" level="1" attributeType="[23]" addType="2" soldierType="0" effectValue="[[0,500,1000,1500,2000,2500,3000,3500,4000,4500,5000,5500,6000,6500,7000,7500,8000,8500,9000,9500,10000,10500,11000,11500,12000,12500,13000,13500,14000,14500,15000]]" desc="增加暴击几率" icon="3" ></sample>
 <sample className="game.city.builddata.EffectBuffer" sid="23" name="放逐" level="1" attributeType="[21]" addType="2" soldierType="0" effectValue="[[0,0.02,0.04,0.06,0.08,0.1,0.15,0.2,0.25,0.3,0.35,0.4,0.45,0.5,0.55,0.6,0.65,0.7,0.75,0.8,0.85,0.9,0.95,1,1.05,1.1,1.15,1.2,1.25,1.3,1.35]]" desc="增加暴击伤害" icon="4" ></sample>
 <sample className="game.city.builddata.EffectBuffer" sid="24" name="虎烈" level="1" attributeType="[21]" addType="2" soldierType="0" effectValue="[[0,0.02,0.04,0.06,0.08,0.1,0.15,0.2,0.25,0.3,0.35,0.4,0.45,0.5,0.55,0.6,0.65,0.7,0.75,0.8,0.85,0.9,0.95,1,1.05,1.1,1.15,1.2,1.25,1.3,1.35]]" desc="增加暴击伤害" icon="5" ></sample>
 <sample className="game.city.builddata.EffectBuffer" sid="25" name="脱胎" level="1" attributeType="[27]" addType="2" soldierType="0" effectValue="[[0,25,60,100,180,280,400,520,640,760,880,1000,1120,1240,1360,1480,1600,1720,1840,1960,2080,2200,2320,2440,2560,2680,2800,2920,3040,3160,3280]]" desc="增加武将带兵数" icon="6" ></sample>
 <sample className="game.city.builddata.EffectBuffer" sid="26" name="毁天" level="1" attributeType="[35]" addType="2" soldierType="0" effectValue="[[0,30,60,120,150,200,250,300,350,400,450,500,550,600,650,700,750,800,850,900,950,1000,1050,1100,1150,1200,1250,1300,1350,1400,1450]]" desc="增加技能强度" icon="1" ></sample>
 <sample className="game.city.builddata.EffectBuffer" sid="27" name="暗渊" level="1" attributeType="[15]" addType="2" soldierType="0" effectValue="[[0,1,2,3,4,5,6,7,8,9,10,11,12,13,14,15,16,17,18,19,20,21,22,23,24,25,26,27,28,29,30]]" desc="增加士兵攻击" icon="2" ></sample>
 <sample className="game.city.builddata.EffectBuffer" sid="28" name="苍穹" level="1" attributeType="[16]" addType="2" soldierType="0" effectValue="[[0,3,5,8,12,16,20,24,28,32,36,40,44,48,52,56,60,64,68,72,76,80,84,88,92,96,100,104,108,112,116]]" desc="增加士兵血量" icon="3" ></sample>
 <sample className="game.city.builddata.EffectBuffer" sid="29" name="虚怀" level="1" attributeType="[18]" addType="2" soldierType="0" effectValue="[[0,2,4,7,12,18,25,32,39,46,53,60,67,74,81,88,95,102,109,116,123,130,137,144,151,158,165,172,179,186,193]]" desc="增加武将统帅" icon="4" ></sample>
 <sample className="game.city.builddata.EffectBuffer" sid="30" name="黄泉" level="1" attributeType="[20]" addType="2" soldierType="0" effectValue="[[0,2,4,7,12,18,25,32,39,46,53,60,67,74,81,88,95,102,109,116,123,130,137,144,151,158,165,172,179,186,193]]" desc="增加武将智力" icon="5" ></sample>
 <sample className="game.city.builddata.EffectBuffer" sid="31" name="神灭" level="1" attributeType="[19]" addType="2" soldierType="0" effectValue="[[0,2,4,7,12,18,25,32,39,46,53,60,67,74,81,88,95,102,109,116,123,130,137,144,151,158,165,172,179,186,193]]" desc="增加武将武力" icon="6" ></sample>
 <sample className="game.city.builddata.EffectBuffer" sid="32" name="增强武力" level="1" attributeType="[19]" addType="2" soldierType="0" effectValue="[[0,5,10,15,20,25,30,35,40,45,50,55,60,65,70,75,80,85,90,95,100,105,110,115,120,125,130,135,140,145,150]]" upLevel_skillBook="[[540,1],[540,2],[540,3],[540,4],[540,5],[540,6],[540,7],[540,8],[540,9],[540,10],[540,11],[540,12],[540,13],[540,14],[540,15],[540,16],[540,17],[540,18],[540,19],[540,20],[540,21],[540,22],[540,23],[540,24],[540,25],[540,26],[540,27],[540,28],[540,29],[540,30]]" desc="" icon="11" ></sample>
 <sample className="game.city.builddata.EffectBuffer" sid="33" name="增强智力" level="1" attributeType="[20]" addType="2" soldierType="0" effectValue="[[0,5,10,15,20,25,30,35,40,45,50,55,60,65,70,75,80,85,90,95,100,105,110,115,120,125,130,135,140,145,150]]" upLevel_skillBook="[[541,1],[541,2],[541,3],[541,4],[541,5],[541,6],[541,7],[541,8],[541,9],[541,10],[541,11],[541,12],[541,13],[541,14],[541,15],[541,16],[541,17],[541,18],[541,19],[541,20],[541,21],[541,22],[541,23],[541,24],[541,25],[541,26],[541,27],[541,28],[541,29],[541,30]]" desc="" icon="f3" ></sample>
 <sample className="game.city.builddata.EffectBuffer" sid="34" name="增强统帅" level="1" attributeType="[18]" addType="2" soldierType="0" effectValue="[[0,5,10,15,20,25,30,35,40,45,50,55,60,65,70,75,80,85,90,95,100,105,110,115,120,125,130,135,140,145,150]]" upLevel_skillBook="[[542,1],[542,2],[542,3],[542,4],[542,5],[542,6],[542,7],[542,8],[542,9],[542,10],[542,11],[542,12],[542,13],[542,14],[542,15],[542,16],[542,17],[542,18],[542,19],[542,20],[542,21],[542,22],[542,23],[542,24],[542,25],[542,26],[542,27],[542,28],[542,29],[542,30]]" desc="" icon="f1" ></sample>
 <sample className="game.city.builddata.EffectBuffer" sid="35" name="攻击强化" level="1" attributeType="[25]" addType="2" soldierType="0" effectValue="[[0,20,40,60,80,100,120,140,160,180,200,220,240,260,280,300,320,340,360,380,400,420,440,460,480,500,520,540,560,580,600]]" upLevel_skillBook="[[543,1],[543,2],[543,3],[543,4],[543,5],[543,6],[543,7],[543,8],[543,9],[543,10],[543,11],[543,12],[543,13],[543,14],[543,15],[543,16],[543,17],[543,18],[543,19],[543,20],[543,21],[543,22],[543,23],[543,24],[543,25],[543,26],[543,27],[543,28],[543,29],[543,30]]" desc="" icon="f2" ></sample>
 <sample className="game.city.builddata.EffectBuffer" sid="36" name="体力强化" level="1" attributeType="[26]" addType="2" soldierType="0" effectValue="[[0,20,40,60,80,100,120,140,160,180,200,220,240,260,280,300,320,340,360,380,400,420,440,460,480,500,520,540,560,580,600]]" upLevel_skillBook="[[544,1],[544,2],[544,3],[544,4],[544,5],[544,6],[544,7],[544,8],[544,9],[544,10],[544,11],[544,12],[544,13],[544,14],[544,15],[544,16],[544,17],[544,18],[544,19],[544,20],[544,21],[544,22],[544,23],[544,24],[544,25],[544,26],[544,27],[544,28],[544,29],[544,30]]" desc="" icon="11" ></sample>
 <sample className="game.city.builddata.EffectBuffer" sid="37" name="带兵强化" level="1" attributeType="[27]" addType="2" soldierType="0" effectValue="[[0,20,40,60,80,100,120,140,160,180,200,220,240,260,280,300,320,340,360,380,400,420,440,460,480,500,520,540,560,580,600]]" upLevel_skillBook="[[545,1],[545,2],[545,3],[545,4],[545,5],[545,6],[545,7],[545,8],[545,9],[545,10],[545,11],[545,12],[545,13],[545,14],[545,15],[545,16],[545,17],[545,18],[545,19],[545,20],[545,21],[545,22],[545,23],[545,24],[545,25],[545,26],[545,27],[545,28],[545,29],[545,30]]" desc="" icon="f3" ></sample>
 <sample className="game.city.builddata.EffectBuffer" sid="38" name="速度强化" level="1" attributeType="[28]" addType="2" soldierType="0" effectValue="[[0,5,10,15,20,25,30,35,40,45,50,55,60,65,70,75,80,85,90,95,100,105,110,115,120,125,130,135,140,145,150]]" upLevel_skillBook="[[546,1],[546,2],[546,3],[546,4],[546,5],[546,6],[546,7],[546,8],[546,9],[546,10],[546,11],[546,12],[546,13],[546,14],[546,15],[546,16],[546,17],[546,18],[546,19],[546,20],[546,21],[546,22],[546,23],[546,24],[546,25],[546,26],[546,27],[546,28],[546,29],[546,30]]" desc="" icon="f1" ></sample>
 <sample className="game.city.builddata.EffectBuffer" sid="39" name="暴击增强" level="1" attributeType="[21]" addType="2" soldierType="0" effectValue="[[0,0.01,0.02,0.03,0.04,0.05,0.06,0.07,0.08,0.09,0.1,0.11,0.12,0.13,0.14,0.15,0.16,0.17,0.18,0.19,0.2,0.21,0.22,0.23,0.24,0.25,0.26,0.27,0.28,0.29,0.3]]" upLevel_skillBook="[[547,1],[547,2],[547,3],[547,4],[547,5],[547,6],[547,7],[547,8],[547,9],[547,10],[547,11],[547,12],[547,13],[547,14],[547,15],[547,16],[547,17],[547,18],[547,19],[547,20],[547,21],[547,22],[547,23],[547,24],[547,25],[547,26],[547,27],[547,28],[547,29],[547,30]]" desc="" icon="f2" ></sample>
 <sample className="game.city.builddata.EffectBuffer" sid="40" name="韧性增强" level="1" attributeType="[22]" addType="2" soldierType="0" effectValue="[[0,0.01,0.02,0.03,0.04,0.05,0.06,0.07,0.08,0.09,0.1,0.11,0.12,0.13,0.14,0.15,0.16,0.17,0.18,0.19,0.2,0.21,0.22,0.23,0.24,0.25,0.26,0.27,0.28,0.29,0.3]]" upLevel_skillBook="[[548,1],[548,2],[548,3],[548,4],[548,5],[548,6],[548,7],[548,8],[548,9],[548,10],[548,11],[548,12],[548,13],[548,14],[548,15],[548,16],[548,17],[548,18],[548,19],[548,20],[548,21],[548,22],[548,23],[548,24],[548,25],[548,26],[548,27],[548,28],[548,29],[548,30]]" desc="" icon="f2" ></sample>
 <sample className="game.city.builddata.EffectBuffer" sid="41" name="神速" level="1" attributeType="[28]" addType="2" soldierType="0" effectValue="[[0,10,20,30,40,50,60,80,100,120,140,160,180,200,220,240,260,280,300,320,340,360,380,400,420,440,460,480,500,520,550]]" desc="增加速度" icon="5" ></sample>
 <sample className="game.city.builddata.EffectBuffer" sid="43" name="骑将" level="1" attributeType="[15]" addType="2" soldierType="1" effectValue="[[0,1]]" desc="" icon="qijiang" ></sample>
 <sample className="game.city.builddata.EffectBuffer" sid="44" name="骑王" level="1" attributeType="[15,16]" addType="2" soldierType="1" effectValue="[[0,2],[0,2]]" desc="" icon="qiwang" ></sample>
 <sample className="game.city.builddata.EffectBuffer" sid="45" name="骑神" level="1" attributeType="[15,16]" addType="2" soldierType="1" effectValue="[[0,4],[0,4]]" desc="" icon="qishen" ></sample>
 <sample className="game.city.builddata.EffectBuffer" sid="46" name="步将" level="1" attributeType="[16]" addType="2" soldierType="2" effectValue="[[0,1]]" desc="" icon="bujiang" ></sample>
 <sample className="game.city.builddata.EffectBuffer" sid="47" name="步王" level="1" attributeType="[16]" addType="2" soldierType="2" effectValue="[[0,4]]" desc="" icon="buwang" ></sample>
 <sample className="game.city.builddata.EffectBuffer" sid="48" name="步神" level="1" attributeType="[15,16]" addType="2" soldierType="2" effectValue="[[0,2],[0,8]]" desc="" icon="bushen" ></sample>
 <sample className="game.city.builddata.EffectBuffer" sid="49" name="弓将" level="1" attributeType="[15]" addType="2" soldierType="4" effectValue="[[0,1]]" desc="" icon="gongjiang" ></sample>
 <sample className="game.city.builddata.EffectBuffer" sid="50" name="弓王" level="1" attributeType="[15]" addType="2" soldierType="4" effectValue="[[0,4]]" desc="" icon="gongwang" ></sample>
 <sample className="game.city.builddata.EffectBuffer" sid="51" name="弓神" level="1" attributeType="[15,16]" addType="2" soldierType="4" effectValue="[[0,8],[0,2]]" desc="" icon="gongshen" ></sample>
 <sample className="game.city.builddata.EffectBuffer" sid="52" name="神将" level="1" attributeType="[19,20]" addType="2" soldierType="0" effectValue="[[0,30],[0,30]]" desc="" icon="shenjiang" ></sample>
 <sample className="game.city.builddata.EffectBuffer" sid="53" name="飞将" level="1" attributeType="[18,20]" addType="2" soldierType="0" effectValue="[[0,30],[0,30]]" desc="" icon="feijiang" ></sample>
 <sample className="game.city.builddata.EffectBuffer" sid="54" name="神速" level="1" attributeType="[17]" addType="2" soldierType="0" effectValue="[[0,20]]" desc="" icon="shensu" ></sample>
 <sample className="game.city.builddata.EffectBuffer" sid="55" name="猛将" level="1" attributeType="[18,19]" addType="2" soldierType="0" effectValue="[[0,30],[0,30]]" desc="" icon="mengjiang" ></sample>
 <sample className="game.city.builddata.EffectBuffer" sid="56" name="缜密" level="1" attributeType="[20]" addType="2" soldierType="0" effectValue="[[0,10]]" desc="" icon="xinsizhenmi" ></sample>
 <sample className="game.city.builddata.EffectBuffer" sid="57" name="谨慎" level="1" attributeType="[18]" addType="2" soldierType="0" effectValue="[[0,10]]" desc="" icon="jinshen" ></sample>
 <sample className="game.city.builddata.EffectBuffer" sid="58" name="儒将" level="1" attributeType="[20]" addType="2" soldierType="0" effectValue="[[0,20]]" desc="" icon="dandaxinxi" ></sample>
 <sample className="game.city.builddata.EffectBuffer" sid="59" name="武艺" level="1" attributeType="[19]" addType="2" soldierType="0" effectValue="[[0,10]]" desc="" icon="wuyi" ></sample>
 <sample className="game.city.builddata.EffectBuffer" sid="60" name="骁勇" level="1" attributeType="[19]" addType="2" soldierType="0" effectValue="[[0,20]]" desc="" icon="xiaoyong" ></sample>
 <sample className="game.city.builddata.EffectBuffer" sid="61" name="精兵" level="1" attributeType="[16]" addType="2" soldierType="0" effectValue="[[0,15]]" desc="" icon="wencai" ></sample>
 <sample className="game.city.builddata.EffectBuffer" sid="62" name="睿智" level="1" attributeType="[20]" addType="2" soldierType="0" effectValue="[[0,30]]" desc="" icon="ruizhi" ></sample>
 <sample className="game.city.builddata.EffectBuffer" sid="63" name="统帅" level="1" attributeType="[18]" addType="2" soldierType="0" effectValue="[[0,20]]" desc="" icon="tongshuai" ></sample>
 <sample className="game.city.builddata.EffectBuffer" sid="64" name="帅才" level="1" attributeType="[18]" addType="2" soldierType="0" effectValue="[[0,30]]" desc="" icon="shuaicai" ></sample>
 <sample className="game.city.builddata.EffectBuffer" sid="65" name="精悍" level="1" attributeType="[19]" addType="2" soldierType="0" effectValue="[[0,30]]" desc="" icon="wenwu" ></sample>
 <sample className="game.city.builddata.EffectBuffer" sid="66" name="能臣" level="1" attributeType="[15,16,17]" addType="2" soldierType="0" effectValue="[[0,2],[0,2],[0,5]]" desc="" icon="nengchen" ></sample>
 <sample className="game.city.builddata.EffectBuffer" sid="67" name="斗神" level="1" attributeType="[15,17]" addType="2" soldierType="0" effectValue="[[0,4],[0,10]]" desc="" icon="doushen" ></sample>
 <sample className="game.city.builddata.EffectBuffer" sid="68" name="神算" level="1" attributeType="[20]" addType="2" soldierType="0" effectValue="[[0,100]]" desc="" icon="shensuan" ></sample>
 <sample className="game.city.builddata.EffectBuffer" sid="69" name="军神" level="1" attributeType="[15,16]" addType="2" soldierType="0" effectValue="[[0,2],[0,15]]" desc="" icon="junshen" ></sample>
 <sample className="game.city.builddata.EffectBuffer" sid="70" name="都督" level="1" attributeType="[15,16,17]" addType="2" soldierType="0" effectValue="[[0,2],[0,4],[0,5]]" desc="" icon="dudu" ></sample>
 <sample className="game.city.builddata.EffectBuffer" sid="71" name="天赋过人" level="1" attributeType="[18,19,20]" addType="2" soldierType="0" effectValue="[[0,30],[0,30],[0,30]]" desc="" icon="tianfuguoren" ></sample>
 <sample className="game.city.builddata.EffectBuffer" sid="72" name="雄姿英发" level="1" attributeType="[19,18]" addType="2" soldierType="0" effectValue="[[0,45],[0,45]]" desc="" icon="xiongziyingfa" ></sample>
 <sample className="game.city.builddata.EffectBuffer" sid="73" name="文武全才" level="1" attributeType="[19,20]" addType="2" soldierType="0" effectValue="[[0,45],[0,45]]" desc="" icon="wenwuquancai" ></sample>
 <sample className="game.city.builddata.EffectBuffer" sid="74" name="仙体" level="1" attributeType="[18,19,20]" addType="2" soldierType="0" effectValue="[[0,50],[0,50],[0,50]]" desc="" icon="xianti" ></sample>
 <sample className="game.city.builddata.EffectBuffer" sid="5000" name="测试武将天赋" level="1" attributeType="[25,26]" addType="2" soldierType="0" effectValue="[[0,1000],[0,2000]]" desc="" icon="" ></sample>
 <sample className="game.city.builddata.EffectBuffer" sid="100" name="黄天当立" level="1" attributeType="[25]" addType="2" soldierType="0" effectValue="[[0,100]]" famousGeneralType="5" desc="全体武将攻击+100" icon="" ></sample>
 <sample className="game.city.builddata.EffectBuffer" sid="101" name="黄天当立" level="1" attributeType="[26]" addType="2" soldierType="0" effectValue="[[0,100]]" famousGeneralType="5" desc="全体武将体力+100" icon="" ></sample>
 <sample className="game.city.builddata.EffectBuffer" sid="102" name="黄天当立" level="1" attributeType="[27]" addType="2" soldierType="0" effectValue="[[0,40]]" famousGeneralType="5" desc="全体武将带兵数+30" icon="" ></sample>
 <sample className="game.city.builddata.EffectBuffer" sid="103" name="西凉枭雄" level="1" attributeType="[25]" addType="2" soldierType="0" effectValue="[[0,150]]" famousGeneralType="5" desc="全体武将攻击+150" icon="" ></sample>
 <sample className="game.city.builddata.EffectBuffer" sid="104" name="西凉枭雄" level="1" attributeType="[26]" addType="2" soldierType="0" effectValue="[[0,150]]" famousGeneralType="5" desc="全体武将体力+150" icon="" ></sample>
 <sample className="game.city.builddata.EffectBuffer" sid="105" name="西凉枭雄" level="1" attributeType="[27]" addType="2" soldierType="0" effectValue="[[0,60]]" famousGeneralType="5" desc="全体武将带兵数+60" icon="" ></sample>
 <sample className="game.city.builddata.EffectBuffer" sid="106" name="割据一方" level="1" attributeType="[25]" addType="2" soldierType="0" effectValue="[[0,200]]" famousGeneralType="5" desc="全体武将攻击+200" icon="" ></sample>
 <sample className="game.city.builddata.EffectBuffer" sid="107" name="割据一方" level="1" attributeType="[26]" addType="2" soldierType="0" effectValue="[[0,200]]" famousGeneralType="5" desc="全体武将体力+200" icon="" ></sample>
 <sample className="game.city.builddata.EffectBuffer" sid="108" name="割据一方" level="1" attributeType="[27]" addType="2" soldierType="0" effectValue="[[0,90]]" famousGeneralType="5" desc="全体武将带兵数+90" icon="" ></sample>
 <sample className="game.city.builddata.EffectBuffer" sid="109" name="徐州三雄" level="1" attributeType="[25]" addType="2" soldierType="0" effectValue="[[0,250]]" famousGeneralType="5" desc="全体武将攻击+250" icon="" ></sample>
 <sample className="game.city.builddata.EffectBuffer" sid="110" name="徐州三雄" level="1" attributeType="[26]" addType="2" soldierType="0" effectValue="[[0,250]]" famousGeneralType="5" desc="全体武将体力+250" icon="" ></sample>
 <sample className="game.city.builddata.EffectBuffer" sid="111" name="徐州三雄" level="1" attributeType="[27]" addType="2" soldierType="0" effectValue="[[0,120]]" famousGeneralType="5" desc="全体武将带兵数+120" icon="" ></sample>
 <sample className="game.city.builddata.EffectBuffer" sid="112" name="肝胆相照" level="1" attributeType="[25]" addType="2" soldierType="0" effectValue="[[0,350]]" famousGeneralType="5" desc="全体武将攻击+350" icon="" ></sample>
 <sample className="game.city.builddata.EffectBuffer" sid="113" name="肝胆相照" level="1" attributeType="[27]" addType="2" soldierType="0" effectValue="[[0,150]]" famousGeneralType="5" desc="全体武将带兵数+150" icon="" ></sample>
 <sample className="game.city.builddata.EffectBuffer" sid="114" name="肝胆相照" level="1" attributeType="[26]" addType="2" soldierType="0" effectValue="[[0,350]]" famousGeneralType="5" desc="全体武将体力+350" icon="" ></sample>
 <sample className="game.city.builddata.EffectBuffer" sid="115" name="虎父无犬女" level="1" attributeType="[18]" addType="2" soldierType="0" effectValue="[[0,30]]" famousGeneralType="4" desc="主角统帅+30" icon="" ></sample>
 <sample className="game.city.builddata.EffectBuffer" sid="116" name="虎父无犬女" level="1" attributeType="[25]" addType="2" soldierType="0" effectValue="[[0,450]]" famousGeneralType="5" desc="全体武将攻击+450" icon="" ></sample>
 <sample className="game.city.builddata.EffectBuffer" sid="117" name="虎父无犬女" level="1" attributeType="[26]" addType="2" soldierType="0" effectValue="[[0,450]]" famousGeneralType="5" desc="全体武将体力+450" icon="" ></sample>
 <sample className="game.city.builddata.EffectBuffer" sid="118" name="羞花闭月" level="1" attributeType="[20]" addType="2" soldierType="0" effectValue="[[0,30]]" famousGeneralType="4" desc="主角智力+30" icon="" ></sample>
 <sample className="game.city.builddata.EffectBuffer" sid="119" name="羞花闭月" level="1" attributeType="[25]" addType="2" soldierType="0" effectValue="[[0,550]]" famousGeneralType="5" desc="全体武将攻击+550" icon="" ></sample>
 <sample className="game.city.builddata.EffectBuffer" sid="120" name="羞花闭月" level="1" attributeType="[26]" addType="2" soldierType="0" effectValue="[[0,550]]" famousGeneralType="5" desc="全体武将体力+550" icon="" ></sample>
 <sample className="game.city.builddata.EffectBuffer" sid="121" name="夏侯双雄" level="1" attributeType="[19]" addType="2" soldierType="0" effectValue="[[0,30]]" famousGeneralType="4" desc="主角武力+30" icon="" ></sample>
 <sample className="game.city.builddata.EffectBuffer" sid="122" name="夏侯双雄" level="1" attributeType="[25]" addType="2" soldierType="0" effectValue="[[0,700]]" famousGeneralType="5" desc="全体武将攻击+700" icon="" ></sample>
 <sample className="game.city.builddata.EffectBuffer" sid="123" name="夏侯双雄" level="1" attributeType="[26]" addType="2" soldierType="0" effectValue="[[0,700]]" famousGeneralType="5" desc="全体武将体力+700" icon="" ></sample>
 <sample className="game.city.builddata.EffectBuffer" sid="500" name="张梁" level="1" attributeType="[25]" addType="2" soldierType="0" effectValue="[[0,50]]" famousGeneralType="5" desc="全体武将攻击+50" icon="" ></sample>
 <sample className="game.city.builddata.EffectBuffer" sid="501" name="张梁" level="1" attributeType="[26]" addType="2" soldierType="0" effectValue="[[0,50]]" famousGeneralType="5" desc="全体武将体力+50" icon="" ></sample>
 <sample className="game.city.builddata.EffectBuffer" sid="502" name="张梁" level="1" attributeType="[19]" addType="2" soldierType="0" effectValue="[[0,5]]" famousGeneralType="4" desc="主角武力+5" icon="" ></sample>
 <sample className="game.city.builddata.EffectBuffer" sid="503" name="张宝" level="1" attributeType="[25]" addType="2" soldierType="0" effectValue="[[0,50]]" famousGeneralType="5" desc="全体武将攻击+50" icon="" ></sample>
 <sample className="game.city.builddata.EffectBuffer" sid="504" name="张宝" level="1" attributeType="[26]" addType="2" soldierType="0" effectValue="[[0,50]]" famousGeneralType="5" desc="全体武将体力+50" icon="" ></sample>
 <sample className="game.city.builddata.EffectBuffer" sid="505" name="张宝" level="1" attributeType="[18]" addType="2" soldierType="0" effectValue="[[0,5]]" famousGeneralType="4" desc="主角统帅+5" icon="" ></sample>
 <sample className="game.city.builddata.EffectBuffer" sid="506" name="张角" level="1" attributeType="[25]" addType="2" soldierType="0" effectValue="[[0,50]]" famousGeneralType="5" desc="全体武将攻击+50" icon="" ></sample>
 <sample className="game.city.builddata.EffectBuffer" sid="507" name="张角" level="1" attributeType="[26]" addType="2" soldierType="0" effectValue="[[0,50]]" famousGeneralType="5" desc="全体武将体力+50" icon="" ></sample>
 <sample className="game.city.builddata.EffectBuffer" sid="508" name="张角" level="1" attributeType="[20]" addType="2" soldierType="0" effectValue="[[0,5]]" famousGeneralType="4" desc="主角智力+5" icon="" ></sample>
 <sample className="game.city.builddata.EffectBuffer" sid="509" name="董卓" level="1" attributeType="[27]" addType="2" soldierType="0" effectValue="[[0,20]]" famousGeneralType="5" desc="全体武将带兵+20" icon="" ></sample>
 <sample className="game.city.builddata.EffectBuffer" sid="510" name="董卓" level="1" attributeType="[26]" addType="2" soldierType="0" effectValue="[[0,50]]" famousGeneralType="5" desc="全体武将体力+50" icon="" ></sample>
 <sample className="game.city.builddata.EffectBuffer" sid="511" name="董卓" level="1" attributeType="[25]" addType="2" soldierType="0" effectValue="[[0,50]]" famousGeneralType="5" desc="全体武将攻击+50" icon="" ></sample>
 <sample className="game.city.builddata.EffectBuffer" sid="512" name="董卓" level="1" attributeType="[19]" addType="2" soldierType="0" effectValue="[[0,15]]" famousGeneralType="4" desc="主角武力+15" icon="" ></sample>
 <sample className="game.city.builddata.EffectBuffer" sid="513" name="华雄" level="1" attributeType="[27]" addType="2" soldierType="0" effectValue="[[0,20]]" famousGeneralType="5" desc="全体武将带兵+20" icon="" ></sample>
 <sample className="game.city.builddata.EffectBuffer" sid="514" name="华雄" level="1" attributeType="[26]" addType="2" soldierType="0" effectValue="[[0,50]]" famousGeneralType="5" desc="全体武将体力+50" icon="" ></sample>
 <sample className="game.city.builddata.EffectBuffer" sid="515" name="华雄" level="1" attributeType="[25]" addType="2" soldierType="0" effectValue="[[0,50]]" famousGeneralType="5" desc="全体武将攻击+50" icon="" ></sample>
 <sample className="game.city.builddata.EffectBuffer" sid="516" name="华雄" level="1" attributeType="[18]" addType="2" soldierType="0" effectValue="[[0,15]]" famousGeneralType="4" desc="主角统帅+15" icon="" ></sample>
 <sample className="game.city.builddata.EffectBuffer" sid="517" name="李儒" level="1" attributeType="[27]" addType="2" soldierType="0" effectValue="[[0,20]]" famousGeneralType="5" desc="全体武将带兵+20" icon="" ></sample>
 <sample className="game.city.builddata.EffectBuffer" sid="518" name="李儒" level="1" attributeType="[26]" addType="2" soldierType="0" effectValue="[[0,50]]" famousGeneralType="5" desc="全体武将体力+50" icon="" ></sample>
 <sample className="game.city.builddata.EffectBuffer" sid="519" name="李儒" level="1" attributeType="[25]" addType="2" soldierType="0" effectValue="[[0,50]]" famousGeneralType="5" desc="全体武将攻击+50" icon="" ></sample>
 <sample className="game.city.builddata.EffectBuffer" sid="520" name="李儒" level="1" attributeType="[20]" addType="2" soldierType="0" effectValue="[[0,15]]" famousGeneralType="4" desc="主角智力+15" icon="" ></sample>
 <sample className="game.city.builddata.EffectBuffer" sid="521" name="文丑" level="1" attributeType="[27]" addType="2" soldierType="0" effectValue="[[0,15]]" famousGeneralType="5" desc="全体武将带兵+15" icon="" ></sample>
 <sample className="game.city.builddata.EffectBuffer" sid="522" name="文丑" level="1" attributeType="[26]" addType="2" soldierType="0" effectValue="[[0,100]]" famousGeneralType="5" desc="全体武将体力+100" icon="" ></sample>
 <sample className="game.city.builddata.EffectBuffer" sid="523" name="文丑" level="1" attributeType="[30]" addType="2" soldierType="0" effectValue="[[0,0.5]]" famousGeneralType="4" desc="主角武力成长+0.5" icon="" ></sample>
 <sample className="game.city.builddata.EffectBuffer" sid="524" name="文丑" level="1" attributeType="[25]" addType="2" soldierType="0" effectValue="[[0,100]]" famousGeneralType="5" desc="全体武将攻击+100" icon="" ></sample>
 <sample className="game.city.builddata.EffectBuffer" sid="525" name="文丑" level="1" attributeType="[27]" addType="2" soldierType="0" effectValue="[[0,25]]" famousGeneralType="5" desc="全体武将带兵+25" icon="" ></sample>
 <sample className="game.city.builddata.EffectBuffer" sid="526" name="颜良" level="1" attributeType="[27]" addType="2" soldierType="0" effectValue="[[0,15]]" famousGeneralType="5" desc="全体武将带兵+15" icon="" ></sample>
 <sample className="game.city.builddata.EffectBuffer" sid="527" name="颜良" level="1" attributeType="[26]" addType="2" soldierType="0" effectValue="[[0,100]]" famousGeneralType="5" desc="全体武将体力+100" icon="" ></sample>
 <sample className="game.city.builddata.EffectBuffer" sid="528" name="颜良" level="1" attributeType="[29]" addType="2" soldierType="0" effectValue="[[0,0.5]]" famousGeneralType="4" desc="主角统帅成长+0.5" icon="" ></sample>
 <sample className="game.city.builddata.EffectBuffer" sid="529" name="颜良" level="1" attributeType="[25]" addType="2" soldierType="0" effectValue="[[0,100]]" famousGeneralType="5" desc="全体武将攻击+100" icon="" ></sample>
 <sample className="game.city.builddata.EffectBuffer" sid="530" name="颜良" level="1" attributeType="[27]" addType="2" soldierType="0" effectValue="[[0,25]]" famousGeneralType="5" desc="全体武将带兵+25" icon="" ></sample>
 <sample className="game.city.builddata.EffectBuffer" sid="531" name="袁绍" level="1" attributeType="[27]" addType="2" soldierType="0" effectValue="[[0,15]]" famousGeneralType="5" desc="全体武将带兵+15" icon="" ></sample>
 <sample className="game.city.builddata.EffectBuffer" sid="532" name="袁绍" level="1" attributeType="[26]" addType="2" soldierType="0" effectValue="[[0,100]]" famousGeneralType="5" desc="全体武将体力+100" icon="" ></sample>
 <sample className="game.city.builddata.EffectBuffer" sid="533" name="袁绍" level="1" attributeType="[31]" addType="2" soldierType="0" effectValue="[[0,0.5]]" famousGeneralType="4" desc="主角智力成长+0.5" icon="" ></sample>
 <sample className="game.city.builddata.EffectBuffer" sid="534" name="袁绍" level="1" attributeType="[25]" addType="2" soldierType="0" effectValue="[[0,100]]" famousGeneralType="5" desc="全体武将攻击+100" icon="" ></sample>
 <sample className="game.city.builddata.EffectBuffer" sid="535" name="袁绍" level="1" attributeType="[27]" addType="2" soldierType="0" effectValue="[[0,25]]" famousGeneralType="5" desc="全体武将带兵+25" icon="" ></sample>
 <sample className="game.city.builddata.EffectBuffer" sid="536" name="张辽" level="1" attributeType="[27]" addType="2" soldierType="0" effectValue="[[0,20]]" famousGeneralType="5" desc="全体武将带兵+20" icon="" ></sample>
 <sample className="game.city.builddata.EffectBuffer" sid="537" name="张辽" level="1" attributeType="[25]" addType="2" soldierType="0" effectValue="[[0,150]]" famousGeneralType="5" desc="全体武将攻击+150" icon="" ></sample>
 <sample className="game.city.builddata.EffectBuffer" sid="538" name="张辽" level="1" attributeType="[30]" addType="2" soldierType="0" effectValue="[[0,1]]" famousGeneralType="4" desc="主角武力成长+1" icon="" ></sample>
 <sample className="game.city.builddata.EffectBuffer" sid="539" name="张辽" level="1" attributeType="[26]" addType="2" soldierType="0" effectValue="[[0,150]]" famousGeneralType="5" desc="全体武将体力+150" icon="" ></sample>
 <sample className="game.city.builddata.EffectBuffer" sid="540" name="张辽" level="1" attributeType="[27]" addType="2" soldierType="0" effectValue="[[0,30]]" famousGeneralType="5" desc="全体武将带兵+30" icon="" ></sample>
 <sample className="game.city.builddata.EffectBuffer" sid="541" name="臧霸" level="1" attributeType="[27]" addType="2" soldierType="0" effectValue="[[0,20]]" famousGeneralType="5" desc="全体武将带兵+20" icon="" ></sample>
 <sample className="game.city.builddata.EffectBuffer" sid="542" name="臧霸" level="1" attributeType="[25]" addType="2" soldierType="0" effectValue="[[0,150]]" famousGeneralType="5" desc="全体武将攻击+150" icon="" ></sample>
 <sample className="game.city.builddata.EffectBuffer" sid="543" name="臧霸" level="1" attributeType="[29]" addType="2" soldierType="0" effectValue="[[0,1]]" famousGeneralType="4" desc="主角统帅成长+1" icon="" ></sample>
 <sample className="game.city.builddata.EffectBuffer" sid="544" name="臧霸" level="1" attributeType="[26]" addType="2" soldierType="0" effectValue="[[0,150]]" famousGeneralType="5" desc="全体武将体力+150" icon="" ></sample>
 <sample className="game.city.builddata.EffectBuffer" sid="545" name="臧霸" level="1" attributeType="[27]" addType="2" soldierType="0" effectValue="[[0,30]]" famousGeneralType="5" desc="全体武将带兵+30" icon="" ></sample>
 <sample className="game.city.builddata.EffectBuffer" sid="546" name="高顺" level="1" attributeType="[27]" addType="2" soldierType="0" effectValue="[[0,20]]" famousGeneralType="5" desc="全体武将带兵+20" icon="" ></sample>
 <sample className="game.city.builddata.EffectBuffer" sid="547" name="高顺" level="1" attributeType="[25]" addType="2" soldierType="0" effectValue="[[0,150]]" famousGeneralType="5" desc="全体武将攻击+150" icon="" ></sample>
 <sample className="game.city.builddata.EffectBuffer" sid="548" name="高顺" level="1" attributeType="[31]" addType="2" soldierType="0" effectValue="[[0,1]]" famousGeneralType="4" desc="主角智力成长+1" icon="" ></sample>
 <sample className="game.city.builddata.EffectBuffer" sid="549" name="高顺" level="1" attributeType="[26]" addType="2" soldierType="0" effectValue="[[0,150]]" famousGeneralType="5" desc="全体武将体力+150" icon="" ></sample>
 <sample className="game.city.builddata.EffectBuffer" sid="550" name="高顺" level="1" attributeType="[27]" addType="2" soldierType="0" effectValue="[[0,30]]" famousGeneralType="5" desc="全体武将带兵+30" icon="" ></sample>
 <sample className="game.city.builddata.EffectBuffer" sid="551" name="甄姬" level="1" attributeType="[20]" addType="2" soldierType="0" effectValue="[[0,10]]" famousGeneralType="1" militarySid="124" desc="甄姬智力+10" icon="" ></sample>
 <sample className="game.city.builddata.EffectBuffer" sid="552" name="甄姬" level="1" attributeType="[20]" addType="2" soldierType="0" effectValue="[[0,20]]" famousGeneralType="1" militarySid="124" desc="甄姬智力+20" icon="" ></sample>
 <sample className="game.city.builddata.EffectBuffer" sid="553" name="甄姬" level="1" attributeType="[20]" addType="2" soldierType="0" effectValue="[[0,30]]" famousGeneralType="1" militarySid="124" desc="甄姬智力+30" icon="" ></sample>
 <sample className="game.city.builddata.EffectBuffer" sid="554" name="马云禄" level="1" attributeType="[25]" addType="2" soldierType="0" effectValue="[[0,200]]" famousGeneralType="5" desc="全体武将攻击+200" icon="" ></sample>
 <sample className="game.city.builddata.EffectBuffer" sid="555" name="马云禄" level="1" attributeType="[27]" addType="2" soldierType="0" effectValue="[[0,75]]" famousGeneralType="5" desc="全体武将带兵+75" icon="" ></sample>
 <sample className="game.city.builddata.EffectBuffer" sid="556" name="马云禄" level="1" attributeType="[26]" addType="2" soldierType="0" effectValue="[[0,200]]" famousGeneralType="5" desc="全体武将体力+200" icon="" ></sample>
 <sample className="game.city.builddata.EffectBuffer" sid="557" name="大乔" level="1" attributeType="[25]" addType="2" soldierType="0" effectValue="[[0,250]]" famousGeneralType="5" desc="全体武将攻击+250" icon="" ></sample>
 <sample className="game.city.builddata.EffectBuffer" sid="558" name="大乔" level="1" attributeType="[27]" addType="2" soldierType="0" effectValue="[[0,100]]" famousGeneralType="5" desc="全体武将带兵+100" icon="" ></sample>
 <sample className="game.city.builddata.EffectBuffer" sid="559" name="大乔" level="1" attributeType="[26]" addType="2" soldierType="0" effectValue="[[0,250]]" famousGeneralType="5" desc="全体武将体力+250" icon="" ></sample>
 <sample className="game.city.builddata.EffectBuffer" sid="560" name="蔡文姬" level="1" attributeType="[29]" addType="2" soldierType="0" effectValue="[[0,1]]" famousGeneralType="4" desc="主角统帅成长+1" icon="" ></sample>
 <sample className="game.city.builddata.EffectBuffer" sid="561" name="蔡文姬" level="1" attributeType="[26]" addType="2" soldierType="0" effectValue="[[0,300]]" famousGeneralType="5" desc="全体武将体力+300" icon="" ></sample>
 <sample className="game.city.builddata.EffectBuffer" sid="562" name="蔡文姬" level="1" attributeType="[25]" addType="2" soldierType="0" effectValue="[[0,300]]" famousGeneralType="5" desc="全体武将攻击+300" icon="" ></sample>
 <sample className="game.city.builddata.EffectBuffer" sid="563" name="魏延" level="1" attributeType="[30]" addType="2" soldierType="0" effectValue="[[0,1]]" famousGeneralType="4" desc="主角武力成长+1" icon="" ></sample>
 <sample className="game.city.builddata.EffectBuffer" sid="564" name="魏延" level="1" attributeType="[26]" addType="2" soldierType="0" effectValue="[[0,350]]" famousGeneralType="5" desc="全体武将体力+350" icon="" ></sample>
 <sample className="game.city.builddata.EffectBuffer" sid="565" name="魏延" level="1" attributeType="[25]" addType="2" soldierType="0" effectValue="[[0,350]]" famousGeneralType="5" desc="全体武将攻击+350" icon="" ></sample>
 <sample className="game.city.builddata.EffectBuffer" sid="566" name="周泰" level="1" attributeType="[25]" addType="2" soldierType="0" effectValue="[[0,400]]" famousGeneralType="5" desc="全体武将攻击+400" icon="" ></sample>
 <sample className="game.city.builddata.EffectBuffer" sid="567" name="周泰" level="1" attributeType="[27]" addType="2" soldierType="0" effectValue="[[0,125]]" famousGeneralType="5" desc="全体武将带兵+125" icon="" ></sample>
 <sample className="game.city.builddata.EffectBuffer" sid="568" name="周泰" level="1" attributeType="[26]" addType="2" soldierType="0" effectValue="[[0,400]]" famousGeneralType="5" desc="全体武将体力+400" icon="" ></sample>
 <sample className="game.city.builddata.EffectBuffer" sid="569" name="夏侯渊" level="1" attributeType="[25]" addType="2" soldierType="0" effectValue="[[0,450]]" famousGeneralType="5" desc="全体武将攻击+450" icon="" ></sample>
 <sample className="game.city.builddata.EffectBuffer" sid="570" name="夏侯渊" level="1" attributeType="[27]" addType="2" soldierType="0" effectValue="[[0,150]]" famousGeneralType="5" desc="全体武将带兵+150" icon="" ></sample>
 <sample className="game.city.builddata.EffectBuffer" sid="571" name="夏侯渊" level="1" attributeType="[26]" addType="2" soldierType="0" effectValue="[[0,450]]" famousGeneralType="5" desc="全体武将体力+450" icon="" ></sample>
 <sample className="game.city.builddata.EffectBuffer" sid="572" name="黄月英" level="1" attributeType="[31]" addType="2" soldierType="0" effectValue="[[0,1]]" famousGeneralType="4" desc="主角智力成长+1" icon="" ></sample>
 <sample className="game.city.builddata.EffectBuffer" sid="573" name="黄月英" level="1" attributeType="[26]" addType="2" soldierType="0" effectValue="[[0,550]]" famousGeneralType="5" desc="全体武将体力+550" icon="" ></sample>
 <sample className="game.city.builddata.EffectBuffer" sid="574" name="黄月英" level="1" attributeType="[25]" addType="2" soldierType="0" effectValue="[[0,550]]" famousGeneralType="5" desc="全体武将攻击+550" icon="" ></sample>
 </objects>