﻿<?xml version="1.0" encoding="UTF-8"?>
   <!-- 
   	style部队形象 
   	roles武将SID
   -->
   <objects>
<sample sid="1" className="game.window.duplicate.data.Enemy" name="山贼喽啰" derc="" roles="[1000]" style="shanzeilouluo" />
 <sample sid="2" className="game.window.duplicate.data.Enemy" name="山贼头目" derc="" roles="[1001]" style="shanzeitoumu" />
 <sample sid="3" className="game.window.duplicate.data.Enemy" name="山贼大当家" derc="" roles="[1002,1000]" style="shanzeitoumu" />
 <sample sid="4" className="game.window.duplicate.data.Enemy" name="马元义" derc="" roles="[1003,1004]" style="mayuanyi" />
 <sample sid="5" className="game.window.duplicate.data.Enemy" name="邓茂" derc="" roles="[1005,1007]" style="dengmao" />
 <sample sid="6" className="game.window.duplicate.data.Enemy" name="程志远" derc="" roles="[1006,1000,1000]" style="chengzhiyuan" />
 <sample sid="7" className="game.window.duplicate.data.Enemy" name="张梁" derc="" roles="[1008,1000,1000]" style="zhangliang" />
 <sample sid="8" className="game.window.duplicate.data.Enemy" name="张宝" derc="" roles="[1009,1000,1000]" style="zhangbao" />
 <sample sid="9" className="game.window.duplicate.data.Enemy" name="张角" derc="" roles="[1010,1001,1001]" style="zhangjiao" />
 <sample sid="10" className="game.window.duplicate.data.Enemy" name="精英张角" derc="" roles="[1008,1009,1010]" style="zhangjiao" />
 <sample sid="11" className="game.window.duplicate.data.Enemy" name="赵忠" derc="" roles="[1011,1012]" style="zhaozhong" />
 <sample sid="12" className="game.window.duplicate.data.Enemy" name="左丰" derc="" roles="[1013,1014]" style="zuofeng" />
 <sample sid="13" className="game.window.duplicate.data.Enemy" name="赵旷" derc="" roles="[1015,1016,1017]" style="zhaokuang" />
 <sample sid="14" className="game.window.duplicate.data.Enemy" name="何苗" derc="" roles="[1018,1019,1020]" style="hemiao" />
 <sample sid="15" className="game.window.duplicate.data.Enemy" name="胡轸" derc="" roles="[1022,1021,1021]" style="huzhen" />
 <sample sid="16" className="game.window.duplicate.data.Enemy" name="李肃" derc="" roles="[1023,1024,1021]" style="lisu" />
 <sample sid="17" className="game.window.duplicate.data.Enemy" name="华雄" derc="" roles="[1025,1027,1021]" style="huaxiong" />
 <sample sid="18" className="game.window.duplicate.data.Enemy" name="张济" derc="" roles="[1026,1028,1021]" style="zhangji" />
 <sample sid="19" className="game.window.duplicate.data.Enemy" name="吕布" derc="" roles="[1029,1030,1021]" style="lvbu" />
 <sample sid="20" className="game.window.duplicate.data.Enemy" name="精英董卓" derc="" roles="[1029,1030,1031]" style="dongzhuo" />
 <sample sid="21" className="game.window.duplicate.data.Enemy" name="公孙军部将" derc="" roles="[1032,1032,1032]" style="gongsunjunbujiang" />
 <sample sid="22" className="game.window.duplicate.data.Enemy" name="耿武" derc="" roles="[1033,1032,1032]" style="gengwu" />
 <sample sid="23" className="game.window.duplicate.data.Enemy" name="严纲" derc="" roles="[1034,1032,1032]" style="yangang" />
 <sample sid="24" className="game.window.duplicate.data.Enemy" name="田凯" derc="" roles="[1035,1032,1032]" style="tiankai" />
 <sample sid="25" className="game.window.duplicate.data.Enemy" name="田豫" derc="" roles="[1036,1032,1032]" style="tianyu" />
 <sample sid="26" className="game.window.duplicate.data.Enemy" name="关靖" derc="" roles="[1037,1032,1032]" style="guanjing" />
 <sample sid="27" className="game.window.duplicate.data.Enemy" name="公孙越" derc="" roles="[1038,1032,1032]" style="gongsunyue" />
 <sample sid="28" className="game.window.duplicate.data.Enemy" name="公孙续" derc="" roles="[1039,1032,1032]" style="gongsunxu" />
 <sample sid="29" className="game.window.duplicate.data.Enemy" name="公孙瓒" derc="" roles="[1040,1032,1032]" style="gongsunzan" />
 <sample sid="30" className="game.window.duplicate.data.Enemy" name="精英公孙瓒" derc="" roles="[1038,1039,1040]" style="gongsunzan" />
 <sample sid="31" className="game.window.duplicate.data.Enemy" name="曹军部将" derc="" roles="[1041,1041,1041]" style="caojunbujiang" />
 <sample sid="32" className="game.window.duplicate.data.Enemy" name="于禁" derc="" roles="[1042,1041,1041]" style="yujin" />
 <sample sid="33" className="game.window.duplicate.data.Enemy" name="李典" derc="" roles="[1112,1041,1041]" style="lidian" />
 <sample sid="34" className="game.window.duplicate.data.Enemy" name="乐进" derc="" roles="[1043,1041,1041]" style="lejin" />
 <sample sid="35" className="game.window.duplicate.data.Enemy" name="朱灵" derc="" roles="[1044,1041,1041]" style="zhuling" />
 <sample sid="36" className="game.window.duplicate.data.Enemy" name="路昭" derc="" roles="[1045,1041,1041]" style="luzhao" />
 <sample sid="37" className="game.window.duplicate.data.Enemy" name="郭嘉" derc="" roles="[1111,1041,1041]" style="guojia" />
 <sample sid="38" className="game.window.duplicate.data.Enemy" name="夏侯渊" derc="" roles="[1047,1041,1041]" style="xiahouyuan" />
 <sample sid="39" className="game.window.duplicate.data.Enemy" name="夏侯惇" derc="" roles="[1046,1041,1041]" style="xiahoudun" />
 <sample sid="40" className="game.window.duplicate.data.Enemy" name="精英夏侯惇" derc="" roles="[1111,1047,1046]" style="xiahoudun" />
 <sample sid="41" className="game.window.duplicate.data.Enemy" name="刘繇军部将" derc="" roles="[1048,1048,1048]" style="liuyaojunbujiang" />
 <sample sid="42" className="game.window.duplicate.data.Enemy" name="陆康" derc="" roles="[1049,1048,1048]" style="lukang" />
 <sample sid="43" className="game.window.duplicate.data.Enemy" name="张英" derc="" roles="[1050,1048,1048]" style="zhangying" />
 <sample sid="44" className="game.window.duplicate.data.Enemy" name="樊能" derc="" roles="[1051,1048,1048]" style="fanneng" />
 <sample sid="45" className="game.window.duplicate.data.Enemy" name="于糜" derc="" roles="[1052,1048,1048]" style="yumi" />
 <sample sid="46" className="game.window.duplicate.data.Enemy" name="孔融" derc="" roles="[1113,1048,1048]" style="jiaxu" />
 <sample sid="47" className="game.window.duplicate.data.Enemy" name="太史慈" derc="" roles="[1053,1048,1048]" style="taishici" />
 <sample sid="48" className="game.window.duplicate.data.Enemy" name="许贡" derc="" roles="[1054,1048,1048]" style="xugong" />
 <sample sid="49" className="game.window.duplicate.data.Enemy" name="刘繇" derc="" roles="[1055,1048,1048]" style="liuyao" />
 <sample sid="50" className="game.window.duplicate.data.Enemy" name="精英刘繇" derc="" roles="[1053,1054,1055]" style="liuyao" />
 <sample sid="51" className="game.window.duplicate.data.Enemy" name="杨奉" derc="" roles="[1057,1056,1056]" style="yangfeng" />
 <sample sid="52" className="game.window.duplicate.data.Enemy" name="韩禛" derc="" roles="[1058,1056,1056]" style="hanzhen" />
 <sample sid="53" className="game.window.duplicate.data.Enemy" name="张勋" derc="" roles="[1114]" style="fanchou" />
 <sample sid="54" className="game.window.duplicate.data.Enemy" name="雷薄" derc="" roles="[1115,1056]" style="guosi" />
 <sample sid="55" className="game.window.duplicate.data.Enemy" name="刘勋" derc="" roles="[1116,1056,1056]" style="guosheng" />
 <sample sid="56" className="game.window.duplicate.data.Enemy" name="梁刚" derc="" roles="[1059,1056,1056]" style="songdian" />
 <sample sid="57" className="game.window.duplicate.data.Enemy" name="陈纪" derc="" roles="[1117,1056,1056]" style="xiahui" />
 <sample sid="58" className="game.window.duplicate.data.Enemy" name="纪灵" derc="" roles="[1060,1056,1056]" style="jiling" />
 <sample sid="59" className="game.window.duplicate.data.Enemy" name="袁术" derc="" roles="[1061,1056,1056]" style="yuanshu" />
 <sample sid="60" className="game.window.duplicate.data.Enemy" name="精英袁术" derc="" roles="[1117,1060,1061]" style="yuanshu" />
 <sample sid="61" className="game.window.duplicate.data.Enemy" name="曹性" derc="" roles="[1063,1062,1062]" style="caoxing" />
 <sample sid="62" className="game.window.duplicate.data.Enemy" name="郝萌" derc="" roles="[1064,1062,1062]" style="haomeng" />
 <sample sid="63" className="game.window.duplicate.data.Enemy" name="高顺" derc="" roles="[1065,1062,1062]" style="gaoshun" />
 <sample sid="64" className="game.window.duplicate.data.Enemy" name="臧霸" derc="" roles="[1066,1062,1062]" style="zangba" />
 <sample sid="65" className="game.window.duplicate.data.Enemy" name="侯成" derc="" roles="[1067,1062,1062]" style="houcheng" />
 <sample sid="66" className="game.window.duplicate.data.Enemy" name="张辽" derc="" roles="[1068,1062,1062]" style="zhangliao" />
 <sample sid="67" className="game.window.duplicate.data.Enemy" name="陈宫" derc="" roles="[1069,1062,1062]" style="chengong" />
 <sample sid="68" className="game.window.duplicate.data.Enemy" name="貂蝉" derc="" roles="[1070,1062,1062]" style="diaochan" />
 <sample sid="69" className="game.window.duplicate.data.Enemy" name="吕布" derc="" roles="[1071,1062,1062]" style="lvbu" />
 <sample sid="70" className="game.window.duplicate.data.Enemy" name="精英吕布" derc="" roles="[1069,1070,1071]" style="lvbu" />
 <sample sid="71" className="game.window.duplicate.data.Enemy" name="郭图" derc="" roles="[1073,1074,1072]" style="guotu" />
 <sample sid="72" className="game.window.duplicate.data.Enemy" name="逢纪" derc="" roles="[1075,1072,1076]" style="fengji" />
 <sample sid="73" className="game.window.duplicate.data.Enemy" name="高览" derc="" roles="[1080,1077,1072]" style="gaolan" />
 <sample sid="74" className="game.window.duplicate.data.Enemy" name="审配" derc="" roles="[1084,1078,1072]" style="shenpei" />
 <sample sid="75" className="game.window.duplicate.data.Enemy" name="颜良" derc="" roles="[1081,1072,1072]" style="yanliang" />
 <sample sid="76" className="game.window.duplicate.data.Enemy" name="文丑" derc="" roles="[1082,1072,1072]" style="wenchou" />
 <sample sid="77" className="game.window.duplicate.data.Enemy" name="田丰" derc="" roles="[1083,1072,1072]" style="tianfeng" />
 <sample sid="78" className="game.window.duplicate.data.Enemy" name="张颌" derc="" roles="[1079,1072,1072]" style="zhanghe" />
 <sample sid="79" className="game.window.duplicate.data.Enemy" name="袁绍" derc="" roles="[1085,1072,1072]" style="yuanshao" />
 <sample sid="80" className="game.window.duplicate.data.Enemy" name="精英袁绍" derc="" roles="[1083,1079,1085]" style="yuanshao" />
 <sample sid="81" className="game.window.duplicate.data.Enemy" name="守关部将" derc="" roles="[1086,1086,1086]" style="shouguanbujiang" />
 <sample sid="82" className="game.window.duplicate.data.Enemy" name="孔秀" derc="" roles="[1087,1086,1086]" style="kongxiu" />
 <sample sid="83" className="game.window.duplicate.data.Enemy" name="孟坦" derc="" roles="[1088,1086,1086]" style="mengtan" />
 <sample sid="84" className="game.window.duplicate.data.Enemy" name="韩福" derc="" roles="[1089,1086,1086]" style="hanfu" />
 <sample sid="85" className="game.window.duplicate.data.Enemy" name="卞喜" derc="" roles="[1090,1086,1086]" style="bianxi" />
 <sample sid="86" className="game.window.duplicate.data.Enemy" name="王植" derc="" roles="[1091,1086,1086]" style="wangzhi" />
 <sample sid="87" className="game.window.duplicate.data.Enemy" name="秦琪" derc="" roles="[1092,1086,1086]" style="qinqi" />
 <sample sid="88" className="game.window.duplicate.data.Enemy" name="夏侯惇" derc="" roles="[1093,1086,1086]" style="xiahoudun" />
 <sample sid="89" className="game.window.duplicate.data.Enemy" name="蔡阳" derc="" roles="[1094,1086,1086]" style="caiyang" />
 <sample sid="90" className="game.window.duplicate.data.Enemy" name="精英蔡阳" derc="" roles="[1092,1093,1094]" style="caiyang" />
 <sample sid="91" className="game.window.duplicate.data.Enemy" name="李典" derc="" roles="[1095,1118,1118]" style="lidian" />
 <sample sid="92" className="game.window.duplicate.data.Enemy" name="于禁" derc="" roles="[1096,1118,1118]" style="yujin" />
 <sample sid="93" className="game.window.duplicate.data.Enemy" name="乐进" derc="" roles="[1097,1118,1118]" style="lejin" />
 <sample sid="94" className="game.window.duplicate.data.Enemy" name="张颌" derc="" roles="[1098,1099,1118]" style="zhanghe" />
 <sample sid="95" className="game.window.duplicate.data.Enemy" name="张辽" derc="" roles="[1102,1100,1118]" style="zhangliao" />
 <sample sid="96" className="game.window.duplicate.data.Enemy" name="许褚" derc="" roles="[1101,1104,1118]" style="xuzhu" />
 <sample sid="97" className="game.window.duplicate.data.Enemy" name="夏侯惇" derc="" roles="[1105,1106,1107]" style="xiahoudun" />
 <sample sid="98" className="game.window.duplicate.data.Enemy" name="曹仁" derc="" roles="[1108]" style="caoren" />
 <sample sid="99" className="game.window.duplicate.data.Enemy" name="曹操" derc="" roles="[1110,1109,1103]" style="caocao" />
 <sample sid="100" className="game.window.duplicate.data.Enemy" name="精英曹操" derc="" roles="[1105,1108,1110]" style="caocao" />
 <sample sid="2000" className="game.window.duplicate.data.Enemy" name="匪徒部队" derc="" roles="[2000,2000,2000]" style="shanzeilouluo" />
 <sample sid="2001" className="game.window.duplicate.data.Enemy" name="西凉守军" derc="" roles="[2001,2001,2001]" style="tiankai" />
 <sample sid="2002" className="game.window.duplicate.data.Enemy" name="天水守军" derc="" roles="[2002,2002,2002]" style="wenchou" />
 <sample sid="2003" className="game.window.duplicate.data.Enemy" name="陇西守军" derc="" roles="[2003,2003,2003]" style="xiahouen" />
 <sample sid="2004" className="game.window.duplicate.data.Enemy" name="永安守军" derc="" roles="[2004,2004,2004]" style="yangfeng" />
 <sample sid="2005" className="game.window.duplicate.data.Enemy" name="成都守军" derc="" roles="[2005,2005,2005]" style="huzhen" />
 <sample sid="2006" className="game.window.duplicate.data.Enemy" name="梓潼守军" derc="" roles="[2006,2006,2006]" style="guosi" />
 <sample sid="2007" className="game.window.duplicate.data.Enemy" name="武阳守军" derc="" roles="[2007,2007,2007]" style="hanfu" />
 <sample sid="2008" className="game.window.duplicate.data.Enemy" name="江州守军" derc="" roles="[2008,2008,2008]" style="caoren" />
 <sample sid="2009" className="game.window.duplicate.data.Enemy" name="巴郡守军" derc="" roles="[2009,2009,2009]" style="caohong" />
 <sample sid="2010" className="game.window.duplicate.data.Enemy" name="云南守军" derc="" roles="[2010,2010,2010]" style="yangang" />
 <sample sid="2011" className="game.window.duplicate.data.Enemy" name="答郎甸守军" derc="" roles="[2011,2011,2011]" style="tiankai" />
 <sample sid="2012" className="game.window.duplicate.data.Enemy" name="建宁守军" derc="" roles="[2012,2012,2012]" style="wenchou" />
 <sample sid="2013" className="game.window.duplicate.data.Enemy" name="涪陵守军" derc="" roles="[2013,2013,2013]" style="xiahouen" />
 <sample sid="2014" className="game.window.duplicate.data.Enemy" name="石城守军" derc="" roles="[2014,2014,2014]" style="yangfeng" />
 <sample sid="2015" className="game.window.duplicate.data.Enemy" name="潼关守军" derc="" roles="[2015,2015,2015]" style="huzhen" />
 <sample sid="2016" className="game.window.duplicate.data.Enemy" name="汉中守军" derc="" roles="[2016,2016,2016]" style="guosi" />
 <sample sid="2017" className="game.window.duplicate.data.Enemy" name="剑阁守军" derc="" roles="[2017,2017,2017]" style="hanfu" />
 <sample sid="2018" className="game.window.duplicate.data.Enemy" name="五丈原守军" derc="" roles="[2018,2018,2018]" style="caoren" />
 <sample sid="2019" className="game.window.duplicate.data.Enemy" name="长安守军" derc="" roles="[2019,2019,2019]" style="caohong" />
 <sample sid="2020" className="game.window.duplicate.data.Enemy" name="威武守军" derc="" roles="[2020,2020,2020]" style="yangang" />
 <sample sid="2021" className="game.window.duplicate.data.Enemy" name="街亭守军" derc="" roles="[2021,2021,2021]" style="tiankai" />
 <sample sid="2022" className="game.window.duplicate.data.Enemy" name="咸阳守军" derc="" roles="[2022,2022,2022]" style="wenchou" />
 <sample sid="2023" className="game.window.duplicate.data.Enemy" name="函谷关守军" derc="" roles="[2023,2023,2023]" style="xiahouen" />
 <sample sid="2024" className="game.window.duplicate.data.Enemy" name="濮阳守军" derc="" roles="[2024,2024,2024]" style="yangfeng" />
 <sample sid="2025" className="game.window.duplicate.data.Enemy" name="定军山守军" derc="" roles="[2025,2025,2025]" style="huzhen" />
 <sample sid="2026" className="game.window.duplicate.data.Enemy" name="斜谷守军" derc="" roles="[2026,2026,2026]" style="guosi" />
 <sample sid="2027" className="game.window.duplicate.data.Enemy" name="上庸守军" derc="" roles="[2027,2027,2027]" style="hanfu" />
 <sample sid="2028" className="game.window.duplicate.data.Enemy" name="晋阳守军" derc="" roles="[2028,2028,2028]" style="caoren" />
 <sample sid="2029" className="game.window.duplicate.data.Enemy" name="邺城守军" derc="" roles="[2029,2029,2029]" style="caohong" />
 <sample sid="2030" className="game.window.duplicate.data.Enemy" name="虎牢关守军" derc="" roles="[2030,2030,2030]" style="yangang" />
 <sample sid="2031" className="game.window.duplicate.data.Enemy" name="平原守军" derc="" roles="[2031,2031,2031]" style="tiankai" />
 <sample sid="2032" className="game.window.duplicate.data.Enemy" name="南皮守军" derc="" roles="[2032,2032,2032]" style="wenchou" />
 <sample sid="2033" className="game.window.duplicate.data.Enemy" name="洛阳守军" derc="" roles="[2033,2033,2033]" style="xiahouen" />
 <sample sid="2034" className="game.window.duplicate.data.Enemy" name="白马守军" derc="" roles="[2034,2034,2034]" style="yangfeng" />
 <sample sid="2035" className="game.window.duplicate.data.Enemy" name="邯郸守军" derc="" roles="[2035,2035,2035]" style="huzhen" />
 <sample sid="2036" className="game.window.duplicate.data.Enemy" name="蓟城守军" derc="" roles="[2036,2036,2036]" style="guosi" />
 <sample sid="2037" className="game.window.duplicate.data.Enemy" name="荥阳守军" derc="" roles="[2037,2037,2037]" style="hanfu" />
 <sample sid="2038" className="game.window.duplicate.data.Enemy" name="平丘守军" derc="" roles="[2038,2038,2038]" style="caoren" />
 <sample sid="2039" className="game.window.duplicate.data.Enemy" name="东郡守军" derc="" roles="[2039,2039,2039]" style="caohong" />
 <sample sid="2040" className="game.window.duplicate.data.Enemy" name="匪军" derc="" roles="[2040,2040,2040]" style="yangang" />
 <sample sid="2041" className="game.window.duplicate.data.Enemy" name="北平守军" derc="" roles="[2041,2041,2041]" style="tiankai" />
 <sample sid="2042" className="game.window.duplicate.data.Enemy" name="北海守军" derc="" roles="[2042,2042,2042]" style="wenchou" />
 <sample sid="2043" className="game.window.duplicate.data.Enemy" name="陈留守军" derc="" roles="[2043,2043,2043]" style="xiahouen" />
 <sample sid="2044" className="game.window.duplicate.data.Enemy" name="泗水守军" derc="" roles="[2044,2044,2044]" style="yangfeng" />
 <sample sid="2045" className="game.window.duplicate.data.Enemy" name="新野守军" derc="" roles="[2045,2045,2045]" style="huzhen" />
 <sample sid="2046" className="game.window.duplicate.data.Enemy" name="许昌守军" derc="" roles="[2046,2046,2046]" style="guosi" />
 <sample sid="2047" className="game.window.duplicate.data.Enemy" name="宛城守军" derc="" roles="[2047,2047,2047]" style="hanfu" />
 <sample sid="2048" className="game.window.duplicate.data.Enemy" name="汝南守军" derc="" roles="[2048,2048,2048]" style="caoren" />
 <sample sid="2049" className="game.window.duplicate.data.Enemy" name="汉阳守军" derc="" roles="[2049,2049,2049]" style="caohong" />
 <sample sid="2050" className="game.window.duplicate.data.Enemy" name="樊城守军" derc="" roles="[2050,2050,2050]" style="yangang" />
 <sample sid="2051" className="game.window.duplicate.data.Enemy" name="襄阳守军" derc="" roles="[2051,2051,2051]" style="tiankai" />
 <sample sid="2052" className="game.window.duplicate.data.Enemy" name="江陵守军" derc="" roles="[2052,2052,2052]" style="wenchou" />
 <sample sid="2053" className="game.window.duplicate.data.Enemy" name="麦城守军" derc="" roles="[2053,2053,2053]" style="xiahouen" />
 <sample sid="2054" className="game.window.duplicate.data.Enemy" name="长坂坡守军" derc="" roles="[2054,2054,2054]" style="yangfeng" />
 <sample sid="2055" className="game.window.duplicate.data.Enemy" name="宜城守军" derc="" roles="[2055,2055,2055]" style="huzhen" />
 <sample sid="2056" className="game.window.duplicate.data.Enemy" name="采桑守军" derc="" roles="[2056,2056,2056]" style="guosi" />
 <sample sid="2057" className="game.window.duplicate.data.Enemy" name="江夏守军" derc="" roles="[2057,2057,2057]" style="hanfu" />
 <sample sid="2058" className="game.window.duplicate.data.Enemy" name="华容守军" derc="" roles="[2058,2058,2058]" style="caoren" />
 <sample sid="2059" className="game.window.duplicate.data.Enemy" name="三江口守军" derc="" roles="[2059,2059,2059]" style="caohong" />
 <sample sid="2060" className="game.window.duplicate.data.Enemy" name="赤壁守军" derc="" roles="[2060,2060,2060]" style="yangang" />
 <sample sid="2061" className="game.window.duplicate.data.Enemy" name="巫峡关守军" derc="" roles="[2061,2061,2061]" style="tiankai" />
 <sample sid="2062" className="game.window.duplicate.data.Enemy" name="白帝守军" derc="" roles="[2062,2062,2062]" style="wenchou" />
 <sample sid="2063" className="game.window.duplicate.data.Enemy" name="汉寿守军" derc="" roles="[2063,2063,2063]" style="xiahouen" />
 <sample sid="2064" className="game.window.duplicate.data.Enemy" name="夷陵守军" derc="" roles="[2064,2064,2064]" style="yangfeng" />
 <sample sid="2065" className="game.window.duplicate.data.Enemy" name="武陵守军" derc="" roles="[2065,2065,2065]" style="huzhen" />
 <sample sid="2066" className="game.window.duplicate.data.Enemy" name="零陵守军" derc="" roles="[2066,2066,2066]" style="guosi" />
 <sample sid="2067" className="game.window.duplicate.data.Enemy" name="长沙守军" derc="" roles="[2067,2067,2067]" style="hanfu" />
 <sample sid="2068" className="game.window.duplicate.data.Enemy" name="衡阳守军" derc="" roles="[2068,2068,2068]" style="caoren" />
 <sample sid="2069" className="game.window.duplicate.data.Enemy" name="桂阳守军" derc="" roles="[2069,2069,2069]" style="caohong" />
 <sample sid="2070" className="game.window.duplicate.data.Enemy" name="浔阳守军" derc="" roles="[2070,2070,2070]" style="yangang" />
 <sample sid="2071" className="game.window.duplicate.data.Enemy" name="建昌守军" derc="" roles="[2071,2071,2071]" style="tiankai" />
 <sample sid="2072" className="game.window.duplicate.data.Enemy" name="武昌守军" derc="" roles="[2072,2072,2072]" style="wenchou" />
 <sample sid="2073" className="game.window.duplicate.data.Enemy" name="丹阳守军" derc="" roles="[2073,2073,2073]" style="xiahouen" />
 <sample sid="2074" className="game.window.duplicate.data.Enemy" name="鄱阳守军" derc="" roles="[2074,2074,2074]" style="yangfeng" />
 <sample sid="2075" className="game.window.duplicate.data.Enemy" name="曲阿守军" derc="" roles="[2075,2075,2075]" style="huzhen" />
 <sample sid="2076" className="game.window.duplicate.data.Enemy" name="庐江守军" derc="" roles="[2076,2076,2076]" style="guosi" />
 <sample sid="2077" className="game.window.duplicate.data.Enemy" name="九江守军" derc="" roles="[2077,2077,2077]" style="hanfu" />
 <sample sid="2078" className="game.window.duplicate.data.Enemy" name="汉津守军" derc="" roles="[2078,2078,2078]" style="caoren" />
 <sample sid="2079" className="game.window.duplicate.data.Enemy" name="湖口守军" derc="" roles="[2079,2079,2079]" style="caohong" />
 <sample sid="2080" className="game.window.duplicate.data.Enemy" name="建业守军" derc="" roles="[2080,2080,2080]" style="yangang" />
 <sample sid="2081" className="game.window.duplicate.data.Enemy" name="广陵守军" derc="" roles="[2081,2081,2081]" style="tiankai" />
 <sample sid="2082" className="game.window.duplicate.data.Enemy" name="会稽守军" derc="" roles="[2082,2082,2082]" style="wenchou" />
 <sample sid="2083" className="game.window.duplicate.data.Enemy" name="吴郡守军" derc="" roles="[2083,2083,2083]" style="xiahouen" />
 <sample sid="2084" className="game.window.duplicate.data.Enemy" name="南昌守军" derc="" roles="[2084,2084,2084]" style="yangfeng" />
 <sample sid="2085" className="game.window.duplicate.data.Enemy" name="建安守军" derc="" roles="[2085,2085,2085]" style="huzhen" />
 <sample sid="2086" className="game.window.duplicate.data.Enemy" name="江都守军" derc="" roles="[2086,2086,2086]" style="guosi" />
 <sample sid="2087" className="game.window.duplicate.data.Enemy" name="濡须坞守军" derc="" roles="[2087,2087,2087]" style="hanfu" />
 <sample sid="2088" className="game.window.duplicate.data.Enemy" name="合肥守军" derc="" roles="[2088,2088,2088]" style="caoren" />
 <sample sid="2089" className="game.window.duplicate.data.Enemy" name="寿春守军" derc="" roles="[2089,2089,2089]" style="caohong" />
 <sample sid="2090" className="game.window.duplicate.data.Enemy" name="下邳守军" derc="" roles="[2090,2090,2090]" style="yangang" />
 <sample sid="2091" className="game.window.duplicate.data.Enemy" name="徐州守军" derc="" roles="[2091,2091,2091]" style="hanfu" />
 <sample sid="2092" className="game.window.duplicate.data.Enemy" name="临淄守军" derc="" roles="[2092,2092,2092]" style="caoren" />
 <sample sid="2093" className="game.window.duplicate.data.Enemy" name="官渡守军" derc="" roles="[2093,2093,2093]" style="caohong" />
 <sample sid="2094" className="game.window.duplicate.data.Enemy" name="东海守军" derc="" roles="[2094,2094,2094]" style="yangang" />
 <sample sid="2095" className="game.window.duplicate.data.Enemy" name="远征军" derc="" roles="[2095,2095,2095]" style="caoren" />
 <sample sid="2096" className="game.window.duplicate.data.Enemy" name="精英远征军" derc="" roles="[2096,2096,2096]" style="caohong" />
 <sample sid="2097" className="game.window.duplicate.data.Enemy" name="禁卫军" derc="" roles="[2097,2097,2097]" style="wenchou" />
 <sample sid="3000" className="game.window.duplicate.data.Enemy" name="吕布军团" derc="" roles="[3000,3001,3002]" style="lvbu" />
 <sample sid="3001" className="game.window.duplicate.data.Enemy" name="关羽军团" derc="" roles="[3003,3004,3005]" style="guanyu" />
 <sample sid="4100" className="game.window.duplicate.data.Enemy" name="黄巾军" derc="" roles="[4100,4101,4100]" style="shanzeilouluo" />
 <sample sid="4101" className="game.window.duplicate.data.Enemy" name="黄巾军" derc="" roles="[4100,4101,4100]" style="shanzeilouluo" />
 <sample sid="4102" className="game.window.duplicate.data.Enemy" name="黄巾军" derc="" roles="[4100,4101,4100]" style="shanzeilouluo" />
 <sample sid="4103" className="game.window.duplicate.data.Enemy" name="黄巾军" derc="" roles="[4100,4101,4100]" style="shanzeilouluo" />
 <sample sid="4104" className="game.window.duplicate.data.Enemy" name="黄巾军" derc="" roles="[4100,4101,4100]" style="shanzeilouluo" />
 <sample sid="4105" className="game.window.duplicate.data.Enemy" name="黄巾军" derc="" roles="[4100,4101,4100]" style="shanzeilouluo" />
 <sample sid="4106" className="game.window.duplicate.data.Enemy" name="黄巾头目" derc="" roles="[4106,4107,4106]" style="shanzeilouluo" />
 <sample sid="4107" className="game.window.duplicate.data.Enemy" name="黄巾头目" derc="" roles="[4106,4107,4106]" style="shanzeilouluo" />
 <sample sid="4108" className="game.window.duplicate.data.Enemy" name="黄巾头目" derc="" roles="[4106,4107,4106]" style="shanzeilouluo" />
 <sample sid="4109" className="game.window.duplicate.data.Enemy" name="黄巾头目" derc="" roles="[4106,4107,4106]" style="shanzeilouluo" />
 <sample sid="4110" className="game.window.duplicate.data.Enemy" name="黄巾头目" derc="" roles="[4106,4107,4106]" style="shanzeilouluo" />
 <sample sid="5000" className="game.window.duplicate.data.Enemy" name="朝贡护卫" derc="" roles="[5000,5000,5000]" style="shanzeilouluo" />
 <sample sid="4200" className="game.window.duplicate.data.Enemy" name="蛮族" derc="" roles="[4001,4001,4001]" style="shanzeilouluo" />
 <sample sid="4111" className="game.window.duplicate.data.Enemy" name="副本击杀玩家" derc="" roles="[]" style="" />
 <sample sid="4112" className="game.window.duplicate.data.Enemy" name="国战击杀玩家" derc="" roles="[]" style="" />
 <sample sid="4113" className="game.window.duplicate.data.Enemy" name="黄巾击杀玩家" derc="" roles="[]" style="" />
 <sample sid="4114" className="game.window.duplicate.data.Enemy" name="朝贡击杀玩家" derc="" roles="[]" style="" />
 <sample sid="4115" className="game.window.duplicate.data.Enemy" name="天子击杀玩家" derc="" roles="[]" style="" />
 </objects>