﻿{"gongbin":
	{
	"stand":
		{"img":"gongbin","scale":"1","frames":
			{
				"3":
				{"x":"-62","y":"-73","actions":
					{"0":"gotoFram:1,7",
					"1":"wait:5#img:stand/70002.png",
					"2":"wait:5#img:stand/70003.png",
					"3":"wait:5#img:stand/70004.png",
					"4":"wait:5#img:stand/70005.png",
					"5":"wait:5#img:stand/70006.png",
					"6":"wait:5#img:stand/70007.png",
					"7":"wait:5#img:stand/70008.png",
					"8":"wait:5#img:stand/70009.png",
					"9":"gotoFram:1"}
				},
				
				"7":
				{"x":"-62","y":"-73","actions":
					{"0":"gotoFram:1,7",
					"1":"wait:5#img:stand/70002.png",
					"2":"wait:5#img:stand/70003.png",
					"3":"wait:5#img:stand/70004.png",
					"4":"wait:5#img:stand/70005.png",
					"5":"wait:5#img:stand/70006.png",
					"6":"wait:5#img:stand/70007.png",
					"7":"wait:5#img:stand/70008.png",
					"8":"wait:5#img:stand/70009.png",
					"9":"gotoFram:1"}
				}
			}
		}
	,	"run":
		{"img":"gongbin","scale":"1","frames":
			{
				"3":
				{"x":"-62","y":"-73","actions":
					{"0":"wait:5#img:run/70002.png",
					"1":"wait:5#img:run/70003.png",
					"2":"wait:5#img:run/70004.png",
					"3":"wait:5#img:run/70005.png",
					"4":"wait:5#img:run/70006.png",
					"5":"wait:5#img:run/70007.png",
					"6":"wait:5#img:run/70008.png",
					"7":"wait:5#img:run/70009.png",
					"8":"gotoFram:0"}
				},
				"7":
				{"x":"-62","y":"-73","actions":
					{"0":"wait:5#img:run/70002.png",
					"1":"wait:5#img:run/70003.png",
					"2":"wait:5#img:run/70004.png",
					"3":"wait:5#img:run/70005.png",
					"4":"wait:5#img:run/70006.png",
					"5":"wait:5#img:run/70007.png",
					"6":"wait:5#img:run/70008.png",
					"7":"wait:5#img:run/70009.png",
					"8":"gotoFram:0"}
				}
			}
		}
		,"action1":
		{"img":"gongbin","scale":"1","frames":
			{
				"3":
				{"x":"-62","y":"-73","actions":
					{"0":"wait:5#img:action/70002.png",
					"1":"wait:5#img:action/70003.png",
					"2":"wait:5#img:action/70004.png",
					"3":"wait:5#img:action/70005.png",
					"4":"wait:5#img:action/70006.png#action",
					"5":"wait:5#img:action/70007.png",
					"6":"wait:5#img:action/70008.png",
					"7":"wait:5#img:action/70009.png",
					"8":"wait:5#img:action/70010.png",
					"9":"wait:5#img:action/70011.png",
					"10":"play:stand#end"}
				},
				"7":
				{"x":"-62","y":"-73","actions":
					{"0":"wait:5#img:action/70002.png",
					"1":"wait:5#img:action/70003.png",
					"2":"wait:5#img:action/70004.png",
					"3":"wait:5#img:action/70005.png",
					"4":"wait:5#img:action/70006.png#action",
					"5":"wait:5#img:action/70007.png",
					"6":"wait:5#img:action/70008.png",
					"7":"wait:5#img:action/70009.png",
					"8":"wait:5#img:action/70010.png",
					"9":"wait:5#img:action/70011.png",
					"10":"play:stand#end"}
				}
			}
		}
		,"action":
		{"img":"gongbin","scale":"1","frames":
			{
				"3":
				{"x":"-62","y":"-73","actions":
					{"0":"wait:5#img:matt/70002.png",
					"1":"wait:5#img:matt/70003.png",
					"2":"wait:5#img:matt/70004.png",
					"3":"wait:5#img:matt/70005.png",
					"4":"wait:5#img:matt/70006.png#action",
					"5":"wait:5#img:matt/70007.png",
					"6":"wait:5#img:matt/70008.png",
					"7":"wait:5#img:matt/70009.png",
					"8":"wait:5#img:matt/70010.png",
					"9":"wait:5#img:matt/70011.png",
					"10":"play:stand#end"}
				},
				"7":
				{"x":"-62","y":"-73","actions":
					{"0":"wait:5#img:matt/70002.png",
					"1":"wait:5#img:matt/70003.png",
					"2":"wait:5#img:matt/70004.png",
					"3":"wait:5#img:matt/70005.png",
					"4":"wait:5#img:matt/70006.png#action",
					"5":"wait:5#img:matt/70007.png",
					"6":"wait:5#img:matt/70008.png",
					"7":"wait:5#img:matt/70009.png",
					"8":"wait:5#img:matt/70010.png",
					"9":"wait:5#img:matt/70011.png",
					"10":"play:stand#end"}
				}
			}
		}
		,"die":
		{"img":"gongbin","scale":"1","frames":
			{
				"3":
				{"x":"-62","y":"-73","actions":
					{"0":"wait:5#img:die/70002.png",
					"1":"wait:5#img:die/70003.png",
					"2":"wait:5#img:die/70004.png",
					"3":"wait:5#img:die/70005.png",
					"4":"wait:5#img:die/70006.png",
					"5":"wait:5#img:die/70007.png",
					"6":"play:stand#end"}
				},
				"7":
				{"x":"-62","y":"-73","actions":
					{"0":"wait:5#img:die/70002.png",
					"1":"wait:5#img:die/70003.png",
					"2":"wait:5#img:die/70004.png",
					"3":"wait:5#img:die/70005.png",
					"4":"wait:5#img:die/70006.png",
					"5":"wait:5#img:die/70007.png",
					"6":"play:stand#end"}
				}
			}
		}
		
		
	}
}