﻿{"qiangbin":
	{
	"stand":
		{"img":"qiangbin","scale":"1.2","frames":
			{
				"3":
				{"x":"-62","y":"-73","actions":
					{"0":"gotoFram:1,7",
					"1":"wait:5#img:stand/70002.png",
					"2":"wait:5#img:stand/70003.png",
					"3":"wait:5#img:stand/70004.png",
					"4":"wait:5#img:stand/70005.png",
					"5":"wait:5#img:stand/70006.png",
					"6":"wait:5#img:stand/70007.png",
					"7":"wait:5#img:stand/70008.png",
					"8":"wait:5#img:stand/70009.png",
					"9":"gotoFram:1"}
				},
				
				"7":
				{"x":"-62","y":"-73","actions":
					{"0":"gotoFram:1,7",
					"1":"wait:5#img:stand/70002.png",
					"2":"wait:5#img:stand/70003.png",
					"3":"wait:5#img:stand/70004.png",
					"4":"wait:5#img:stand/70005.png",
					"5":"wait:5#img:stand/70006.png",
					"6":"wait:5#img:stand/70007.png",
					"7":"wait:5#img:stand/70008.png",
					"8":"wait:5#img:stand/70009.png",
					"9":"gotoFram:1"}
				}
			}
		}
	,"run":
		{"img":"qiangbin","scale":"1.2","frames":
			{
				"3":
				{"x":"-64","y":"-74","actions":
					{"0":"wait:5#img:move/70002.png",
					"1":"wait:5#img:move/70003.png",
					"2":"wait:5#img:move/70004.png",
					"3":"wait:5#img:move/70005.png",
					"4":"gotoFram:0"}
				},
				"7":
				{"x":"-64","y":"-74","actions":
					{"0":"wait:5#img:move/70002.png",
					"1":"wait:5#img:move/70003.png",
					"2":"wait:5#img:move/70004.png",
					"3":"wait:5#img:move/70005.png",
					"4":"gotoFram:0"}
				}
			}
		}
		,"action":
		{"img":"qiangbin","scale":"1.2","frames":
			{
				"3":
				{"x":"-64","y":"-74","actions":
					{"0":"wait:5#img:attack/70002.png",
					"1":"wait:5#img:attack/70003.png",
					"2":"wait:5#img:attack/70004.png",
					"3":"wait:5#img:attack/70005.png",
					"4":"wait:5#img:attack/70006.png",
					"5":"wait:5#img:attack/70007.png",
					"6":"wait:5#img:attack/70008.png#action",
					"7":"wait:5#img:attack/70009.png",
					"8":"wait:5#img:attack/70010.png",
					"9":"wait:5#img:attack/70011.png",
					"10":"play:stand#end"}
				},
				"7":
				{"x":"-64","y":"-74","actions":
					{"0":"wait:5#img:attack/70002.png",
					"1":"wait:5#img:attack/70003.png",
					"2":"wait:5#img:attack/70004.png",
					"3":"wait:5#img:attack/70005.png",
					"4":"wait:5#img:attack/70006.png",
					"5":"wait:5#img:attack/70007.png",
					"6":"wait:5#img:attack/70008.png#action",
					"7":"wait:5#img:attack/70009.png",
					"8":"wait:5#img:attack/70010.png",
					"9":"wait:5#img:attack/70011.png",
					"10":"play:stand#end"}
				}
			}
		}
		,"die":
		{"img":"qiangbin","scale":"1.2","frames":
			{
				"3":
				{"x":"-64","y":"-74","actions":
					{"0":"wait:5#img:hurt/70002.png",
					"1":"wait:5#img:hurt/70003.png",
					"2":"wait:5#img:hurt/70004.png",
					"3":"wait:5#img:hurt/70005.png",
					"4":"play:stand#end"}
				},
				"7":
				{"x":"-64","y":"-74","actions":
					{"0":"wait:5#img:hurt/70002.png",
					"1":"wait:5#img:hurt/70003.png",
					"2":"wait:5#img:hurt/70004.png",
					"3":"wait:5#img:hurt/70005.png",
					"4":"play:stand#end"}
				}
			}
		}
		
		
	}
}