﻿{"qishi":
	{
	"stand":
		{"img":"qishi","scale":"1","frames":
			{
				
				"3":
				{"x":"-62","y":"-73","actions":
					{"0":"gotoFram:1,7",
					"1":"wait:5#img:站立/70002.png",
					"2":"wait:5#img:站立/70003.png",
					"3":"wait:5#img:站立/70004.png",
					"4":"wait:5#img:站立/70005.png",
					"5":"wait:5#img:站立/70006.png",
					"6":"wait:5#img:站立/70007.png",
					"7":"wait:5#img:站立/70008.png",
					"8":"wait:5#img:站立/70009.png",
					"9":"gotoFram:1"}
				},
				
				"7":
				{"x":"-62","y":"-73","actions":
					{"0":"gotoFram:1,7",
					"1":"wait:5#img:站立/70002.png",
					"2":"wait:5#img:站立/70003.png",
					"3":"wait:5#img:站立/70004.png",
					"4":"wait:5#img:站立/70005.png",
					"5":"wait:5#img:站立/70006.png",
					"6":"wait:5#img:站立/70007.png",
					"7":"wait:5#img:站立/70008.png",
					"8":"wait:5#img:站立/70009.png",
					"9":"gotoFram:1"}
				}
			}
		}
	,"run":
		{"img":"qishi","scale":"1","frames":
			{
				"3":
				{"x":"-62","y":"-73","actions":
					{"0":"wait:5#img:跑/70002.png",
					"1":"wait:5#img:跑/70003.png",
					"2":"wait:5#img:跑/70004.png",
					"3":"wait:5#img:跑/70005.png",
					"4":"wait:5#img:跑/70006.png",
					"5":"wait:5#img:跑/70007.png",
					"6":"wait:5#img:跑/70008.png",
					"7":"wait:5#img:跑/70009.png",
					"8":"gotoFram:0"}
				},
				"7":
				{"x":"-62","y":"-73","actions":
					{"0":"wait:5#img:跑/70002.png",
					"1":"wait:5#img:跑/70003.png",
					"2":"wait:5#img:跑/70004.png",
					"3":"wait:5#img:跑/70005.png",
					"4":"wait:5#img:跑/70006.png",
					"5":"wait:5#img:跑/70007.png",
					"6":"wait:5#img:跑/70008.png",
					"7":"wait:5#img:跑/70009.png",
					"8":"gotoFram:0"}
				}
			}
		}
		,"action":
		{"img":"qishi","scale":"1","frames":
			{
				"3":
				{"x":"-62","y":"-73","actions":
					{"0":"wait:5#img:攻击/70002.png",
					"1":"wait:5#img:攻击/70003.png",
					"2":"wait:5#img:攻击/70004.png",
					"3":"wait:5#img:攻击/70005.png",
					"4":"wait:5#img:攻击/70006.png",
					"5":"wait:5#img:攻击/70007.png",
					"6":"wait:5#img:攻击/70008.png#action",
					"7":"wait:5#img:攻击/70009.png",
					"8":"wait:5#img:攻击/70010.png",
					"9":"wait:5#img:攻击/70011.png",
					"10":"play:stand#end"}
				},
				"7":
				{"x":"-62","y":"-73","actions":
					{"0":"wait:5#img:攻击/70002.png",
					"1":"wait:5#img:攻击/70003.png",
					"2":"wait:5#img:攻击/70004.png",
					"3":"wait:5#img:攻击/70005.png",
					"4":"wait:5#img:攻击/70006.png",
					"5":"wait:5#img:攻击/70007.png",
					"6":"wait:5#img:攻击/70008.png#action",
					"7":"wait:5#img:攻击/70009.png",
					"8":"wait:5#img:攻击/70010.png",
					"9":"wait:5#img:攻击/70011.png",
					"10":"play:stand#end"}
				}
			}
		}
		,"action2":
		{"img":"qishi","scale":"1","frames":
			{
				"3":
				{"x":"-62","y":"-73","actions":
					{"0":"wait:5#img:攻击1/70002.png",
					"1":"wait:5#img:攻击1/70003.png",
					"2":"wait:5#img:攻击1/70004.png",
					"3":"wait:5#img:攻击1/70005.png",
					"4":"wait:5#img:攻击1/70006.png",
					"5":"wait:5#img:攻击1/70007.png",
					"6":"wait:5#img:攻击1/70008.png#action",
					"7":"wait:5#img:攻击1/70009.png",
					"8":"wait:5#img:攻击1/70010.png",
					"9":"wait:5#img:攻击1/70011.png",
					"10":"play:stand#end"}
				},
				"7":
				{"x":"-62","y":"-73","actions":
					{"0":"wait:5#img:攻击1/70002.png",
					"1":"wait:5#img:攻击1/70003.png",
					"2":"wait:5#img:攻击1/70004.png",
					"3":"wait:5#img:攻击1/70005.png",
					"4":"wait:5#img:攻击1/70006.png",
					"5":"wait:5#img:攻击1/70007.png",
					"6":"wait:5#img:攻击1/70008.png#action",
					"7":"wait:5#img:攻击1/70009.png",
					"8":"wait:5#img:攻击1/70010.png",
					"9":"wait:5#img:攻击1/70011.png",
					"10":"play:stand#end"}
				}
			}
		}
		,"die":
		{"img":"qishi","scale":"1","frames":
			{
				"3":
				{"x":"-62","y":"-73","actions":
					{"0":"wait:5#img:受伤/70002.png",
					"1":"wait:5#img:受伤/70003.png",
					"2":"wait:5#img:受伤/70004.png",
					"3":"wait:5#img:受伤/70005.png",
					"4":"wait:5#img:受伤/70006.png",
					"5":"wait:5#img:受伤/70007.png",
					"6":"play:stand#end"}
				},
				"7":
				{"x":"-62","y":"-73","actions":
					{"0":"wait:5#img:受伤/70002.png",
					"1":"wait:5#img:受伤/70003.png",
					"2":"wait:5#img:受伤/70004.png",
					"3":"wait:5#img:受伤/70005.png",
					"4":"wait:5#img:受伤/70006.png",
					"5":"wait:5#img:受伤/70007.png",
					"6":"play:stand#end"}
				}
			}
		}
		
		
	}
}