﻿<?xml version="1.0" encoding="UTF-8"?>
   <objects>
<sample className="game.window.randomEvent.RandomEvent" sid="1" name="巡查治安" icon="5" desc="  巡查治安的途中遇到一个昏倒在地的老人。" answer1="尊老爱幼是美德，将其扶起来" award1="3001" icon1="bocai" answer2="急着巡查，假装没看见" award2="3002" icon2="zhangjiao" />
 <sample className="game.window.randomEvent.RandomEvent" sid="2" name="奇怪女子" icon="2" desc="城中一客栈出现一妖艳女子，吸引很多人与她饮酒作乐，夜夜笙歌。" answer1="与众人一同狂欢" award1="3003" icon1="caiwenji" answer2=" 驱散众人，与她独饮" award2="3004" icon2="nanhualaoxian" />
 <sample className="game.window.randomEvent.RandomEvent" sid="3" name="先秦遗作" icon="9" desc="传闻此地留有先秦著作《吕氏春秋》，有缘者方能得之" answer1="纠集众友，前往寻宝" award1="3005" icon1="zhangbao" answer2="独自前往寻宝" award2="3006" icon2="mayuanyi" />
 <sample className="game.window.randomEvent.RandomEvent" sid="4" name="城中悍匪" icon="8" desc="城中突然出现大批悍匪，前往镇压悍匪的将士大都丧命于此" answer1="遇神杀神，遇佛杀佛，誓要镇压悍匪" award1="3007" icon1="nanzhuer" answer2="退避三舍，为死去的众将士默哀" award2="3008" icon2="nanzhuyi" />
 <sample className="game.window.randomEvent.RandomEvent" sid="5" name="兄弟不和" icon="3" desc="张飞和关羽两兄弟因某事争吵不休，还毁了一处客栈" answer1="以一敌二，将二人教训一顿" award1="3009" icon1="zhangfei" answer2="好言相劝，息事宁人" award2="3010" icon2="guanyu" />
 <sample className="game.window.randomEvent.RandomEvent" sid="6" name="神秘洞窟" icon="3" desc="远处的洞窟中传来一声凄厉的惨叫" answer1="进入洞窟看个究竟" award1="3011" icon1="lvbu" answer2="转身回家，以免危险" award2="3012" icon2="dengmao" />
 <sample className="game.window.randomEvent.RandomEvent" sid="7" name="误入贼窝" icon="5" desc="巡查归来，误入贼窝，看见一少女被坏人捆缚" answer1="剑指乾坤，救出少女" award1="3013" icon1="mayunlu" answer2="不关我的事，还是溜走为妙" award2="3014" icon2="huangyueying" />
 <sample className="game.window.randomEvent.RandomEvent" sid="8" name="落魄少年" icon="5" desc="巡查途中路遇一个落魄的少年，少年希望入你门下" answer1="收入府中，严格训练" award1="3015" icon1="machao" answer2="打出门去，此处不是菩萨庙" award2="3016" icon2="pangtong" />
 <sample className="game.window.randomEvent.RandomEvent" sid="9" name="夫妻矛盾" icon="5" desc="一对夫妻因意见不合在街上大吵起来" answer1="家和万事兴，去劝劝吧" award1="3017" icon1="nvzhuer" answer2="闲事莫管" award2="3018" icon2="liubei" />
 <sample className="game.window.randomEvent.RandomEvent" sid="10" name="擂台比武" icon="7" desc="远处有一壮汉摆了一个擂台，称无人能敌" answer1="挫挫他的锐气" award1="3019" icon1="menghuo" answer2="少蹚浑水" award2="3020" icon2="jiaxu" />
 <sample className="game.window.randomEvent.RandomEvent" sid="11" name="道士于吉" icon="9" desc="一个叫于吉的道士来到府邸，大放厥词直言府门近期会发生血光之灾" answer1="将他赶出去！" award1="3021" icon1="jiayu" answer2="认真请教化解之法" award2="3022" icon2="jiangwei" />
 <sample className="game.window.randomEvent.RandomEvent" sid="12" name="调戏民女" icon="5" desc="路遇一纨绔公子当街调戏民女" answer1="管他是谁，先揍一顿" award1="3023" icon1="huangzhong" answer2="有可能是官二代，还是不要插手为妙" award2="3024" icon2="huanggai" />
 <sample className="game.window.randomEvent.RandomEvent" sid="13" name="孙子兵法" icon="3" desc="传言孙子兵法被一个富商高价获得，但那富商根本不懂其中重要，竟想将他卖给敌国" answer1="出更高的加个竞拍此书" award1="3025" icon1="huatuo" answer2="武力抢夺" award2="3026" icon2="guojia" />
 <sample className="game.window.randomEvent.RandomEvent" sid="14" name="临终托孤" icon="1" desc="大旱，一老汉快被饿死，临死前将相依为命的女儿托付给你" answer1="将她送到安全的地方" award1="3027" icon1="huangwudie" answer2="收容此女，常伴左右" award2="3028" icon2="zhurong" />
 <sample className="game.window.randomEvent.RandomEvent" sid="15" name="突发瘟疫" icon="1" desc="城中突发瘟疫，死伤无数" answer1="寻找神医，为其救治" award1="3029" icon1="zhouyu" answer2="放弃百姓，任其自生自灭" award2="3030" icon2="zhugeliang" />
 <sample className="game.window.randomEvent.RandomEvent" sid="16" name="久旱不雨" icon="4" desc="今年大旱，眼看今年就要颗粒无收" answer1="立即开仓赈粮，怎能让百姓困苦" award1="3031" icon1="xiahoudun" answer2="让百姓到外地取水，浇灌庄稼，看能不能还有一丝生机" award2="3032" icon2="weiyan" />
 <sample className="game.window.randomEvent.RandomEvent" sid="17" name="才子齐聚" icon="7" desc="城中才子齐聚，国值动乱，他们在商讨要怎样才能为国出力" answer1="为他们引荐出处" award1="3033" icon1="zhangfei" answer2="将他们收纳到自己门下" award2="3034" icon2="zhaoyun" />
 <sample className="game.window.randomEvent.RandomEvent" sid="18" name="资源利用" icon="4" desc="粮食收割之后，剩下的稻草还可以再次利用" answer1="别那么麻烦了，资源已经够多不差那么点" award1="3035" icon1="zhoutai" answer2="节约为本，滴水成河只是时间问题" award2="3036" icon2="xiahouyuan" />
 <sample className="game.window.randomEvent.RandomEvent" sid="19" name="军士选拔" icon="8" desc="乱世中最难得是一良将，为了吸纳更多有才之士，众将争议是否要进行军士选拔" answer1="军士选拔刻不容缓" award1="3037" icon1="xuchu" answer2="国库空虚，此事容后再议" award2="3038" icon2="xushu" />
 <sample className="game.window.randomEvent.RandomEvent" sid="20" name="洪涝成灾" icon="1" desc="这些天连降大雨，洪水暴涨，百姓危机" answer1="全力抗灾，奔赴前线" award1="3039" icon1="guanyu" answer2="暂时观望，考虑有没有其他更好的办法" award2="3040" icon2="sunjian" />
 <sample className="game.window.randomEvent.RandomEvent" sid="21" name="钱仓小吏" icon="2" desc="管理钱仓的小吏每天都要偷藏几枚铜钱，被大人发现" answer1="数目不多，如数归还也就罢了" award1="3001" icon1="sunquan" answer2="小时偷针，大时偷金，不能姑息" award2="3002" icon2="dianwei" />
 <sample className="game.window.randomEvent.RandomEvent" sid="22" name="路遇悍妇" icon="5" desc="巡查途中，一瘦弱男子被一虎背熊腰的女子揍倒在路边" answer1="一边围观一边惊叹，真乃女汉子也" award1="3003" icon1="sunce" answer2="太可怕了，赶紧离开" award2="3004" icon2="guanhai" />
 <sample className="game.window.randomEvent.RandomEvent" sid="23" name="洪涝成灾" icon="4" desc="连降大雨，洪涝成灾，百姓困苦不堪" answer1="赶快开仓赈粮" award1="3005" icon1="zhangliang" answer2="要治根本还得筑堤坝" award2="3006" icon2="shanzeilouluo" />
 <sample className="game.window.randomEvent.RandomEvent" sid="24" name="赤地千里" icon="1" desc="天干大旱，颗粒无收，连土地都裂开了缝，日子真是苦啊" answer1="开仓赈粮吧" award1="3007" icon1="bocai" answer2="暗中克扣粮食，大旱要先自保啊" award2="3008" icon2="zhangjiao" />
 <sample className="game.window.randomEvent.RandomEvent" sid="25" name="义女貂蝉" icon="3" desc="听说那貂蝉用计离间吕布与董卓" answer1="奇女子也，必将名流千古" award1="3009" icon1="zuoci" answer2="嗤之以鼻，被逼之举" award2="3010" icon2="zhangxingcai" />
 <sample className="game.window.randomEvent.RandomEvent" sid="26" name="曹冲称象" icon="9" desc="听闻曹操得贡，乃大象，世人皆不知其重，小子曹冲用船称之" answer1="虎父无犬子" award1="3011" icon1="caocao" answer2="小聪明而已" award2="3012" icon2="chengzhiyuan" />
 <sample className="game.window.randomEvent.RandomEvent" sid="27" name="孔明娶妻" icon="7" desc="听闻诸葛亮娶了一奇女子，但容貌奇丑" answer1="上门看笑话" award1="3013" icon1="dengmao" answer2="内涵比外表更重要" award2="3014" icon2="caiwenji" />
 <sample className="game.window.randomEvent.RandomEvent" sid="28" name="刁蛮祝融" icon="5" desc="孟获新娶娇妻，听说蛮横无比，将他制服得服服帖帖" answer1="鄙视，真给纯爷们儿丢脸" award1="3015" icon1="jiayu" answer2="这一切都是因为爱" award2="3016" icon2="jiaxu" />
 <sample className="game.window.randomEvent.RandomEvent" sid="29" name="京城怪盗" icon="3" desc="京城出现一怪盗，专盗那些富商豪绅的钱财去救济穷苦百姓" answer1="立刻派兵捉拿，趁机拉拢豪绅" award1="3017" icon1="zhouyu" answer2="豪绅可恶，此举正合我意" award2="3018" icon2="zhugeliang" />
 <sample className="game.window.randomEvent.RandomEvent" sid="30" name="蝗虫成灾" icon="1" desc="天下大旱，蝗虫成灾，人不甚饥" answer1="驱扑焚瘗的办法除治蝗虫" award1="3019" icon1="weiyan" answer2="迷信拜神，祈求老天的力量" award2="3020" icon2="zhangfei" />
 <sample className="game.window.randomEvent.RandomEvent" sid="31" name="文姬归汉" icon="9" desc="蔡邕之女蔡文姬在战乱中被羌胡掳去，生死未卜，羌胡势众" answer1="可恶羌胡，必定将文姬救回！" award1="3021" icon1="zhenji" answer2="养精蓄锐，待到实力足够再去救赎" award2="3022" icon2="xiaoqiao" />
 <sample className="game.window.randomEvent.RandomEvent" sid="32" name="城中劫匪" icon="3" desc="最近城中很不安宁，频频发生抢劫事件" answer1="盲目搜索" award1="3023" icon1="xiahouyuan" answer2="紧闭城门，瓮中捉鳖" award2="3024" icon2="xushu" />
 <sample className="game.window.randomEvent.RandomEvent" sid="33" name="东吴枭姬" icon="6" desc="回城途中遭遇劫匪，危急时刻被一女子相救，辞别后才知乃东吴枭姬孙尚香" answer1="登门道谢，并趁机拉拢关系" award1="3025" icon1="sunjian" answer2="既然她不肯告知姓名，便不再追问" award2="3026" icon2="sunshangxiang" />
 <sample className="game.window.randomEvent.RandomEvent" sid="34" name="悍匪横行" icon="8" desc="国值动乱，悍匪横行，不仅抢劫钱财还伤及无辜百姓" answer1="派出军队，武力镇压！" award1="3027" icon1="dianwei" answer2="匪徒强悍，智取为妙" award2="3028" icon2="sunce" />
 <sample className="game.window.randomEvent.RandomEvent" sid="35" name="长坂坡战" icon="8" desc="刘备几位夫人皆被曹操困于长坂坡，甘夫人还怀带幼子刘禅" answer1="速速派兵营救，趁机拉拢蜀国" award1="3029" icon1="zhangfei" answer2="火上浇油，趁机拉拢魏国" award2="3030" icon2="weiyan" />
 <sample className="game.window.randomEvent.RandomEvent" sid="36" name="寒流来袭" icon="2" desc="寒冬来袭，突发寒流，很多流民都穿不暖和" answer1="立刻备棉衣棉被，发放流民" award1="3031" icon1="zhugeliang" answer2="将流民驱逐出城" award2="3032" icon2="xiahoudun" />
 <sample className="game.window.randomEvent.RandomEvent" sid="37" name="敌军来袭" icon="8" desc="紧急情报，敌军来袭可城中将士已尽数派出剿匪，紧急时刻军师急出一策空城计" answer1="这……风险太大，不予采用" award1="3033" icon1="huanggai" answer2="危急时刻只有一试了" award2="3034" icon2="huangzhong" />
 <sample className="game.window.randomEvent.RandomEvent" sid="38" name="周瑜娶亲" icon="5" desc="听闻名满天下的江东二乔之一的小乔和周瑜成亲了" answer1="才子佳人真乃一段佳话" award1="3035" icon1="yuji" answer2="为佳人暗自神伤" award2="3036" icon2="sunshangxiang" />
 <sample className="game.window.randomEvent.RandomEvent" sid="39" name="雅帝左慈" icon="7" desc="炼丹术士左慈自言能驱鬼" answer1="鬼神之说纯属子虚乌有" award1="3037" icon1="machao" answer2="虔诚的将他迎作上宾" award2="3038" icon2="pangtong" />
 <sample className="game.window.randomEvent.RandomEvent" sid="40" name="再遇劫匪" icon="3" desc="回城途中，路遇一行劫匪不识好歹高调拦截，要抢粮抢银，敌方人多势众不易突围" answer1="全力捉拿，就地处死" award1="3039" icon1="menghuo" answer2="为避免无故伤亡，将粮银如数缴出" award2="3040" icon2="liubei" />
 <sample className="game.window.randomEvent.RandomEvent" sid="41" name="强抢民女" icon="3" desc="大街之上恶霸强抢民女，这恶霸身后势力不小，不可小觑" answer1="与恶霸作斗争，坚持正义之举" award1="3001" icon1="jiangwei" answer2="这种恶霸还是不要得罪的好" award2="3002" icon2="huatuo" />
 <sample className="game.window.randomEvent.RandomEvent" sid="42" name="乱世乞儿" icon="6" desc="乱世之中，一个行乞小儿拉住你的衣角，满脸乞求" answer1="给他一点银子打发了" award1="3003" icon1="lvbu" answer2="收入府中严加训练，培养人才" award2="3004" icon2="nanzhuyi" />
 <sample className="game.window.randomEvent.RandomEvent" sid="43" name="狼群食人" icon="8" desc="茫茫大漠之中的军营遭遇狼群袭击，狼群凶猛，一将士被狼扑倒在地，眼见危急" answer1="前去救援" award1="3005" icon1="bocai" answer2="独自逃难" award2="3006" icon2="zhangbao" />
 <sample className="game.window.randomEvent.RandomEvent" sid="44" name="兴修水利" icon="1" desc="这几年旱涝灾害频发，只有尽早兴修水利才能解决，无奈国库吃紧" answer1="银子不够就去凑，不能让百姓吃苦" award1="3007" icon1="nanzhuer" answer2="既然国库不够充盈，还是暂缓吧" award2="3008" icon2="nanzhuyi" />
 <sample className="game.window.randomEvent.RandomEvent" sid="45" name="可怜瞎妇" icon="6" desc="一瞎眼老妇被儿子赶出家门，无依无靠身世可怜" answer1="为其做主" award1="3009" icon1="dengmao" answer2="收入府中" award2="3010" icon2="machao" />
 <sample className="game.window.randomEvent.RandomEvent" sid="46" name="休夫奇闻" icon="9" desc="自古以来只有夫休妻，可今日却遇到妻子要休掉丈夫，还闹上公堂" answer1="胡闹！不予理睬" award1="3011" icon1="menghuo" answer2="问明原因，没准有误会" award2="3012" icon2="liubei" />
 <sample className="game.window.randomEvent.RandomEvent" sid="47" name="老汉再娶" icon="7" desc="六十岁的老妪前来诉苦，说她家七十岁的老头要另取小妾" answer1="这……清官难断家务事啊" award1="3013" icon1="jiayu" answer2="让本官来替你做主" award2="3014" icon2="jiaxu" />
 <sample className="game.window.randomEvent.RandomEvent" sid="48" name="讨好贿赂" icon="7" desc="身在高处，地方富豪贿赂的情况屡见不鲜" answer1="为官须清廉，定不能助长此风气" award1="3015" icon1="jiangwei" answer2="拿人钱财替人消灾，天经地义" award2="3016" icon2="huatuo" />
 <sample className="game.window.randomEvent.RandomEvent" sid="49" name="树敌无数" icon="7" desc="想要为官清廉不免得罪许多人，屡屡树敌" answer1="兵来将挡水来土掩" award1="3017" icon1="huanggai" answer2="和气生财，尽量避过" award2="3018" icon2="zhugeliang" />
 <sample className="game.window.randomEvent.RandomEvent" sid="50" name="城中命案" icon="3" desc="城中履发命案，嗜血残暴，人心惶惶" answer1="加强巡逻，找出凶手" award1="3019" icon1="zhouyu" answer2="以百姓为饵设立陷阱，请君入瓮" award2="3020" icon2="weiyan" />
 <sample className="game.window.randomEvent.RandomEvent" sid="51" name="江东小乔" icon="8" desc="听说那曹操一直觊觎小乔美貌，欲出战江东" answer1="援助曹军" award1="3021" icon1="zhoutai" answer2="援助吴军" award2="3022" icon2="xushu" />
 <sample className="game.window.randomEvent.RandomEvent" sid="52" name="抢夺食物" icon="8" desc="军旅生活艰苦异常，两名士兵因为几个肉包子大打出手" answer1="表示理解，士兵也不容易" award1="3023" icon1="sunjian" answer2="严惩，决不允许再次发生这样的事" award2="3024" icon2="sunce" />
 <sample className="game.window.randomEvent.RandomEvent" sid="53" name="城外马贼" icon="8" desc="城外马贼躁动不安，好像在密谋什么事" answer1="先派人前去查探，谨慎为好" award1="3025" icon1="guanyu" answer2="马上集结军队，剿灭贼巢" award2="3026" icon2="dianwei" />
 <sample className="game.window.randomEvent.RandomEvent" sid="54" name="吟诗文人" icon="9" desc="“其形也，翩若惊鸿，婉若游龙……”一低沉男音吟着诗，说不出的惆怅" answer1="上前询问发生何事" award1="3027" icon1="zhangliang" answer2="最烦此类酸不溜秋的文人，快走开" award2="3028" icon2="chengzhiyuan" />
 <sample className="game.window.randomEvent.RandomEvent" sid="55" name="才女齐聚" icon="7" desc="城中才女齐聚，商量着要为女子谋一席之地" answer1="赞成，为国分忧不分男女" award1="3029" icon1="diaochan" answer2="反对，女流之辈岂能有大作为" award2="3030" icon2="daqiao" />
 </objects>