﻿<?xml   version="1.0"   encoding="UTF-8"?>
   <objects>
   <!--
   style=配置表中形象的名字   config=配置表名字
   miduX   miduY   控制阵型初始密度，横排和竖排的数量,speeds阵型的初始速度
   moveType移动类型，1是向前推挤型，此类型阵型会呈现雁型，2是拖尾型，此类型阵型保持较好
   moveOffx   moveOffy   是在X,Y方向阵型的密度，越小越密集
   height="40"   width="60"   head="34"hand="22" center="20" 这些是描述单个兵的大小的
  skills=特殊技能  normalSkill=普通攻击
   forcekind   0步兵   1弓兵 2骑兵
   speed   出手速度
   -->
<sample className="game.player.Soldier" sid="22" name="轻步兵" style="qingbubing" showId="1" desc="普通的步兵。" forcekind="0" type="10" baseLife="60" baseAtt="3" speed="100" takeFood="1" stage="1" level="1" needNobilityLevel="3" needArr="[0,0,0,8,0,0,0,0,0,0]" actionSkillSids="[0]" />
 <sample className="game.player.Soldier" sid="23" name="轻骑兵" style="qingqibing" showId="3" desc="普通的骑兵。" forcekind="2" type="9" baseLife="30" baseAtt="4" speed="100" takeFood="1" stage="1" level="1" needNobilityLevel="4" needArr="[0,0,0,8,0,0,0,0,0,0]" actionSkillSids="[0]" />
 <sample className="game.player.Soldier" sid="4" name="轻弓兵" style="gongbin" showId="4" desc="普通的弓兵。" forcekind="1" type="20" baseLife="20" baseAtt="6" speed="100" takeFood="1" stage="1" level="1" needNobilityLevel="7" needArr="[0,0,0,8,0,0,0,0,0,0]" actionSkillSids="[0]" />
 <sample className="game.player.Soldier" sid="3" name="丹阳虎贲" style="danyanghuben" showId="3" desc="东吴精锐，头绑青巾，身穿重甲，手拿长枪，属高输出型重装骑兵。" forcekind="2" type="9" baseLife="40" baseAtt="7" speed="105" takeFood="1" stage="3" level="2" needNobilityLevel="17" needArr="[0,0,0,20,1,0,0,0,0,0]" actionSkillSids="[7]" />
 <sample className="game.player.Soldier" sid="6" name="青州精卒" style="qingzhoujingzu" showId="6" desc="由向曹操投降的青州黄巾军精锐组成，左手执铁盾，右手拿长刀，攻血平衡，无明显弱点。" forcekind="0" type="10" baseLife="70" baseAtt="6" speed="100" takeFood="1" stage="3" level="2" needNobilityLevel="12" needArr="[0,0,0,20,1,0,0,0,0,0]" actionSkillSids="[6]" />
 <sample className="game.player.Soldier" sid="7" name="无当飞军" style="wudangfeijun" showId="7" desc="蜀汉蛮夷所组成的精锐弓兵，身穿轻甲，善翻山越岭作战。" forcekind="1" type="20" baseLife="30" baseAtt="10" speed="95" takeFood="1" stage="3" level="2" needNobilityLevel="20" needArr="[0,0,0,20,1,0,0,0,0,0]" actionSkillSids="[8]" />
 <sample className="game.player.Soldier" sid="1" name="白耳精兵" style="baierjingbing" showId="1" desc="刘备麾下近卫军，属承受伤害型步兵。" forcekind="0" type="10" baseLife="85" baseAtt="8" speed="90" takeFood="1" stage="15" level="3" needNobilityLevel="30" needArr="[0,0,0,6000,1500,0,0,0,0,0]" actionSkillSids="[22,41]" />
 <sample className="game.player.Soldier" sid="2" name="大戟悍士" style="dajihanshi" showId="2" desc="乃袁绍大将张郃所率领的精英部队，高血高防御，专门对付骑兵的步兵" forcekind="0" type="10" baseLife="80" baseAtt="9" speed="100" takeFood="1" stage="15" level="3" needNobilityLevel="28" needArr="[0,0,0,6000,1500,0,0,0,0,0]" actionSkillSids="[42,15]" />
 <sample className="game.player.Soldier" sid="8" name="虎卫军士" style="huweijunshi" showId="8" desc="曹魏精锐重装步兵，高攻高血，远程近战皆擅长。" forcekind="0" type="10" baseLife="80" baseAtt="8" speed="105" takeFood="1" stage="15" level="3" needNobilityLevel="26" needArr="[0,0,0,6000,1500,0,0,0,0,0]" actionSkillSids="[5,9]" />
 <sample className="game.player.Soldier" sid="9" name="虎豹突骑" style="hubaotuqi" showId="9" desc="曹魏最精锐骑兵，身披黑甲，头戴护面罩，手拿长刀，身骑“黑驹”，属高输出型攻击骑兵。" forcekind="2" type="9" baseLife="45" baseAtt="10" speed="115" takeFood="1" stage="15" level="3" needNobilityLevel="35" needArr="[0,0,0,6000,1500,0,0,0,0,0]" actionSkillSids="[11,13]" />
 <sample className="game.player.Soldier" sid="16" name="山越弓手" style="shanyuegongshou" showId="16" desc="传言是舜的后代，身穿兽皮，头插鸟羽，民族特色浓厚，属辅助高输出型弓兵。" forcekind="1" type="20" baseLife="30" baseAtt="16" speed="95" takeFood="1" stage="15" level="3" needNobilityLevel="40" needArr="[0,0,0,6000,1500,0,0,0,0,0]" actionSkillSids="[30,31]" />
 <sample className="game.player.Soldier" sid="10" name="元戒弩兵" style="yuanrongnubing" showId="10" desc="“元戎弩”是用诸葛连弩组成的强力远程兵种，一努十矢，爆发性强，乃对付骑兵之专用弓兵。" forcekind="1" type="20" baseLife="30" baseAtt="20" speed="100" takeFood="1" stage="15" level="3" needNobilityLevel="30" needArr="[0,0,0,6000,1500,0,0,0,0,0]" actionSkillSids="[10,14]" />
 <sample className="game.player.Soldier" sid="11" name="先登死士" style="xiandengsishi" showId="11" desc="乃袁绍大将鞠义所率领之士兵，属高攻击输出型士兵。" forcekind="0" type="10" baseLife="75" baseAtt="10" speed="100" takeFood="1" stage="15" level="3" needNobilityLevel="33" needArr="[0,0,0,6000,1500,0,0,0,0,0]" actionSkillSids="[23,16]" />
 <sample className="game.player.Soldier" sid="12" name="飞熊骠骑" style="feixiongbiaoqi" showId="12" desc="董卓私人精锐部队，由西凉军中的精英和能人异士组成，属高血高防御型铁骑。" forcekind="2" type="9" baseLife="110" baseAtt="10" speed="80" takeFood="1" stage="15" level="3" needNobilityLevel="35" needArr="[0,0,0,6000,1500,0,0,0,0,0]" actionSkillSids="[17,29]" />
 <sample className="game.player.Soldier" sid="13" name="白马义从" style="baimayicong" showId="13" desc="公孙瓒麾下精锐骑兵，身披轻甲，武器以弓为主，身骑“乌丸”，属压制弓兵用的辅助型骑兵。" forcekind="2" type="9" baseLife="85" baseAtt="16" speed="115" takeFood="1" stage="50" level="4" needNobilityLevel="50" needArr="[1,0,0,24000,6000,0,0,0,0,0]" actionSkillSids="[37,38]" />
 <sample className="game.player.Soldier" sid="14" name="并州狼骑" style="bingzhoulangqi" showId="14" desc="吕布麾下精锐骑兵，以速度著称，攻击性强，属辅助型攻击骑兵。" forcekind="2" type="9" baseLife="70" baseAtt="20" speed="150" takeFood="1" stage="50" level="4" needNobilityLevel="48" needArr="[1,0,0,24000,6000,0,0,0,0,0]" actionSkillSids="[39,34]" />
 <sample className="game.player.Soldier" sid="15" name="锦帆悍卒" style="jinfanhanzu" showId="15" desc="乃甘宁的私人步兵，头插鸟羽，身佩铃铛，主武器为弓，次武器为刀，属辅助型重装弓兵。" forcekind="1" type="20" baseLife="62" baseAtt="28" speed="110" takeFood="1" stage="50" level="4" needNobilityLevel="60" needArr="[1,0,0,24000,6000,0,0,0,0,0]" actionSkillSids="[28,33]" />
 <sample className="game.player.Soldier" sid="5" name="虎贲甲士" style="hubenjiashi" showId="5" desc="左手执盾，右手拿长刀，攻击高，属近战型步兵。" forcekind="0" type="10" baseLife="125" baseAtt="12" speed="105" takeFood="1" stage="50" level="4" needNobilityLevel="55" needArr="[1,0,0,24000,6000,0,0,0,0,0]" actionSkillSids="[27,40]" />
 <sample className="game.player.Soldier" sid="17" name="南蛮象兵" style="nanmanxiangbing" showId="17" desc="南蛮之地，以象为骑，虽骁勇但速度极慢，属超高血量防御型骑兵。" forcekind="2" type="9" baseLife="170" baseAtt="12" speed="50" takeFood="1" stage="50" level="4" needNobilityLevel="50" needArr="[1,0,0,24000,6000,0,0,0,0,0]" actionSkillSids="[18,24]" />
 <sample className="game.player.Soldier" sid="18" name="西凉铁骑" style="xiliangtieqi" showId="18" desc="乃蜀国最具攻击力的骑兵，手持标枪，身骑西凉马，马身皆披铁甲，属最高攻击与血量的平衡型对步兵用骑兵。" forcekind="2" type="9" baseLife="80" baseAtt="15" speed="125" takeFood="1" stage="50" level="4" needNobilityLevel="50" needArr="[1,0,0,24000,6000,0,0,0,0,0]" actionSkillSids="[19,20]" />
 <sample className="game.player.Soldier" sid="19" name="藤甲蛮兵" style="tengjiamanbing" showId="19" desc="此藤甲以西南蛮荒之地所生野藤所制成，虽轻且坚，刀枪不入，遇水不沉，可对付弓兵的防御型步兵。" forcekind="0" type="10" baseLife="150" baseAtt="10" speed="100" takeFood="1" stage="50" level="4" needNobilityLevel="41" needArr="[1,0,0,24000,6000,0,0,0,0,0]" actionSkillSids="[21,32]" />
 <sample className="game.player.Soldier" sid="20" name="陷阵重步" style="xianzhenzhongbu" showId="20" desc="乃吕布大将高顺率领之精英部队，以枪兵为主，破坏力超强，适合陷阵的高攻击型步兵。" forcekind="0" type="10" baseLife="130" baseAtt="15" speed="100" takeFood="1" stage="50" level="4" needNobilityLevel="43" needArr="[1,0,0,24000,6000,0,0,0,0,0]" actionSkillSids="[25,26]" />
 <sample className="game.player.Soldier" sid="21" name="解烦弩兵" style="jiefannubing" showId="21" desc="直接隶属东吴中央的精锐部队，番号“解烦”，寓意“战无不胜，能解困危”，有着很高的致死率。" forcekind="1" type="20" baseLife="56" baseAtt="25" speed="120" takeFood="1" stage="50" level="4" needNobilityLevel="46" needArr="[1,0,0,24000,6000,0,0,0,0,0]" actionSkillSids="[35,36]" />
 <sample className="game.player.Soldier" sid="30" name="白耳精兵" style="baierjingbing" showId="1" desc="刘备麾下近卫军，属承受伤害型步兵。" forcekind="0" type="10" baseLife="100" baseAtt="1" speed="100" takeFood="1" stage="15" level="3" needNobilityLevel="20" needArr="[0,0,0,6000,1500,0,0,0,0,0]" actionSkillSids="[22,41]" />
 <sample className="game.player.Soldier" sid="31" name="大戟悍士" style="dajihanshi" showId="2" desc="乃袁绍大将张郃所率领的精英部队，高血高防御，专门对付骑兵的步兵" forcekind="0" type="10" baseLife="100" baseAtt="1" speed="100" takeFood="1" stage="15" level="3" needNobilityLevel="28" needArr="[0,0,0,6000,1500,0,0,0,0,0]" actionSkillSids="[42,15]" />
 <sample className="game.player.Soldier" sid="32" name="虎卫军士" style="huweijunshi" showId="8" desc="曹魏精锐重装步兵，高攻高血，远程近战皆擅长。" forcekind="0" type="10" baseLife="100" baseAtt="1" speed="100" takeFood="1" stage="15" level="3" needNobilityLevel="26" needArr="[0,0,0,6000,1500,0,0,0,0,0]" actionSkillSids="[5,9]" />
 <sample className="game.player.Soldier" sid="33" name="虎豹突骑" style="hubaotuqi" showId="9" desc="曹魏最精锐骑兵，身披黑甲，头戴护面罩，手拿长刀，身骑“黑驹”，属高输出型攻击骑兵。" forcekind="2" type="9" baseLife="100" baseAtt="1" speed="100" takeFood="1" stage="15" level="3" needNobilityLevel="24" needArr="[0,0,0,6000,1500,0,0,0,0,0]" actionSkillSids="[11,13]" />
 <sample className="game.player.Soldier" sid="34" name="山越弓手" style="shanyuegongshou" showId="16" desc="传言是舜的后代，身穿兽皮，头插鸟羽，民族特色浓厚，属辅助高输出型弓兵。" forcekind="1" type="20" baseLife="100" baseAtt="1" speed="100" takeFood="1" stage="15" level="3" needNobilityLevel="22" needArr="[0,0,0,6000,1500,0,0,0,0,0]" actionSkillSids="[30,31]" />
 <sample className="game.player.Soldier" sid="35" name="元戒弩兵" style="yuanrongnubing" showId="10" desc="“元戎弩”是用诸葛连弩组成的强力远程兵种，一努十矢，爆发性强，乃对付骑兵之专用弓兵。" forcekind="1" type="20" baseLife="100" baseAtt="1" speed="100" takeFood="1" stage="15" level="3" needNobilityLevel="30" needArr="[0,0,0,6000,1500,0,0,0,0,0]" actionSkillSids="[10,14]" />
 <sample className="game.player.Soldier" sid="36" name="先登死士" style="xiandengsishi" showId="11" desc="乃袁绍大将鞠义所率领之士兵，属高攻击输出型士兵。" forcekind="0" type="10" baseLife="100" baseAtt="1" speed="100" takeFood="1" stage="15" level="3" needNobilityLevel="33" needArr="[0,0,0,6000,1500,0,0,0,0,0]" actionSkillSids="[23,16]" />
 <sample className="game.player.Soldier" sid="37" name="飞熊骠骑" style="feixiongbiaoqi" showId="12" desc="董卓私人精锐部队，由西凉军中的精英和能人异士组成，属高血高防御型铁骑。" forcekind="2" type="9" baseLife="100" baseAtt="1" speed="100" takeFood="1" stage="15" level="3" needNobilityLevel="35" needArr="[0,0,0,6000,1500,0,0,0,0,0]" actionSkillSids="[17,29]" />
 <sample className="game.player.Soldier" sid="38" name="白马义从" style="baimayicong" showId="13" desc="公孙瓒麾下精锐骑兵，身披轻甲，武器以弓为主，身骑“乌丸”，属压制弓兵用的辅助型骑兵。" forcekind="2" type="9" baseLife="200" baseAtt="1" speed="100" takeFood="1" stage="50" level="4" needNobilityLevel="40" needArr="[1,0,0,24000,6000,0,0,0,0,0]" actionSkillSids="[37,38]" />
 <sample className="game.player.Soldier" sid="39" name="并州狼骑" style="bingzhoulangqi" showId="14" desc="吕布麾下精锐骑兵，以速度著称，攻击性强，属辅助型攻击骑兵。" forcekind="2" type="9" baseLife="200" baseAtt="1" speed="100" takeFood="1" stage="50" level="4" needNobilityLevel="48" needArr="[1,0,0,24000,6000,0,0,0,0,0]" actionSkillSids="[39,34]" />
 <sample className="game.player.Soldier" sid="40" name="锦帆悍卒" style="jinfanhanzu" showId="15" desc="乃甘宁的私人步兵，头插鸟羽，身佩铃铛，主武器为弓，次武器为刀，属辅助型重装弓兵。" forcekind="1" type="20" baseLife="200" baseAtt="1" speed="100" takeFood="1" stage="50" level="4" needNobilityLevel="44" needArr="[1,0,0,24000,6000,0,0,0,0,0]" actionSkillSids="[28,33]" />
 <sample className="game.player.Soldier" sid="41" name="虎贲甲士" style="hubenjiashi" showId="5" desc="左手执盾，右手拿长刀，攻击高，属近战型步兵。" forcekind="0" type="10" baseLife="200" baseAtt="1" speed="100" takeFood="1" stage="50" level="4" needNobilityLevel="47" needArr="[1,0,0,24000,6000,0,0,0,0,0]" actionSkillSids="[27,40]" />
 <sample className="game.player.Soldier" sid="42" name="南蛮象兵" style="nanmanxiangbing" showId="17" desc="南蛮之地，以象为骑，虽骁勇但速度极慢，属超高血量防御型骑兵。" forcekind="2" type="9" baseLife="200" baseAtt="1" speed="100" takeFood="1" stage="50" level="4" needNobilityLevel="50" needArr="[1,0,0,24000,6000,0,0,0,0,0]" actionSkillSids="[18,24]" />
 <sample className="game.player.Soldier" sid="43" name="西凉铁骑" style="xiliangtieqi" showId="18" desc="乃蜀国最具攻击力的骑兵，手持标枪，身骑西凉马，马身皆披铁甲，属最高攻击与血量的平衡型对步兵用骑兵。" forcekind="2" type="9" baseLife="200" baseAtt="1" speed="100" takeFood="1" stage="50" level="4" needNobilityLevel="45" needArr="[1,0,0,24000,6000,0,0,0,0,0]" actionSkillSids="[19,20]" />
 <sample className="game.player.Soldier" sid="44" name="藤甲蛮兵" style="tengjiamanbing" showId="19" desc="此藤甲以西南蛮荒之地所生野藤所制成，虽轻且坚，刀枪不入，遇水不沉，可对付弓兵的防御型步兵。" forcekind="0" type="10" baseLife="200" baseAtt="1" speed="100" takeFood="1" stage="50" level="4" needNobilityLevel="41" needArr="[1,0,0,24000,6000,0,0,0,0,0]" actionSkillSids="[21,32]" />
 <sample className="game.player.Soldier" sid="45" name="陷阵重步" style="xianzhenzhongbu" showId="20" desc="乃吕布大将高顺率领之精英部队，以枪兵为主，破坏力超强，适合陷阵的高攻击型步兵。" forcekind="0" type="10" baseLife="200" baseAtt="1" speed="100" takeFood="1" stage="50" level="4" needNobilityLevel="43" needArr="[1,0,0,24000,6000,0,0,0,0,0]" actionSkillSids="[25,26]" />
 <sample className="game.player.Soldier" sid="46" name="解烦弩兵" style="jiefannubing" showId="21" desc="直接隶属东吴中央的精锐部队，番号“解烦”，寓意“战无不胜，能解困危”，有着很高的致死率。" forcekind="1" type="20" baseLife="200" baseAtt="1" speed="100" takeFood="1" stage="50" level="4" needNobilityLevel="46" needArr="[1,0,0,24000,6000,0,0,0,0,0]" actionSkillSids="[35,36]" />
 </objects>