﻿<?xml version="1.0" encoding="UTF-8"?>
   <objects>
 <!--
  mubiao目标描述
 award奖励SID
 type任务类型 1主线 2支线 3日常 4 新手

  pzconditionArr关联条件

 -->
<sample className="game.window.task.data.PlayerTask" sid="1" name="欢迎" derc="欢迎" mubiao="" key="1" value="1" award="11000" type="4" yindaoSid="[1]" ></sample>
 <sample className="game.window.task.data.PlayerTask" sid="2" name="进入主城" derc="点击主城" mubiao="" key="1" value="2" award="11001" type="4" yindaoSid="[2,584]" ></sample>
 <sample className="game.window.task.data.PlayerTask" sid="3" name="升级官府" derc="升级官府至2级" mubiao="" key="1" value="4" award="11002" type="4" yindaoSid="[3,500,4]" ></sample>
 <sample className="game.window.task.data.PlayerTask" sid="4" name="林地指引" derc="林地指引" mubiao="" key="1" value="8" award="11003" type="4" yindaoSid="[1001,701]" ></sample>
 <sample className="game.window.task.data.Task" sid="5" name="升级林地" derc="升级林地至2级" mubiao="" key="1" value="16" award="11004" type="1" pzconditionArr="[5]" ></sample>
 <sample className="game.window.task.data.PlayerTask" sid="6" name="爵位指引" derc="爵位指引" mubiao="" key="1" value="32" award="11005" type="4" yindaoSid="[214,231,585]" ></sample>
 <sample className="game.window.task.data.Task" sid="7" name="升级官府" derc="升级官府至3级" mubiao="" key="1" value="64" award="11006" type="1" pzconditionArr="[7]" ></sample>
 <sample className="game.window.task.data.PlayerTask" sid="8" name="民居指引" derc="民居指引" mubiao="" key="1" value="128" award="11007" type="4" yindaoSid="[7,1000]" ></sample>
 <sample className="game.window.task.data.Task" sid="9" name="升级民居" derc="升级民居至3级" mubiao="" key="1" value="256" award="11008" type="1" pzconditionArr="[9]" ></sample>
 <sample className="game.window.task.data.PlayerTask" sid="10" name="林地指引2" derc="林地指引2" mubiao="" key="1" value="512" award="11009" type="4" yindaoSid="[10]" ></sample>
 <sample className="game.window.task.data.Task" sid="11" name="升级林地" derc="升级林地至3级" mubiao="" key="1" value="1024" award="11010" type="1" pzconditionArr="[11]" ></sample>
 <sample className="game.window.task.data.PlayerTask" sid="12" name="募兵指引" derc="招募500轻步兵" mubiao="" key="1" value="2048" award="11011" type="4" yindaoSid="[517,29,518,1011,30,31]" ></sample>
 <sample className="game.window.task.data.PlayerTask" sid="13" name="编组指引" derc="上阵主角武将" mubiao="" key="1" value="4096" award="11012" type="4" yindaoSid="[178,34,507,235,236,35,39]" ></sample>
 <sample className="game.window.task.data.PlayerTask" sid="14" name="副本指引" derc="击败山贼喽啰" mubiao="" key="1" value="8192" award="11013" type="4" yindaoSid="[509,40,41,42,44,501]" ></sample>
 <sample className="game.window.task.data.PlayerTask" sid="15" name="补给士兵指引" derc="补给士兵指引" mubiao="" key="1" value="32768" award="11014" type="4" yindaoSid="[521,34,238,237,39]" ></sample>
 <sample className="game.window.task.data.Task" sid="16" name="击败山贼头目" derc="击败山贼头目" mubiao="" key="1" value="65536" award="11015" type="1" pzconditionArr="[16]" ></sample>
 <sample className="game.window.task.data.Task" sid="17" name="升级官府" derc="升级官府至5级" mubiao="" key="2" value="1" award="11016" type="1" pzconditionArr="[17]" ></sample>
 <sample className="game.window.task.data.PlayerTask" sid="18" name="市场指引" derc="市场指引" mubiao="" key="2" value="2" award="11017" type="4" yindaoSid="[73,1048]" ></sample>
 <sample className="game.window.task.data.Task" sid="19" name="升级林地" derc="升级林地至5级" mubiao="" key="2" value="4" award="11018" type="2" pzconditionArr="[19]" ></sample>
 <sample className="game.window.task.data.Task" sid="20" name="升级民居" derc="升级民居至5级" mubiao="" key="2" value="8" award="11019" type="2" pzconditionArr="[20]" ></sample>
 <sample className="game.window.task.data.Task" sid="21" name="升级市场" derc="升级市场至5级" mubiao="" key="2" value="16" award="11020" type="1" pzconditionArr="[21]" ></sample>
 <sample className="game.window.task.data.PlayerTask" sid="22" name="副本指引" derc="副本指引" mubiao="" key="2" value="32" award="11021" type="4" yindaoSid="[586]" ></sample>
 <sample className="game.window.task.data.Task" sid="23" name="招募士兵" derc="招募500轻步兵" mubiao="" key="2" value="64" award="11022" type="1" pzconditionArr="[23]" ></sample>
 <sample className="game.window.task.data.Task" sid="24" name="击败山贼大当家" derc="击败山贼大当家" mubiao="" key="2" value="128" award="11023" type="1" pzconditionArr="[24]" ></sample>
 <sample className="game.window.task.data.Task" sid="25" name="补给士兵" derc="点击编组中的满字一键补给" mubiao="" key="2" value="256" award="11024" type="1" pzconditionArr="[25]" ></sample>
 <sample className="game.window.task.data.Task" sid="26" name="击败马元义" derc="击败马元义" mubiao="" key="2" value="512" award="11025" type="1" pzconditionArr="[26]" ></sample>
 <sample className="game.window.task.data.PlayerTask" sid="27" name="新兵种指引" derc="新兵种指引" mubiao="" key="2" value="1024" award="11026" type="4" yindaoSid="[522]" ></sample>
 <sample className="game.window.task.data.Task" sid="28" name="招募士兵" derc="招募2000轻骑兵" mubiao="" key="2" value="2048" award="11027" type="1" pzconditionArr="[28]" ></sample>
 <sample className="game.window.task.data.Task" sid="29" name="替换士兵" derc="将主角带兵替换为轻骑兵" mubiao="" key="2" value="4096" award="11028" type="1" pzconditionArr="[29]" ></sample>
 <sample className="game.window.task.data.Task" sid="30" name="击败马元义" derc="再次击败马元义" mubiao="" key="2" value="8192" award="11029" type="1" pzconditionArr="[30]" ></sample>
 <sample className="game.window.task.data.PlayerTask" sid="31" name="治疗伤兵指引" derc="粮食治疗伤兵" mubiao="" key="2" value="32768" award="11031" type="4" yindaoSid="[548,29,549,225,226]" ></sample>
 <sample className="game.window.task.data.Task" sid="32" name="升级官府" derc="升级官府至6级" mubiao="" key="2" value="65536" award="11032" type="1" pzconditionArr="[32]" ></sample>
 <sample className="game.window.task.data.PlayerTask" sid="33" name="农田指引" derc="农田指引" mubiao="" key="3" value="1" award="11033" type="4" yindaoSid="[1002,13]" ></sample>
 <sample className="game.window.task.data.Task" sid="34" name="升级农田" derc="升级农田至6级" mubiao="" key="3" value="2" award="11034" type="1" pzconditionArr="[34]" ></sample>
 <sample className="game.window.task.data.Task" sid="35" name="升级锻造司" derc="升级锻造司至6级" mubiao="" key="3" value="4" award="11035" type="2" pzconditionArr="[35]" ></sample>
 <sample className="game.window.task.data.Task" sid="36" name="击败邓茂" derc="击败邓茂" mubiao="" key="3" value="8" award="11036" type="1" pzconditionArr="[36]" ></sample>
 <sample className="game.window.task.data.PlayerTask" sid="37" name="装备穿戴指引" derc="装备穿戴指引" mubiao="" key="3" value="16" award="11037" type="4" yindaoSid="[525,18,1057,180,530,17,181,531]" ></sample>
 <sample className="game.window.task.data.Task" sid="38" name="升级官府" derc="升级官府至7级" mubiao="" key="3" value="32" award="11038" type="1" pzconditionArr="[38]" ></sample>
 <sample className="game.window.task.data.PlayerTask" sid="39" name="新建筑指引" derc="新建筑指引" mubiao="" key="3" value="64" award="11039" type="4" yindaoSid="[16]" ></sample>
 <sample className="game.window.task.data.Task" sid="40" name="升级医疗营" derc="升级医疗营至7级" mubiao="" key="3" value="128" award="11040" type="1" pzconditionArr="[40]" ></sample>
 <sample className="game.window.task.data.Task" sid="41" name="升级御医所" derc="升级御医所至7级" mubiao="" key="3" value="256" award="11041" type="1" pzconditionArr="[41]" ></sample>
 <sample className="game.window.task.data.Task" sid="42" name="击败程志远" derc="击败程志远" mubiao="" key="3" value="512" award="11042" type="1" pzconditionArr="[42]" ></sample>
 <sample className="game.window.task.data.Task" sid="43" name="装备穿戴" derc="穿戴新兵长刀" mubiao="" key="3" value="1024" award="11043" type="1" pzconditionArr="[43]" ></sample>
 <sample className="game.window.task.data.Task" sid="44" name="击败张梁" derc="击败张梁" mubiao="" key="3" value="2048" award="11044" type="1" pzconditionArr="[44]" ></sample>
 <sample className="game.window.task.data.PlayerTask" sid="45" name="升级指引" derc="提升主角武将等级至5级" mubiao="" key="3" value="4096" award="11045" type="4" yindaoSid="[510,511,17,47,48,49,50]" ></sample>
 <sample className="game.window.task.data.Task" sid="46" name="再败张梁" derc="再次击败张梁" mubiao="" key="3" value="8192" award="11046" type="1" pzconditionArr="[46]" ></sample>
 <sample className="game.window.task.data.Task" sid="47" name="装备穿戴" derc="穿戴新兵皮甲" mubiao="" key="3" value="32768" award="11047" type="1" pzconditionArr="[47]" ></sample>
 <sample className="game.window.task.data.Task" sid="48" name="提升等级" derc="提升主角武将等级至7级" mubiao="" key="3" value="65536" award="11049" type="1" pzconditionArr="[48]" ></sample>
 <sample className="game.window.task.data.PlayerTask" sid="49" name="副本指引2" derc="副本指引2" mubiao="" key="4" value="1" award="11050" type="4" yindaoSid="[512,513,514]" ></sample>
 <sample className="game.window.task.data.Task" sid="50" name="三败张梁" derc="再次击败张梁" mubiao="" key="4" value="2" award="11051" type="1" pzconditionArr="[50]" ></sample>
 <sample className="game.window.task.data.PlayerTask" sid="51" name="招将指引" derc="招募张梁" mubiao="" key="4" value="4" award="11052" type="4" yindaoSid="[532,534,52,1016,55,536]" ></sample>
 <sample className="game.window.task.data.PlayerTask" sid="52" name="上阵指引" derc="上阵指引" mubiao="" key="4" value="8" award="11053" type="4" yindaoSid="[537]" ></sample>
 <sample className="game.window.task.data.Task" sid="53" name="上阵张梁" derc="上阵张梁（建议带轻步兵）" mubiao="" key="4" value="16" award="11054" type="1" pzconditionArr="[53]" ></sample>
 <sample className="game.window.task.data.PlayerTask" sid="54" name="副本指引3" derc="副本指引3" mubiao="" key="4" value="32" award="11055" type="4" yindaoSid="[535,538]" ></sample>
 <sample className="game.window.task.data.Task" sid="55" name="击败张宝" derc="击败张宝" mubiao="" key="4" value="64" award="11056" type="1" pzconditionArr="[55]" ></sample>
 <sample className="game.window.task.data.PlayerTask" sid="56" name="新兵种指引2" derc="新兵种指引2" mubiao="" key="4" value="128" award="11057" type="4" yindaoSid="[587,588,1074]" ></sample>
 <sample className="game.window.task.data.Task" sid="57" name="招募士兵" derc="招募2000轻弓兵" mubiao="" key="4" value="256" award="11058" type="1" pzconditionArr="[57]" ></sample>
 <sample className="game.window.task.data.Task" sid="58" name="替换士兵" derc="替换张梁带兵为轻弓兵并拖至后排" mubiao="" key="4" value="512" award="11059" type="1" pzconditionArr="[58]" ></sample>
 <sample className="game.window.task.data.Task" sid="59" name="升级林地" derc="升级林地至7级" mubiao="" key="4" value="1024" award="11060" type="1" pzconditionArr="[59]" ></sample>
 <sample className="game.window.task.data.Task" sid="60" name="升级民居" derc="升级民居至7级" mubiao="" key="4" value="2048" award="11061" type="1" pzconditionArr="[60]" ></sample>
 <sample className="game.window.task.data.Task" sid="61" name="升级农田" derc="升级农田至7级" mubiao="" key="4" value="4096" award="11062" type="1" pzconditionArr="[61]" ></sample>
 <sample className="game.window.task.data.Task" sid="62" name="再败张宝" derc="再次击败张宝" mubiao="" key="4" value="8192" award="11063" type="1" pzconditionArr="[62]" ></sample>
 <sample className="game.window.task.data.PlayerTask" sid="63" name="招将指引2" derc="招将指引2" mubiao="" key="4" value="32768" award="11064" type="4" yindaoSid="[551,1075]" ></sample>
 <sample className="game.window.task.data.Task" sid="64" name="治疗伤兵" derc="粮食治疗伤兵" mubiao="" key="4" value="65536" award="11065" type="1" pzconditionArr="[64]" ></sample>
 <sample className="game.window.task.data.Task" sid="65" name="招募张宝" derc="招募张宝" mubiao="" key="5" value="1" award="11066" type="1" pzconditionArr="[65]" ></sample>
 <sample className="game.window.task.data.Task" sid="66" name="提升等级" derc="提升张梁至7级" mubiao="" key="5" value="2" award="11067" type="1" pzconditionArr="[66]" ></sample>
 <sample className="game.window.task.data.Task" sid="67" name="提升等级" derc="提升张宝至7级" mubiao="" key="5" value="4" award="11068" type="1" pzconditionArr="[67]" ></sample>
 <sample className="game.window.task.data.Task" sid="68" name="上阵张宝" derc="上阵张宝" mubiao="" key="5" value="8" award="11069" type="1" pzconditionArr="[68]" ></sample>
 <sample className="game.window.task.data.Task" sid="69" name="击败张角" derc="击败张角" mubiao="" key="5" value="16" award="11070" type="1" pzconditionArr="[69]" ></sample>
 <sample className="game.window.task.data.PlayerTask" sid="70" name="招将指引3" derc="招将指引3" mubiao="" key="5" value="32" award="11071" type="4" yindaoSid="[560,561,562,1076]" ></sample>
 <sample className="game.window.task.data.Task" sid="71" name="治疗伤兵" derc="粮食治疗伤兵" mubiao="" key="5" value="64" award="11072" type="1" pzconditionArr="[71]" ></sample>
 <sample className="game.window.task.data.Task" sid="72" name="升级官府" derc="升级官府至9级" mubiao="" key="5" value="128" award="11073" type="1" pzconditionArr="[72]" ></sample>
 <sample className="game.window.task.data.Task" sid="73" name="提升等级" derc="提升主角武将至9级" mubiao="" key="5" value="256" award="11074" type="1" pzconditionArr="[73]" ></sample>
 <sample className="game.window.task.data.Task" sid="74" name="提升等级" derc="提升张梁至9级" mubiao="" key="5" value="512" award="11075" type="2" pzconditionArr="[74]" ></sample>
 <sample className="game.window.task.data.Task" sid="75" name="提升等级" derc="提升张宝至9级" mubiao="" key="5" value="1024" award="11076" type="2" pzconditionArr="[75]" ></sample>
 <sample className="game.window.task.data.PlayerTask" sid="76" name="碾压指引" derc="碾压指引" mubiao="" key="5" value="2048" award="11077" type="4" yindaoSid="[589]" ></sample>
 <sample className="game.window.task.data.Task" sid="77" name="通关张角" derc="使用碾压功能通关张角" mubiao="" key="5" value="4096" award="11078" type="1" pzconditionArr="[77]" ></sample>
 <sample className="game.window.task.data.PlayerTask" sid="78" name="商城指引" derc="商城指引" mubiao="" key="5" value="8192" award="11079" type="4" yindaoSid="[572,174,573]" ></sample>
 <sample className="game.window.task.data.Task" sid="79" name="功勋换购粮食包" derc="功勋换购粮食包" mubiao="" key="5" value="32768" award="11080" type="1" pzconditionArr="[79]" ></sample>
 <sample className="game.window.task.data.Task" sid="80" name="功勋换购木材包" derc="功勋换购木材包" mubiao="" key="5" value="65536" award="11081" type="2" pzconditionArr="[80]" ></sample>
 <sample className="game.window.task.data.Task" sid="81" name="升级官府" derc="升级官府至10级" mubiao="" key="6" value="1" award="11082" type="1" pzconditionArr="[81]" ></sample>
 <sample className="game.window.task.data.Task" sid="82" name="升级城门" derc="升级城门至8级" mubiao="" key="6" value="2" award="11083" type="1" pzconditionArr="[82]" ></sample>
 <sample className="game.window.task.data.Task" sid="83" name="升级箭楼" derc="升级箭楼至8级" mubiao="" key="6" value="4" award="11084" type="1" pzconditionArr="[83]" ></sample>
 <sample className="game.window.task.data.Task" sid="84" name="通关黄巾之乱" derc="通关黄巾之乱" mubiao="" key="6" value="8" award="11085" type="1" pzconditionArr="[84]" ></sample>
 <sample className="game.window.task.data.Task" sid="85" name="招募张角" derc="招募张角" mubiao="" key="6" value="16" award="11086" type="1" pzconditionArr="[85]" ></sample>
 <sample className="game.window.task.data.PlayerTask" sid="86" name="将星录指引" derc="将星录指引" mubiao="" key="6" value="32" award="11087" type="4" yindaoSid="[590,591]" ></sample>
 <sample className="game.window.task.data.PlayerTask" sid="87" name="将星录指引2" derc="将星录指引2" mubiao="" key="6" value="64" award="11088" type="4" yindaoSid="[232,1072,1073,580]" ></sample>
 <sample className="game.window.task.data.Task" sid="88" name="提升等级" derc="提升张角至10级" mubiao="" key="6" value="128" award="11089" type="1" pzconditionArr="[88]" ></sample>
 <sample className="game.window.task.data.Task" sid="89" name="提升等级" derc="提升张宝至10级" mubiao="" key="6" value="256" award="11090" type="1" pzconditionArr="[89]" ></sample>
 <sample className="game.window.task.data.Task" sid="90" name="提升等级" derc="提升张梁至10级" mubiao="" key="6" value="512" award="11091" type="1" pzconditionArr="[90]" ></sample>
 <sample className="game.window.task.data.PlayerTask" sid="91" name="将星录指引3" derc="将星录指引3" mubiao="" key="6" value="1024" award="11092" type="4" yindaoSid="[592,593,594]" ></sample>
 <sample className="game.window.task.data.Task" sid="92" name="补给士兵" derc="补给士兵" mubiao="" key="6" value="2048" award="11093" type="1" pzconditionArr="[92]" ></sample>
 <sample className="game.window.task.data.Task" sid="93" name="击败赵忠" derc="击败赵忠" mubiao="" key="6" value="4096" award="11094" type="1" pzconditionArr="[93]" ></sample>
 <sample className="game.window.task.data.PlayerTask" sid="94" name="爵位指引2" derc="爵位指引2" mubiao="" key="6" value="8192" award="11095" type="4" yindaoSid="[502,503,1077,231,605]" ></sample>
 <sample className="game.window.task.data.Task" sid="95" name="换购初级经验卷轴" derc="换购初级经验卷轴" mubiao="" key="6" value="32768" award="11096" type="1" pzconditionArr="[95]" ></sample>
 <sample className="game.window.task.data.Task" sid="96" name="提升等级" derc="提升主角武将至11级" mubiao="" key="6" value="65536" award="11097" type="1" pzconditionArr="[96]" ></sample>
 <sample className="game.window.task.data.Task" sid="97" name="击败左丰" derc="击败左丰" mubiao="" key="7" value="1" award="11098" type="1" pzconditionArr="[97]" ></sample>
 <sample className="game.window.task.data.Task" sid="98" name="治疗伤兵" derc="粮食治疗伤兵" mubiao="" key="7" value="2" award="11099" type="1" pzconditionArr="[98]" ></sample>
 <sample className="game.window.task.data.Task" sid="99" name="升级官府" derc="升级官府至12级" mubiao="" key="7" value="4" award="11100" type="1" pzconditionArr="[99]" ></sample>
 <sample className="game.window.task.data.Task" sid="100" name="升级冶铁所" derc="升级冶铁所至10级" mubiao="" key="7" value="8" award="11101" type="1" pzconditionArr="[100]" ></sample>
 <sample className="game.window.task.data.Task" sid="101" name="升级锻铁场" derc="升级锻铁场至10级" mubiao="" key="7" value="16" award="11102" type="1" pzconditionArr="[101]" ></sample>
 <sample className="game.window.task.data.PlayerTask" sid="102" name="新资源介绍" derc="新资源介绍" mubiao="" key="7" value="32" award="11103" type="4" yindaoSid="[595,596,597,598,1078]" ></sample>
 <sample className="game.window.task.data.Task" sid="103" name="招募士兵" derc="招募800青州精卒" mubiao="" key="7" value="64" award="11104" type="1" pzconditionArr="[103]" ></sample>
 <sample className="game.window.task.data.Task" sid="104" name="替换士兵" derc="替换主角带兵为青州精卒" mubiao="" key="7" value="128" award="11107" type="1" pzconditionArr="[104]" ></sample>
 <sample className="game.window.task.data.Task" sid="105" name="击败赵旷" derc="击败赵旷" mubiao="" key="7" value="256" award="11108" type="1" pzconditionArr="[105]" ></sample>
 <sample className="game.window.task.data.PlayerTask" sid="106" name="打造指引" derc="打造指引" mubiao="" key="7" value="8192" award="11109" type="4" yindaoSid="[519,520,528,529,523]" ></sample>
 <sample className="game.window.task.data.Task" sid="107" name="击败何苗" derc="击败何苗" mubiao="" key="7" value="32768" award="11110" type="1" pzconditionArr="[107]" ></sample>
 <sample className="game.window.task.data.PlayerTask" sid="108" name="打造指引2" derc="打造指引2" mubiao="" key="7" value="65536" award="11111" type="4" yindaoSid="[545,546]" ></sample>
 <sample className="game.window.task.data.PlayerTask" sid="109" name="打造指引3" derc="打造指引3" mubiao="" key="8" value="1" award="11112" type="4" yindaoSid="[128,547,1024,599]" ></sample>
 <sample className="game.window.task.data.Task" sid="110" name="打造装备" derc="打造精兵长剑" mubiao="" key="8" value="2" award="11113" type="1" pzconditionArr="[110]" ></sample>
 <sample className="game.window.task.data.Task" sid="111" name="击败胡轸" derc="击败胡轸" mubiao="" key="8" value="4" award="11114" type="1" pzconditionArr="[111]" ></sample>
 <sample className="game.window.task.data.Task" sid="112" name="治疗伤兵" derc="粮食治疗伤兵" mubiao="" key="8" value="8" award="11115" type="1" pzconditionArr="[112]" ></sample>
 <sample className="game.window.task.data.Task" sid="113" name="打造装备" derc="打造精兵皮甲" mubiao="" key="8" value="16" award="11116" type="1" pzconditionArr="[113]" ></sample>
 <sample className="game.window.task.data.Task" sid="114" name="打造装备" derc="打造精兵头盔" mubiao="" key="8" value="32" award="11117" type="1" pzconditionArr="[114]" ></sample>
 <sample className="game.window.task.data.Task" sid="115" name="打造装备" derc="打造精兵长靴" mubiao="" key="8" value="64" award="11118" type="1" pzconditionArr="[115]" ></sample>
 <sample className="game.window.task.data.Task" sid="116" name="击败李肃" derc="击败李肃" mubiao="" key="8" value="128" award="11119" type="1" pzconditionArr="[116]" ></sample>
 <sample className="game.window.task.data.Task" sid="117" name="功勋换购粮食包" derc="功勋换购粮食包" mubiao="" key="8" value="256" award="11120" type="1" pzconditionArr="[117]" ></sample>
 <sample className="game.window.task.data.Task" sid="118" name="功勋换购木材包" derc="功勋换购木材包" mubiao="" key="8" value="512" award="11121" type="2" pzconditionArr="[118]" ></sample>
 <sample className="game.window.task.data.Task" sid="119" name="击败华雄" derc="击败华雄" mubiao="" key="8" value="1024" award="11122" type="1" pzconditionArr="[119]" ></sample>
 <sample className="game.window.task.data.PlayerTask" sid="120" name="招将指引4" derc="招将指引4" mubiao="" key="8" value="2048" award="11123" type="4" yindaoSid="[600,601,602,603]" ></sample>
 <sample className="game.window.task.data.Task" sid="121" name="招募董卓" derc="招募董卓" mubiao="" key="8" value="4096" award="11124" type="1" pzconditionArr="[121]" ></sample>
 <sample className="game.window.task.data.Task" sid="122" name="提升等级" derc="提升董卓至10级" mubiao="" key="8" value="8192" award="11125" type="1" pzconditionArr="[122]" ></sample>
 <sample className="game.window.task.data.Task" sid="123" name="提升等级" derc="提升张角至15级" mubiao="" key="8" value="32768" award="11126" type="2" pzconditionArr="[123]" ></sample>
 <sample className="game.window.task.data.Task" sid="124" name="提升等级" derc="提升张宝至15级" mubiao="" key="8" value="65536" award="11127" type="2" pzconditionArr="[124]" ></sample>
 <sample className="game.window.task.data.Task" sid="125" name="提升等级" derc="提升张梁至15级" mubiao="" key="9" value="1" award="11128" type="2" pzconditionArr="[125]" ></sample>
 <sample className="game.window.task.data.Task" sid="126" name="上阵董卓" derc="上阵董卓" mubiao="" key="9" value="2" award="11129" type="1" pzconditionArr="[126]" ></sample>
 <sample className="game.window.task.data.Task" sid="127" name="击败张济" derc="击败张济" mubiao="" key="9" value="4" award="11130" type="1" pzconditionArr="[127]" ></sample>
 <sample className="game.window.task.data.PlayerTask" sid="128" name="官印指引" derc="官印指引" mubiao="" key="9" value="8" award="11131" type="4" yindaoSid="[563,564,17,111,217,218,219]" ></sample>
 <sample className="game.window.task.data.PlayerTask" sid="129" name="世界指引" derc="世界指引" mubiao="" key="9" value="16" award="11132" type="4" yindaoSid="[604]" ></sample>
 <sample className="game.window.task.data.Task" sid="130" name="击败吕布" derc="击败吕布" mubiao="" key="9" value="32" award="11133" type="1" pzconditionArr="[130]" ></sample>
 <sample className="game.window.task.data.PlayerTask" sid="131" name="城战指引" derc="城战指引" mubiao="" key="9" value="64" award="11134" type="4" yindaoSid="[565,566,203,567,568,569,300,301,302,570]" openSceneID="1" ></sample>
 <sample className="game.window.task.data.PlayerTask" sid="132" name="城战指引2" derc="城战指引2" mubiao="" key="9" value="128" award="11135" type="4" yindaoSid="[581,233,582,234]" ></sample>
 <sample className="game.window.task.data.Task" sid="133" name="通关董卓乱政" derc="通关董卓乱政" mubiao="" key="9" value="256" award="11136" type="1" pzconditionArr="[133]" ></sample>
 <sample className="game.window.task.data.Task" sid="134" name="公孙军部将" derc="公孙军部将" mubiao="" key="9" value="512" award="12000" type="1" pzconditionArr="[134]" ></sample>
 <sample className="game.window.task.data.Task" sid="135" name="耿武" derc="耿武" mubiao="" key="9" value="1024" award="12001" type="1" pzconditionArr="[135]" ></sample>
 <sample className="game.window.task.data.Task" sid="136" name="严纲" derc="严纲" mubiao="" key="9" value="2048" award="12002" type="1" pzconditionArr="[136]" ></sample>
 <sample className="game.window.task.data.Task" sid="137" name="田凯" derc="田凯" mubiao="" key="9" value="4096" award="12003" type="1" pzconditionArr="[137]" ></sample>
 <sample className="game.window.task.data.Task" sid="138" name="田豫" derc="田豫" mubiao="" key="9" value="8192" award="12004" type="1" pzconditionArr="[138]" ></sample>
 <sample className="game.window.task.data.Task" sid="139" name="关靖" derc="关靖" mubiao="" key="9" value="32768" award="12005" type="1" pzconditionArr="[139]" ></sample>
 <sample className="game.window.task.data.Task" sid="140" name="公孙越" derc="公孙越" mubiao="" key="9" value="65536" award="12006" type="1" pzconditionArr="[140]" ></sample>
 <sample className="game.window.task.data.Task" sid="141" name="公孙续" derc="公孙续" mubiao="" key="10" value="1" award="12007" type="1" pzconditionArr="[141]" ></sample>
 <sample className="game.window.task.data.Task" sid="142" name="公孙瓒" derc="公孙瓒" mubiao="" key="10" value="2" award="12008" type="1" pzconditionArr="[142]" ></sample>
 <sample className="game.window.task.data.Task" sid="143" name="火烧易京楼" derc="火烧易京楼" mubiao="" key="10" value="4" award="12009" type="1" pzconditionArr="[143]" ></sample>
 <sample className="game.window.task.data.Task" sid="144" name="曹军部将" derc="曹军部将" mubiao="" key="10" value="8" award="12010" type="1" pzconditionArr="[144]" ></sample>
 <sample className="game.window.task.data.Task" sid="145" name="于禁" derc="于禁" mubiao="" key="10" value="16" award="12011" type="1" pzconditionArr="[145]" ></sample>
 <sample className="game.window.task.data.Task" sid="146" name="李典" derc="李典" mubiao="" key="10" value="32" award="12012" type="1" pzconditionArr="[146]" ></sample>
 <sample className="game.window.task.data.Task" sid="147" name="乐进" derc="乐进" mubiao="" key="10" value="64" award="12013" type="1" pzconditionArr="[147]" ></sample>
 <sample className="game.window.task.data.Task" sid="148" name="朱灵" derc="朱灵" mubiao="" key="10" value="128" award="12014" type="1" pzconditionArr="[148]" ></sample>
 <sample className="game.window.task.data.Task" sid="149" name="路昭" derc="路昭" mubiao="" key="10" value="256" award="12015" type="1" pzconditionArr="[149]" ></sample>
 <sample className="game.window.task.data.Task" sid="150" name="郭嘉" derc="郭嘉" mubiao="" key="10" value="512" award="12016" type="1" pzconditionArr="[150]" ></sample>
 <sample className="game.window.task.data.Task" sid="151" name="夏侯渊" derc="夏侯渊" mubiao="" key="10" value="1024" award="12017" type="1" pzconditionArr="[151]" ></sample>
 <sample className="game.window.task.data.Task" sid="152" name="夏侯惇" derc="夏侯惇" mubiao="" key="10" value="2048" award="12018" type="1" pzconditionArr="[152]" ></sample>
 <sample className="game.window.task.data.Task" sid="153" name="刘玄德千里援徐州" derc="刘玄德千里援徐州" mubiao="" key="10" value="4096" award="12019" type="1" pzconditionArr="[153]" ></sample>
 <sample className="game.window.task.data.Task" sid="154" name="刘繇军部将" derc="刘繇军部将" mubiao="" key="10" value="8192" award="12020" type="1" pzconditionArr="[154]" ></sample>
 <sample className="game.window.task.data.Task" sid="155" name="陆康" derc="陆康" mubiao="" key="10" value="32768" award="12021" type="1" pzconditionArr="[155]" ></sample>
 <sample className="game.window.task.data.Task" sid="156" name="张英" derc="张英" mubiao="" key="10" value="65536" award="12022" type="1" pzconditionArr="[156]" ></sample>
 <sample className="game.window.task.data.Task" sid="157" name="樊能" derc="樊能" mubiao="" key="11" value="1" award="12023" type="1" pzconditionArr="[157]" ></sample>
 <sample className="game.window.task.data.Task" sid="158" name="于糜" derc="于糜" mubiao="" key="11" value="2" award="12024" type="1" pzconditionArr="[158]" ></sample>
 <sample className="game.window.task.data.Task" sid="159" name="孔融" derc="孔融" mubiao="" key="11" value="4" award="12025" type="1" pzconditionArr="[159]" ></sample>
 <sample className="game.window.task.data.Task" sid="160" name="太史慈" derc="太史慈" mubiao="" key="11" value="8" award="12026" type="1" pzconditionArr="[160]" ></sample>
 <sample className="game.window.task.data.Task" sid="161" name="许贡" derc="许贡" mubiao="" key="11" value="16" award="12027" type="1" pzconditionArr="[161]" ></sample>
 <sample className="game.window.task.data.Task" sid="162" name="刘繇" derc="刘繇" mubiao="" key="11" value="32" award="12028" type="1" pzconditionArr="[162]" ></sample>
 <sample className="game.window.task.data.Task" sid="163" name="孙伯符平定江东" derc="孙伯符平定江东" mubiao="" key="11" value="64" award="12029" type="1" pzconditionArr="[163]" ></sample>
 <sample className="game.window.task.data.Task" sid="164" name="杨奉" derc="杨奉" mubiao="" key="11" value="128" award="12030" type="1" pzconditionArr="[164]" ></sample>
 <sample className="game.window.task.data.Task" sid="165" name="韩禛" derc="韩禛" mubiao="" key="11" value="256" award="12031" type="1" pzconditionArr="[165]" ></sample>
 <sample className="game.window.task.data.Task" sid="166" name="张勋" derc="张勋" mubiao="" key="11" value="512" award="12032" type="1" pzconditionArr="[166]" ></sample>
 <sample className="game.window.task.data.Task" sid="167" name="雷薄" derc="雷薄" mubiao="" key="11" value="1024" award="12033" type="1" pzconditionArr="[167]" ></sample>
 <sample className="game.window.task.data.Task" sid="168" name="刘勋" derc="刘勋" mubiao="" key="11" value="2048" award="12034" type="1" pzconditionArr="[168]" ></sample>
 <sample className="game.window.task.data.Task" sid="169" name="梁刚" derc="梁刚" mubiao="" key="11" value="4096" award="12035" type="1" pzconditionArr="[169]" ></sample>
 <sample className="game.window.task.data.Task" sid="170" name="陈纪" derc="陈纪" mubiao="" key="11" value="8192" award="12036" type="1" pzconditionArr="[170]" ></sample>
 <sample className="game.window.task.data.Task" sid="171" name="纪灵" derc="纪灵" mubiao="" key="11" value="32768" award="12037" type="1" pzconditionArr="[171]" ></sample>
 <sample className="game.window.task.data.Task" sid="172" name="袁术" derc="袁术" mubiao="" key="11" value="65536" award="12038" type="1" pzconditionArr="[172]" ></sample>
 <sample className="game.window.task.data.Task" sid="173" name="讨伐袁术" derc="讨伐袁术" mubiao="" key="12" value="1" award="12039" type="1" pzconditionArr="[173]" ></sample>
 <sample className="game.window.task.data.Task" sid="174" name="曹性" derc="曹性" mubiao="" key="12" value="2" award="12040" type="1" pzconditionArr="[174]" ></sample>
 <sample className="game.window.task.data.Task" sid="175" name="郝萌" derc="郝萌" mubiao="" key="12" value="4" award="12041" type="1" pzconditionArr="[175]" ></sample>
 <sample className="game.window.task.data.Task" sid="176" name="高顺" derc="高顺" mubiao="" key="12" value="8" award="12042" type="1" pzconditionArr="[176]" ></sample>
 <sample className="game.window.task.data.Task" sid="177" name="臧霸" derc="臧霸" mubiao="" key="12" value="16" award="12043" type="1" pzconditionArr="[177]" ></sample>
 <sample className="game.window.task.data.Task" sid="178" name="侯成" derc="侯成" mubiao="" key="12" value="32" award="12044" type="1" pzconditionArr="[178]" ></sample>
 <sample className="game.window.task.data.Task" sid="179" name="张辽" derc="张辽" mubiao="" key="12" value="64" award="12045" type="1" pzconditionArr="[179]" ></sample>
 <sample className="game.window.task.data.Task" sid="180" name="陈宫" derc="陈宫" mubiao="" key="12" value="128" award="12046" type="1" pzconditionArr="[180]" ></sample>
 <sample className="game.window.task.data.Task" sid="181" name="貂蝉" derc="貂蝉" mubiao="" key="12" value="256" award="12047" type="1" pzconditionArr="[181]" ></sample>
 <sample className="game.window.task.data.Task" sid="182" name="吕布" derc="吕布" mubiao="" key="12" value="512" award="12048" type="1" pzconditionArr="[182]" ></sample>
 <sample className="game.window.task.data.Task" sid="183" name="吕布白门楼陨命" derc="吕布白门楼陨命" mubiao="" key="12" value="1024" award="12049" type="1" pzconditionArr="[183]" ></sample>
 <sample className="game.window.task.data.Task" sid="184" name="郭图" derc="郭图" mubiao="" key="12" value="2048" award="12050" type="1" pzconditionArr="[184]" ></sample>
 <sample className="game.window.task.data.Task" sid="185" name="逢纪" derc="逢纪" mubiao="" key="12" value="4096" award="12051" type="1" pzconditionArr="[185]" ></sample>
 <sample className="game.window.task.data.Task" sid="186" name="高览" derc="高览" mubiao="" key="12" value="8192" award="12052" type="1" pzconditionArr="[186]" ></sample>
 <sample className="game.window.task.data.Task" sid="187" name="审配" derc="审配" mubiao="" key="12" value="32768" award="12053" type="1" pzconditionArr="[187]" ></sample>
 <sample className="game.window.task.data.Task" sid="188" name="颜良" derc="颜良" mubiao="" key="12" value="65536" award="12054" type="1" pzconditionArr="[188]" ></sample>
 <sample className="game.window.task.data.Task" sid="189" name="文丑" derc="文丑" mubiao="" key="13" value="1" award="12055" type="1" pzconditionArr="[189]" ></sample>
 <sample className="game.window.task.data.Task" sid="190" name="田丰" derc="田丰" mubiao="" key="13" value="2" award="12056" type="1" pzconditionArr="[190]" ></sample>
 <sample className="game.window.task.data.Task" sid="191" name="张颌" derc="张颌" mubiao="" key="13" value="4" award="12057" type="1" pzconditionArr="[191]" ></sample>
 <sample className="game.window.task.data.Task" sid="192" name="袁绍" derc="袁绍" mubiao="" key="13" value="8" award="12058" type="1" pzconditionArr="[192]" ></sample>
 <sample className="game.window.task.data.Task" sid="193" name="官渡之战" derc="官渡之战" mubiao="" key="13" value="16" award="12059" type="1" pzconditionArr="[193]" ></sample>
 <sample className="game.window.task.data.Task" sid="194" name="守关部将" derc="守关部将" mubiao="" key="13" value="32" award="12060" type="1" pzconditionArr="[194]" ></sample>
 <sample className="game.window.task.data.Task" sid="195" name="孔秀" derc="孔秀" mubiao="" key="13" value="64" award="12061" type="1" pzconditionArr="[195]" ></sample>
 <sample className="game.window.task.data.Task" sid="196" name="孟坦" derc="孟坦" mubiao="" key="13" value="128" award="12062" type="1" pzconditionArr="[196]" ></sample>
 <sample className="game.window.task.data.Task" sid="197" name="韩福" derc="韩福" mubiao="" key="13" value="256" award="12063" type="1" pzconditionArr="[197]" ></sample>
 <sample className="game.window.task.data.Task" sid="198" name="卞喜" derc="卞喜" mubiao="" key="13" value="512" award="12064" type="1" pzconditionArr="[198]" ></sample>
 <sample className="game.window.task.data.Task" sid="199" name="王植" derc="王植" mubiao="" key="13" value="1024" award="12065" type="1" pzconditionArr="[199]" ></sample>
 <sample className="game.window.task.data.Task" sid="200" name="秦琪" derc="秦琪" mubiao="" key="13" value="2048" award="12066" type="1" pzconditionArr="[200]" ></sample>
 <sample className="game.window.task.data.Task" sid="201" name="夏侯惇" derc="夏侯惇" mubiao="" key="13" value="4096" award="12067" type="1" pzconditionArr="[201]" ></sample>
 <sample className="game.window.task.data.Task" sid="202" name="蔡阳" derc="蔡阳" mubiao="" key="13" value="8192" award="12068" type="1" pzconditionArr="[202]" ></sample>
 <sample className="game.window.task.data.Task" sid="203" name="千里走单骑" derc="千里走单骑" mubiao="" key="13" value="32768" award="12069" type="1" pzconditionArr="[203]" ></sample>
 <sample className="game.window.task.data.Task" sid="204" name="李典" derc="李典" mubiao="" key="13" value="65536" award="12070" type="1" pzconditionArr="[204]" ></sample>
 <sample className="game.window.task.data.Task" sid="205" name="于禁" derc="于禁" mubiao="" key="14" value="1" award="12071" type="1" pzconditionArr="[205]" ></sample>
 <sample className="game.window.task.data.Task" sid="206" name="乐进" derc="乐进" mubiao="" key="14" value="2" award="12072" type="1" pzconditionArr="[206]" ></sample>
 <sample className="game.window.task.data.Task" sid="207" name="张颌" derc="张颌" mubiao="" key="14" value="4" award="12073" type="1" pzconditionArr="[207]" ></sample>
 <sample className="game.window.task.data.Task" sid="208" name="张辽" derc="张辽" mubiao="" key="14" value="8" award="12074" type="1" pzconditionArr="[208]" ></sample>
 <sample className="game.window.task.data.Task" sid="209" name="许褚" derc="许褚" mubiao="" key="14" value="16" award="12075" type="1" pzconditionArr="[209]" ></sample>
 <sample className="game.window.task.data.Task" sid="210" name="夏侯惇" derc="夏侯惇" mubiao="" key="14" value="32" award="12076" type="1" pzconditionArr="[210]" ></sample>
 <sample className="game.window.task.data.Task" sid="211" name="曹仁" derc="曹仁" mubiao="" key="14" value="64" award="12077" type="1" pzconditionArr="[211]" ></sample>
 <sample className="game.window.task.data.Task" sid="212" name="曹操" derc="曹操" mubiao="" key="14" value="128" award="12078" type="1" pzconditionArr="[212]" ></sample>
 <sample className="game.window.task.data.Task" sid="213" name="赤壁之战" derc="赤壁之战" mubiao="" key="14" value="256" award="12079" type="1" pzconditionArr="[213]" ></sample>
 </objects>