﻿{"toushiche":
	{
	"stand":
		{"img":"toushiche","scale":"1","frames":
			{
				
				"3":
				{"x":"-49","y":"-86","actions":
					{"0":"stop#img:walk/10000.png"}
				},
				
				"7":
				{"x":"-49","y":"-86","actions":
					{"0":"stop#img:walk/10000.png"}
				}
			}
		}
	,"run":
		{"img":"toushiche","scale":"1","frames":
			{
				"3":
				{"x":"-49","y":"-86","actions":
					{"0":"wait:5#img:walk/10000.png",
					"1":"wait:5#img:walk/10003.png",
					"2":"wait:5#img:walk/10004.png",
					"3":"wait:5#img:walk/10005.png",
					"4":"gotoFram:0"}
				},
				"7":
				{"x":"-49","y":"-86","actions":
					{"0":"wait:5#img:walk/10000.png",
					"1":"wait:5#img:walk/10003.png",
					"2":"wait:5#img:walk/10004.png",
					"3":"wait:5#img:walk/10005.png",
					"4":"gotoFram:0"}
				}
			}
		}
		,"action":
		{"img":"toushiche","scale":"1","frames":
			{
				"3":
				{"x":"-49","y":"-91","actions":
					{"0":"wait:5#img:attack/10000.png",
					"1":"wait:5#img:attack/10001.png",
					"2":"wait:5#img:attack/10002.png",
					"3":"wait:5#img:attack/10003.png",
					"4":"wait:5#img:attack/10004.png",
					"5":"wait:5#img:attack/10005.png",
					"6":"wait:5#img:attack/10006.png#action",
					"7":"wait:5#img:attack/10007.png",
					"8":"wait:5#img:attack/10008.png",
					"9":"wait:5#img:attack/10009.png",
					"10":"play:stand#end"}
				},
				"7":
				{"x":"-49","y":"-91","actions":
					{"0":"wait:5#img:attack/10000.png",
					"1":"wait:5#img:attack/10001.png",
					"2":"wait:5#img:attack/10002.png",
					"3":"wait:5#img:attack/10003.png",
					"4":"wait:5#img:attack/10004.png",
					"5":"wait:5#img:attack/10005.png",
					"6":"wait:5#img:attack/10006.png#action",
					"7":"wait:5#img:attack/10007.png",
					"8":"wait:5#img:attack/10008.png",
					"9":"wait:5#img:attack/10009.png",
					"10":"play:stand#end"}
				}
			}
		}
		,"die":
		{"img":"toushiche","scale":"1","frames":
			{
				"3":
				{"x":"-49","y":"-86","actions":
					{"0":"wait:5#img:hurt/10000.png",
					"1":"wait:5#img:hurt/10003.png",
					"2":"wait:5#img:hurt/10004.png",
					"3":"wait:5#img:hurt/10005.png",
					"4":"play:stand#end"}
				},
				"7":
				{"x":"-49","y":"-86","actions":
					{"0":"wait:5#img:hurt/10000.png",
					"1":"wait:5#img:hurt/10003.png",
					"2":"wait:5#img:hurt/10004.png",
					"3":"wait:5#img:hurt/10005.png",
					"4":"play:stand#end"}
				}
			}
		}
		
		
	}
}