﻿<?xml version="1.0" encoding="UTF-8"?>
   <objects>
   <!--
   connectCity连接城市
   spendTime花费时间
   spendLiangShi花费粮食
   -->
<sample className="game.world.data.WorldRoadWayData" sid="1_2" connectCity="[1,2]" spendLiangShi="50" spendTime="6" />
 <sample className="game.world.data.WorldRoadWayData" sid="1_3" connectCity="[1,3]" spendLiangShi="50" spendTime="6" />
 <sample className="game.world.data.WorldRoadWayData" sid="1_4" connectCity="[1,4]" spendLiangShi="50" spendTime="6" />
 <sample className="game.world.data.WorldRoadWayData" sid="2_4" connectCity="[2,4]" spendLiangShi="50" spendTime="6" />
 <sample className="game.world.data.WorldRoadWayData" sid="2_5" connectCity="[2,5]" spendLiangShi="50" spendTime="9" />
 <sample className="game.world.data.WorldRoadWayData" sid="3_4" connectCity="[3,4]" spendLiangShi="50" spendTime="6" />
 <sample className="game.world.data.WorldRoadWayData" sid="4_6" connectCity="[4,6]" spendLiangShi="50" spendTime="6" />
 <sample className="game.world.data.WorldRoadWayData" sid="5_6" connectCity="[5,6]" spendLiangShi="50" spendTime="9" />
 <sample className="game.world.data.WorldRoadWayData" sid="5_7" connectCity="[5,7]" spendLiangShi="50" spendTime="6" />
 <sample className="game.world.data.WorldRoadWayData" sid="5_8" connectCity="[5,8]" spendLiangShi="50" spendTime="6" />
 <sample className="game.world.data.WorldRoadWayData" sid="6_9" connectCity="[6,9]" spendLiangShi="50" spendTime="6" />
 <sample className="game.world.data.WorldRoadWayData" sid="7_8" connectCity="[7,8]" spendLiangShi="50" spendTime="8" />
 <sample className="game.world.data.WorldRoadWayData" sid="7_11" connectCity="[7,11]" spendLiangShi="50" spendTime="8" />
 <sample className="game.world.data.WorldRoadWayData" sid="8_10" connectCity="[8,10]" spendLiangShi="50" spendTime="8" />
 <sample className="game.world.data.WorldRoadWayData" sid="9_10" connectCity="[9,10]" spendLiangShi="50" spendTime="8" />
 <sample className="game.world.data.WorldRoadWayData" sid="10_11" connectCity="[10,11]" spendLiangShi="50" spendTime="8" />
 <sample className="game.world.data.WorldRoadWayData" sid="10_13" connectCity="[10,13]" spendLiangShi="50" spendTime="8" />
 <sample className="game.world.data.WorldRoadWayData" sid="11_12" connectCity="[11,12]" spendLiangShi="50" spendTime="8" />
 <sample className="game.world.data.WorldRoadWayData" sid="11_13" connectCity="[11,13]" spendLiangShi="50" spendTime="8" />
 <sample className="game.world.data.WorldRoadWayData" sid="37_38" connectCity="[37,38]" spendLiangShi="50" spendTime="8" />
 <sample className="game.world.data.WorldRoadWayData" sid="12_13" connectCity="[12,13]" spendLiangShi="50" spendTime="8" />
 <sample className="game.world.data.WorldRoadWayData" sid="12_14" connectCity="[12,14]" spendLiangShi="50" spendTime="8" />
 <sample className="game.world.data.WorldRoadWayData" sid="13_53" connectCity="[13,53]" spendLiangShi="50" spendTime="8" />
 <sample className="game.world.data.WorldRoadWayData" sid="14_15" connectCity="[14,15]" spendLiangShi="50" spendTime="8" />
 <sample className="game.world.data.WorldRoadWayData" sid="15_17" connectCity="[15,17]" spendLiangShi="50" spendTime="8" />
 <sample className="game.world.data.WorldRoadWayData" sid="15_18" connectCity="[15,18]" spendLiangShi="50" spendTime="8" />
 <sample className="game.world.data.WorldRoadWayData" sid="16_17" connectCity="[16,17]" spendLiangShi="50" spendTime="8" />
 <sample className="game.world.data.WorldRoadWayData" sid="16_48" connectCity="[16,48]" spendLiangShi="50" spendTime="8" />
 <sample className="game.world.data.WorldRoadWayData" sid="17_18" connectCity="[17,18]" spendLiangShi="50" spendTime="8" />
 <sample className="game.world.data.WorldRoadWayData" sid="18_22" connectCity="[18,22]" spendLiangShi="50" spendTime="8" />
 <sample className="game.world.data.WorldRoadWayData" sid="18_46" connectCity="[18,46]" spendLiangShi="50" spendTime="8" />
 <sample className="game.world.data.WorldRoadWayData" sid="19_20" connectCity="[19,20]" spendLiangShi="50" spendTime="8" />
 <sample className="game.world.data.WorldRoadWayData" sid="19_21" connectCity="[19,21]" spendLiangShi="50" spendTime="8" />
 <sample className="game.world.data.WorldRoadWayData" sid="19_22" connectCity="[19,22]" spendLiangShi="50" spendTime="8" />
 <sample className="game.world.data.WorldRoadWayData" sid="20_21" connectCity="[20,21]" spendLiangShi="50" spendTime="8" />
 <sample className="game.world.data.WorldRoadWayData" sid="20_23" connectCity="[20,23]" spendLiangShi="50" spendTime="8" />
 <sample className="game.world.data.WorldRoadWayData" sid="21_22" connectCity="[21,22]" spendLiangShi="50" spendTime="8" />
 <sample className="game.world.data.WorldRoadWayData" sid="21_23" connectCity="[21,23]" spendLiangShi="50" spendTime="8" />
 <sample className="game.world.data.WorldRoadWayData" sid="22_23" connectCity="[22,23]" spendLiangShi="50" spendTime="8" />
 <sample className="game.world.data.WorldRoadWayData" sid="22_46" connectCity="[22,46]" spendLiangShi="50" spendTime="8" />
 <sample className="game.world.data.WorldRoadWayData" sid="23_24" connectCity="[23,24]" spendLiangShi="50" spendTime="8" />
 <sample className="game.world.data.WorldRoadWayData" sid="24_26" connectCity="[24,26]" spendLiangShi="50" spendTime="8" />
 <sample className="game.world.data.WorldRoadWayData" sid="24_27" connectCity="[24,27]" spendLiangShi="50" spendTime="8" />
 <sample className="game.world.data.WorldRoadWayData" sid="25_27" connectCity="[25,27]" spendLiangShi="50" spendTime="8" />
 <sample className="game.world.data.WorldRoadWayData" sid="26_41" connectCity="[26,41]" spendLiangShi="50" spendTime="8" />
 <sample className="game.world.data.WorldRoadWayData" sid="27_28" connectCity="[27,28]" spendLiangShi="50" spendTime="8" />
 <sample className="game.world.data.WorldRoadWayData" sid="27_29" connectCity="[27,29]" spendLiangShi="50" spendTime="8" />
 <sample className="game.world.data.WorldRoadWayData" sid="28_30" connectCity="[28,30]" spendLiangShi="50" spendTime="8" />
 <sample className="game.world.data.WorldRoadWayData" sid="28_41" connectCity="[28,41]" spendLiangShi="50" spendTime="8" />
 <sample className="game.world.data.WorldRoadWayData" sid="29_31" connectCity="[29,31]" spendLiangShi="50" spendTime="8" />
 <sample className="game.world.data.WorldRoadWayData" sid="30_32" connectCity="[30,32]" spendLiangShi="50" spendTime="8" />
 <sample className="game.world.data.WorldRoadWayData" sid="30_34" connectCity="[30,34]" spendLiangShi="50" spendTime="8" />
 <sample className="game.world.data.WorldRoadWayData" sid="31_33" connectCity="[31,33]" spendLiangShi="50" spendTime="8" />
 <sample className="game.world.data.WorldRoadWayData" sid="32_33" connectCity="[32,33]" spendLiangShi="50" spendTime="8" />
 <sample className="game.world.data.WorldRoadWayData" sid="32_34" connectCity="[32,34]" spendLiangShi="50" spendTime="8" />
 <sample className="game.world.data.WorldRoadWayData" sid="34_36" connectCity="[34,36]" spendLiangShi="50" spendTime="8" />
 <sample className="game.world.data.WorldRoadWayData" sid="35_36" connectCity="[35,36]" spendLiangShi="50" spendTime="8" />
 <sample className="game.world.data.WorldRoadWayData" sid="35_39" connectCity="[35,39]" spendLiangShi="50" spendTime="8" />
 <sample className="game.world.data.WorldRoadWayData" sid="36_37" connectCity="[36,37]" spendLiangShi="50" spendTime="8" />
 <sample className="game.world.data.WorldRoadWayData" sid="36_38" connectCity="[36,38]" spendLiangShi="50" spendTime="8" />
 <sample className="game.world.data.WorldRoadWayData" sid="36_39" connectCity="[36,39]" spendLiangShi="50" spendTime="8" />
 <sample className="game.world.data.WorldRoadWayData" sid="37_40" connectCity="[37,40]" spendLiangShi="50" spendTime="8" />
 <sample className="game.world.data.WorldRoadWayData" sid="37_41" connectCity="[37,41]" spendLiangShi="50" spendTime="8" />
 <sample className="game.world.data.WorldRoadWayData" sid="38_39" connectCity="[38,39]" spendLiangShi="50" spendTime="8" />
 <sample className="game.world.data.WorldRoadWayData" sid="38_43" connectCity="[38,43]" spendLiangShi="50" spendTime="8" />
 <sample className="game.world.data.WorldRoadWayData" sid="38_149" connectCity="[38,149]" spendLiangShi="50" spendTime="8" />
 <sample className="game.world.data.WorldRoadWayData" sid="40_41" connectCity="[40,41]" spendLiangShi="50" spendTime="8" />
 <sample className="game.world.data.WorldRoadWayData" sid="40_42" connectCity="[40,42]" spendLiangShi="50" spendTime="8" />
 <sample className="game.world.data.WorldRoadWayData" sid="40_43" connectCity="[40,43]" spendLiangShi="50" spendTime="8" />
 <sample className="game.world.data.WorldRoadWayData" sid="41_42" connectCity="[41,42]" spendLiangShi="50" spendTime="8" />
 <sample className="game.world.data.WorldRoadWayData" sid="42_44" connectCity="[42,44]" spendLiangShi="50" spendTime="8" />
 <sample className="game.world.data.WorldRoadWayData" sid="43_146" connectCity="[43,146]" spendLiangShi="50" spendTime="8" />
 <sample className="game.world.data.WorldRoadWayData" sid="43_149" connectCity="[43,149]" spendLiangShi="50" spendTime="8" />
 <sample className="game.world.data.WorldRoadWayData" sid="44_45" connectCity="[44,45]" spendLiangShi="50" spendTime="8" />
 <sample className="game.world.data.WorldRoadWayData" sid="44_46" connectCity="[44,46]" spendLiangShi="50" spendTime="8" />
 <sample className="game.world.data.WorldRoadWayData" sid="45_46" connectCity="[45,46]" spendLiangShi="50" spendTime="8" />
 <sample className="game.world.data.WorldRoadWayData" sid="45_47" connectCity="[45,47]" spendLiangShi="50" spendTime="8" />
 <sample className="game.world.data.WorldRoadWayData" sid="46_147" connectCity="[46,147]" spendLiangShi="50" spendTime="8" />
 <sample className="game.world.data.WorldRoadWayData" sid="47_142" connectCity="[47,142]" spendLiangShi="50" spendTime="8" />
 <sample className="game.world.data.WorldRoadWayData" sid="47_145" connectCity="[47,145]" spendLiangShi="50" spendTime="8" />
 <sample className="game.world.data.WorldRoadWayData" sid="48_49" connectCity="[48,49]" spendLiangShi="50" spendTime="8" />
 <sample className="game.world.data.WorldRoadWayData" sid="49_50" connectCity="[49,50]" spendLiangShi="50" spendTime="8" />
 <sample className="game.world.data.WorldRoadWayData" sid="49_51" connectCity="[49,51]" spendLiangShi="50" spendTime="8" />
 <sample className="game.world.data.WorldRoadWayData" sid="49_52" connectCity="[49,52]" spendLiangShi="50" spendTime="8" />
 <sample className="game.world.data.WorldRoadWayData" sid="50_51" connectCity="[50,51]" spendLiangShi="50" spendTime="8" />
 <sample className="game.world.data.WorldRoadWayData" sid="50_148" connectCity="[50,148]" spendLiangShi="50" spendTime="8" />
 <sample className="game.world.data.WorldRoadWayData" sid="51_52" connectCity="[51,52]" spendLiangShi="50" spendTime="8" />
 <sample className="game.world.data.WorldRoadWayData" sid="52_53" connectCity="[52,53]" spendLiangShi="50" spendTime="8" />
 <sample className="game.world.data.WorldRoadWayData" sid="53_54" connectCity="[53,54]" spendLiangShi="50" spendTime="8" />
 <sample className="game.world.data.WorldRoadWayData" sid="53_58" connectCity="[53,58]" spendLiangShi="50" spendTime="8" />
 <sample className="game.world.data.WorldRoadWayData" sid="54_55" connectCity="[54,55]" spendLiangShi="50" spendTime="8" />
 <sample className="game.world.data.WorldRoadWayData" sid="54_56" connectCity="[54,56]" spendLiangShi="50" spendTime="8" />
 <sample className="game.world.data.WorldRoadWayData" sid="54_57" connectCity="[54,57]" spendLiangShi="50" spendTime="8" />
 <sample className="game.world.data.WorldRoadWayData" sid="55_56" connectCity="[55,56]" spendLiangShi="50" spendTime="8" />
 <sample className="game.world.data.WorldRoadWayData" sid="56_57" connectCity="[56,57]" spendLiangShi="50" spendTime="8" />
 <sample className="game.world.data.WorldRoadWayData" sid="56_71" connectCity="[56,71]" spendLiangShi="50" spendTime="8" />
 <sample className="game.world.data.WorldRoadWayData" sid="57_59" connectCity="[57,59]" spendLiangShi="50" spendTime="8" />
 <sample className="game.world.data.WorldRoadWayData" sid="58_60" connectCity="[58,60]" spendLiangShi="50" spendTime="8" />
 <sample className="game.world.data.WorldRoadWayData" sid="59_60" connectCity="[59,60]" spendLiangShi="50" spendTime="8" />
 <sample className="game.world.data.WorldRoadWayData" sid="59_71" connectCity="[59,71]" spendLiangShi="50" spendTime="8" />
 <sample className="game.world.data.WorldRoadWayData" sid="60_61" connectCity="[60,61]" spendLiangShi="50" spendTime="8" />
 <sample className="game.world.data.WorldRoadWayData" sid="60_64" connectCity="[60,64]" spendLiangShi="50" spendTime="8" />
 <sample className="game.world.data.WorldRoadWayData" sid="61_62" connectCity="[61,62]" spendLiangShi="50" spendTime="8" />
 <sample className="game.world.data.WorldRoadWayData" sid="61_64" connectCity="[61,64]" spendLiangShi="50" spendTime="8" />
 <sample className="game.world.data.WorldRoadWayData" sid="62_63" connectCity="[62,63]" spendLiangShi="50" spendTime="8" />
 <sample className="game.world.data.WorldRoadWayData" sid="62_65" connectCity="[62,65]" spendLiangShi="50" spendTime="8" />
 <sample className="game.world.data.WorldRoadWayData" sid="62_66" connectCity="[62,66]" spendLiangShi="50" spendTime="8" />
 <sample className="game.world.data.WorldRoadWayData" sid="63_66" connectCity="[63,66]" spendLiangShi="50" spendTime="8" />
 <sample className="game.world.data.WorldRoadWayData" sid="65_66" connectCity="[65,66]" spendLiangShi="50" spendTime="8" />
 <sample className="game.world.data.WorldRoadWayData" sid="66_67" connectCity="[66,67]" spendLiangShi="50" spendTime="8" />
 <sample className="game.world.data.WorldRoadWayData" sid="67_68" connectCity="[67,68]" spendLiangShi="50" spendTime="8" />
 <sample className="game.world.data.WorldRoadWayData" sid="67_69" connectCity="[67,69]" spendLiangShi="50" spendTime="8" />
 <sample className="game.world.data.WorldRoadWayData" sid="67_70" connectCity="[67,70]" spendLiangShi="50" spendTime="8" />
 <sample className="game.world.data.WorldRoadWayData" sid="68_74" connectCity="[68,74]" spendLiangShi="50" spendTime="8" />
 <sample className="game.world.data.WorldRoadWayData" sid="68_98" connectCity="[68,98]" spendLiangShi="50" spendTime="8" />
 <sample className="game.world.data.WorldRoadWayData" sid="69_75" connectCity="[69,75]" spendLiangShi="50" spendTime="8" />
 <sample className="game.world.data.WorldRoadWayData" sid="69_76" connectCity="[69,76]" spendLiangShi="50" spendTime="8" />
 <sample className="game.world.data.WorldRoadWayData" sid="70_71" connectCity="[70,71]" spendLiangShi="50" spendTime="8" />
 <sample className="game.world.data.WorldRoadWayData" sid="70_72" connectCity="[70,72]" spendLiangShi="50" spendTime="8" />
 <sample className="game.world.data.WorldRoadWayData" sid="71_72" connectCity="[71,72]" spendLiangShi="50" spendTime="8" />
 <sample className="game.world.data.WorldRoadWayData" sid="71_73" connectCity="[71,73]" spendLiangShi="50" spendTime="8" />
 <sample className="game.world.data.WorldRoadWayData" sid="72_73" connectCity="[72,73]" spendLiangShi="50" spendTime="8" />
 <sample className="game.world.data.WorldRoadWayData" sid="74_77" connectCity="[74,77]" spendLiangShi="50" spendTime="8" />
 <sample className="game.world.data.WorldRoadWayData" sid="74_96" connectCity="[74,96]" spendLiangShi="50" spendTime="8" />
 <sample className="game.world.data.WorldRoadWayData" sid="75_76" connectCity="[75,76]" spendLiangShi="50" spendTime="8" />
 <sample className="game.world.data.WorldRoadWayData" sid="75_77" connectCity="[75,77]" spendLiangShi="50" spendTime="8" />
 <sample className="game.world.data.WorldRoadWayData" sid="76_77" connectCity="[76,77]" spendLiangShi="50" spendTime="8" />
 <sample className="game.world.data.WorldRoadWayData" sid="76_78" connectCity="[76,78]" spendLiangShi="50" spendTime="8" />
 <sample className="game.world.data.WorldRoadWayData" sid="77_85" connectCity="[77,85]" spendLiangShi="50" spendTime="8" />
 <sample className="game.world.data.WorldRoadWayData" sid="78_79" connectCity="[78,79]" spendLiangShi="50" spendTime="8" />
 <sample className="game.world.data.WorldRoadWayData" sid="78_80" connectCity="[78,80]" spendLiangShi="50" spendTime="8" />
 <sample className="game.world.data.WorldRoadWayData" sid="78_81" connectCity="[78,81]" spendLiangShi="50" spendTime="8" />
 <sample className="game.world.data.WorldRoadWayData" sid="79_81" connectCity="[79,81]" spendLiangShi="50" spendTime="8" />
 <sample className="game.world.data.WorldRoadWayData" sid="80_81" connectCity="[80,81]" spendLiangShi="50" spendTime="8" />
 <sample className="game.world.data.WorldRoadWayData" sid="81_82" connectCity="[81,82]" spendLiangShi="50" spendTime="8" />
 <sample className="game.world.data.WorldRoadWayData" sid="81_83" connectCity="[81,83]" spendLiangShi="50" spendTime="8" />
 <sample className="game.world.data.WorldRoadWayData" sid="82_83" connectCity="[82,83]" spendLiangShi="50" spendTime="8" />
 <sample className="game.world.data.WorldRoadWayData" sid="82_119" connectCity="[82,119]" spendLiangShi="50" spendTime="8" />
 <sample className="game.world.data.WorldRoadWayData" sid="82_122" connectCity="[82,122]" spendLiangShi="50" spendTime="8" />
 <sample className="game.world.data.WorldRoadWayData" sid="82_123" connectCity="[82,123]" spendLiangShi="50" spendTime="8" />
 <sample className="game.world.data.WorldRoadWayData" sid="83_84" connectCity="[83,84]" spendLiangShi="50" spendTime="8" />
 <sample className="game.world.data.WorldRoadWayData" sid="84_85" connectCity="[84,85]" spendLiangShi="50" spendTime="8" />
 <sample className="game.world.data.WorldRoadWayData" sid="85_86" connectCity="[85,86]" spendLiangShi="50" spendTime="8" />
 <sample className="game.world.data.WorldRoadWayData" sid="86_87" connectCity="[86,87]" spendLiangShi="50" spendTime="8" />
 <sample className="game.world.data.WorldRoadWayData" sid="86_88" connectCity="[86,88]" spendLiangShi="50" spendTime="8" />
 <sample className="game.world.data.WorldRoadWayData" sid="87_89" connectCity="[87,89]" spendLiangShi="50" spendTime="8" />
 <sample className="game.world.data.WorldRoadWayData" sid="87_116" connectCity="[87,116]" spendLiangShi="50" spendTime="8" />
 <sample className="game.world.data.WorldRoadWayData" sid="88_90" connectCity="[88,90]" spendLiangShi="50" spendTime="8" />
 <sample className="game.world.data.WorldRoadWayData" sid="89_90" connectCity="[89,90]" spendLiangShi="50" spendTime="8" />
 <sample className="game.world.data.WorldRoadWayData" sid="89_101" connectCity="[89,101]" spendLiangShi="50" spendTime="8" />
 <sample className="game.world.data.WorldRoadWayData" sid="89_115" connectCity="[89,115]" spendLiangShi="50" spendTime="8" />
 <sample className="game.world.data.WorldRoadWayData" sid="90_91" connectCity="[90,91]" spendLiangShi="50" spendTime="8" />
 <sample className="game.world.data.WorldRoadWayData" sid="90_101" connectCity="[90,101]" spendLiangShi="50" spendTime="8" />
 <sample className="game.world.data.WorldRoadWayData" sid="91_92" connectCity="[91,92]" spendLiangShi="50" spendTime="8" />
 <sample className="game.world.data.WorldRoadWayData" sid="91_99" connectCity="[91,99]" spendLiangShi="50" spendTime="8" />
 <sample className="game.world.data.WorldRoadWayData" sid="92_93" connectCity="[92,93]" spendLiangShi="50" spendTime="8" />
 <sample className="game.world.data.WorldRoadWayData" sid="93_94" connectCity="[93,94]" spendLiangShi="50" spendTime="8" />
 <sample className="game.world.data.WorldRoadWayData" sid="93_95" connectCity="[93,95]" spendLiangShi="50" spendTime="8" />
 <sample className="game.world.data.WorldRoadWayData" sid="93_96" connectCity="[93,96]" spendLiangShi="50" spendTime="8" />
 <sample className="game.world.data.WorldRoadWayData" sid="95_96" connectCity="[95,96]" spendLiangShi="50" spendTime="8" />
 <sample className="game.world.data.WorldRoadWayData" sid="95_97" connectCity="[95,97]" spendLiangShi="50" spendTime="8" />
 <sample className="game.world.data.WorldRoadWayData" sid="95_98" connectCity="[95,98]" spendLiangShi="50" spendTime="8" />
 <sample className="game.world.data.WorldRoadWayData" sid="97_98" connectCity="[97,98]" spendLiangShi="50" spendTime="8" />
 <sample className="game.world.data.WorldRoadWayData" sid="99_100" connectCity="[99,100]" spendLiangShi="50" spendTime="8" />
 <sample className="game.world.data.WorldRoadWayData" sid="100_105" connectCity="[100,105]" spendLiangShi="50" spendTime="8" />
 <sample className="game.world.data.WorldRoadWayData" sid="101_102" connectCity="[101,102]" spendLiangShi="50" spendTime="8" />
 <sample className="game.world.data.WorldRoadWayData" sid="101_103" connectCity="[101,103]" spendLiangShi="50" spendTime="8" />
 <sample className="game.world.data.WorldRoadWayData" sid="102_115" connectCity="[102,115]" spendLiangShi="50" spendTime="8" />
 <sample className="game.world.data.WorldRoadWayData" sid="103_104" connectCity="[103,104]" spendLiangShi="50" spendTime="8" />
 <sample className="game.world.data.WorldRoadWayData" sid="103_105" connectCity="[103,105]" spendLiangShi="50" spendTime="8" />
 <sample className="game.world.data.WorldRoadWayData" sid="104_109" connectCity="[104,109]" spendLiangShi="50" spendTime="8" />
 <sample className="game.world.data.WorldRoadWayData" sid="104_111" connectCity="[104,111]" spendLiangShi="50" spendTime="8" />
 <sample className="game.world.data.WorldRoadWayData" sid="105_106" connectCity="[105,106]" spendLiangShi="50" spendTime="8" />
 <sample className="game.world.data.WorldRoadWayData" sid="105_107" connectCity="[105,107]" spendLiangShi="50" spendTime="8" />
 <sample className="game.world.data.WorldRoadWayData" sid="107_108" connectCity="[107,108]" spendLiangShi="50" spendTime="8" />
 <sample className="game.world.data.WorldRoadWayData" sid="108_109" connectCity="[108,109]" spendLiangShi="50" spendTime="8" />
 <sample className="game.world.data.WorldRoadWayData" sid="108_236" connectCity="[108,236]" spendLiangShi="50" spendTime="8" />
 <sample className="game.world.data.WorldRoadWayData" sid="108_237" connectCity="[108,237]" spendLiangShi="50" spendTime="8" />
 <sample className="game.world.data.WorldRoadWayData" sid="109_110" connectCity="[109,110]" spendLiangShi="50" spendTime="8" />
 <sample className="game.world.data.WorldRoadWayData" sid="110_235" connectCity="[110,235]" spendLiangShi="50" spendTime="8" />
 <sample className="game.world.data.WorldRoadWayData" sid="111_112" connectCity="[111,112]" spendLiangShi="50" spendTime="8" />
 <sample className="game.world.data.WorldRoadWayData" sid="111_114" connectCity="[111,114]" spendLiangShi="50" spendTime="8" />
 <sample className="game.world.data.WorldRoadWayData" sid="112_113" connectCity="[112,113]" spendLiangShi="50" spendTime="8" />
 <sample className="game.world.data.WorldRoadWayData" sid="112_117" connectCity="[112,117]" spendLiangShi="50" spendTime="8" />
 <sample className="game.world.data.WorldRoadWayData" sid="113_114" connectCity="[113,114]" spendLiangShi="50" spendTime="8" />
 <sample className="game.world.data.WorldRoadWayData" sid="113_229" connectCity="[113,229]" spendLiangShi="50" spendTime="8" />
 <sample className="game.world.data.WorldRoadWayData" sid="114_230" connectCity="[114,230]" spendLiangShi="50" spendTime="8" />
 <sample className="game.world.data.WorldRoadWayData" sid="115_116" connectCity="[115,116]" spendLiangShi="50" spendTime="8" />
 <sample className="game.world.data.WorldRoadWayData" sid="116_117" connectCity="[116,117]" spendLiangShi="50" spendTime="8" />
 <sample className="game.world.data.WorldRoadWayData" sid="116_118" connectCity="[116,118]" spendLiangShi="50" spendTime="8" />
 <sample className="game.world.data.WorldRoadWayData" sid="116_121" connectCity="[116,121]" spendLiangShi="50" spendTime="8" />
 <sample className="game.world.data.WorldRoadWayData" sid="117_120" connectCity="[117,120]" spendLiangShi="50" spendTime="8" />
 <sample className="game.world.data.WorldRoadWayData" sid="117_121" connectCity="[117,121]" spendLiangShi="50" spendTime="8" />
 <sample className="game.world.data.WorldRoadWayData" sid="118_119" connectCity="[118,119]" spendLiangShi="50" spendTime="8" />
 <sample className="game.world.data.WorldRoadWayData" sid="118_121" connectCity="[118,121]" spendLiangShi="50" spendTime="8" />
 <sample className="game.world.data.WorldRoadWayData" sid="119_121" connectCity="[119,121]" spendLiangShi="50" spendTime="8" />
 <sample className="game.world.data.WorldRoadWayData" sid="120_121" connectCity="[120,121]" spendLiangShi="50" spendTime="8" />
 <sample className="game.world.data.WorldRoadWayData" sid="122_124" connectCity="[122,124]" spendLiangShi="50" spendTime="8" />
 <sample className="game.world.data.WorldRoadWayData" sid="123_126" connectCity="[123,126]" spendLiangShi="50" spendTime="8" />
 <sample className="game.world.data.WorldRoadWayData" sid="124_125" connectCity="[124,125]" spendLiangShi="50" spendTime="8" />
 <sample className="game.world.data.WorldRoadWayData" sid="124_128" connectCity="[124,128]" spendLiangShi="50" spendTime="8" />
 <sample className="game.world.data.WorldRoadWayData" sid="125_126" connectCity="[125,126]" spendLiangShi="50" spendTime="8" />
 <sample className="game.world.data.WorldRoadWayData" sid="125_129" connectCity="[125,129]" spendLiangShi="50" spendTime="8" />
 <sample className="game.world.data.WorldRoadWayData" sid="126_127" connectCity="[126,127]" spendLiangShi="50" spendTime="8" />
 <sample className="game.world.data.WorldRoadWayData" sid="127_135" connectCity="[127,135]" spendLiangShi="50" spendTime="8" />
 <sample className="game.world.data.WorldRoadWayData" sid="127_136" connectCity="[127,136]" spendLiangShi="50" spendTime="8" />
 <sample className="game.world.data.WorldRoadWayData" sid="128_130" connectCity="[128,130]" spendLiangShi="50" spendTime="8" />
 <sample className="game.world.data.WorldRoadWayData" sid="128_131" connectCity="[128,131]" spendLiangShi="50" spendTime="8" />
 <sample className="game.world.data.WorldRoadWayData" sid="129_130" connectCity="[129,130]" spendLiangShi="50" spendTime="8" />
 <sample className="game.world.data.WorldRoadWayData" sid="129_135" connectCity="[129,135]" spendLiangShi="50" spendTime="8" />
 <sample className="game.world.data.WorldRoadWayData" sid="130_133" connectCity="[130,133]" spendLiangShi="50" spendTime="8" />
 <sample className="game.world.data.WorldRoadWayData" sid="131_139" connectCity="[131,139]" spendLiangShi="50" spendTime="8" />
 <sample className="game.world.data.WorldRoadWayData" sid="132_133" connectCity="[132,133]" spendLiangShi="50" spendTime="8" />
 <sample className="game.world.data.WorldRoadWayData" sid="132_139" connectCity="[132,139]" spendLiangShi="50" spendTime="8" />
 <sample className="game.world.data.WorldRoadWayData" sid="133_134" connectCity="[133,134]" spendLiangShi="50" spendTime="8" />
 <sample className="game.world.data.WorldRoadWayData" sid="134_135" connectCity="[134,135]" spendLiangShi="50" spendTime="8" />
 <sample className="game.world.data.WorldRoadWayData" sid="134_137" connectCity="[134,137]" spendLiangShi="50" spendTime="8" />
 <sample className="game.world.data.WorldRoadWayData" sid="136_138" connectCity="[136,138]" spendLiangShi="50" spendTime="8" />
 <sample className="game.world.data.WorldRoadWayData" sid="137_138" connectCity="[137,138]" spendLiangShi="50" spendTime="8" />
 <sample className="game.world.data.WorldRoadWayData" sid="138_175" connectCity="[138,175]" spendLiangShi="50" spendTime="8" />
 <sample className="game.world.data.WorldRoadWayData" sid="138_180" connectCity="[138,180]" spendLiangShi="50" spendTime="8" />
 <sample className="game.world.data.WorldRoadWayData" sid="138_183" connectCity="[138,183]" spendLiangShi="50" spendTime="8" />
 <sample className="game.world.data.WorldRoadWayData" sid="139_140" connectCity="[139,140]" spendLiangShi="50" spendTime="8" />
 <sample className="game.world.data.WorldRoadWayData" sid="139_142" connectCity="[139,142]" spendLiangShi="50" spendTime="8" />
 <sample className="game.world.data.WorldRoadWayData" sid="139_143" connectCity="[139,143]" spendLiangShi="50" spendTime="8" />
 <sample className="game.world.data.WorldRoadWayData" sid="140_141" connectCity="[140,141]" spendLiangShi="50" spendTime="8" />
 <sample className="game.world.data.WorldRoadWayData" sid="141_142" connectCity="[141,142]" spendLiangShi="50" spendTime="8" />
 <sample className="game.world.data.WorldRoadWayData" sid="141_147" connectCity="[141,147]" spendLiangShi="50" spendTime="8" />
 <sample className="game.world.data.WorldRoadWayData" sid="142_144" connectCity="[142,144]" spendLiangShi="50" spendTime="8" />
 <sample className="game.world.data.WorldRoadWayData" sid="143_144" connectCity="[143,144]" spendLiangShi="50" spendTime="8" />
 <sample className="game.world.data.WorldRoadWayData" sid="144_145" connectCity="[144,145]" spendLiangShi="50" spendTime="8" />
 <sample className="game.world.data.WorldRoadWayData" sid="145_146" connectCity="[145,146]" spendLiangShi="50" spendTime="8" />
 <sample className="game.world.data.WorldRoadWayData" sid="147_148" connectCity="[147,148]" spendLiangShi="50" spendTime="8" />
 <sample className="game.world.data.WorldRoadWayData" sid="149_150" connectCity="[149,150]" spendLiangShi="50" spendTime="8" />
 <sample className="game.world.data.WorldRoadWayData" sid="149_152" connectCity="[149,152]" spendLiangShi="50" spendTime="8" />
 <sample className="game.world.data.WorldRoadWayData" sid="150_151" connectCity="[150,151]" spendLiangShi="50" spendTime="8" />
 <sample className="game.world.data.WorldRoadWayData" sid="150_154" connectCity="[150,154]" spendLiangShi="50" spendTime="8" />
 <sample className="game.world.data.WorldRoadWayData" sid="151_154" connectCity="[151,154]" spendLiangShi="50" spendTime="8" />
 <sample className="game.world.data.WorldRoadWayData" sid="152_157" connectCity="[152,157]" spendLiangShi="50" spendTime="8" />
 <sample className="game.world.data.WorldRoadWayData" sid="152_158" connectCity="[152,158]" spendLiangShi="50" spendTime="8" />
 <sample className="game.world.data.WorldRoadWayData" sid="153_154" connectCity="[153,154]" spendLiangShi="50" spendTime="8" />
 <sample className="game.world.data.WorldRoadWayData" sid="153_155" connectCity="[153,155]" spendLiangShi="50" spendTime="8" />
 <sample className="game.world.data.WorldRoadWayData" sid="154_156" connectCity="[154,156]" spendLiangShi="50" spendTime="8" />
 <sample className="game.world.data.WorldRoadWayData" sid="155_156" connectCity="[155,156]" spendLiangShi="50" spendTime="8" />
 <sample className="game.world.data.WorldRoadWayData" sid="155_160" connectCity="[155,160]" spendLiangShi="50" spendTime="8" />
 <sample className="game.world.data.WorldRoadWayData" sid="155_162" connectCity="[155,162]" spendLiangShi="50" spendTime="8" />
 <sample className="game.world.data.WorldRoadWayData" sid="156_157" connectCity="[156,157]" spendLiangShi="50" spendTime="8" />
 <sample className="game.world.data.WorldRoadWayData" sid="156_160" connectCity="[156,160]" spendLiangShi="50" spendTime="8" />
 <sample className="game.world.data.WorldRoadWayData" sid="157_158" connectCity="[157,158]" spendLiangShi="50" spendTime="8" />
 <sample className="game.world.data.WorldRoadWayData" sid="157_159" connectCity="[157,159]" spendLiangShi="50" spendTime="8" />
 <sample className="game.world.data.WorldRoadWayData" sid="158_159" connectCity="[158,159]" spendLiangShi="50" spendTime="8" />
 <sample className="game.world.data.WorldRoadWayData" sid="159_160" connectCity="[159,160]" spendLiangShi="50" spendTime="8" />
 <sample className="game.world.data.WorldRoadWayData" sid="159_161" connectCity="[159,161]" spendLiangShi="50" spendTime="8" />
 <sample className="game.world.data.WorldRoadWayData" sid="160_161" connectCity="[160,161]" spendLiangShi="50" spendTime="8" />
 <sample className="game.world.data.WorldRoadWayData" sid="161_162" connectCity="[161,162]" spendLiangShi="50" spendTime="8" />
 <sample className="game.world.data.WorldRoadWayData" sid="162_163" connectCity="[162,163]" spendLiangShi="50" spendTime="8" />
 <sample className="game.world.data.WorldRoadWayData" sid="162_164" connectCity="[162,164]" spendLiangShi="50" spendTime="8" />
 <sample className="game.world.data.WorldRoadWayData" sid="163_165" connectCity="[163,165]" spendLiangShi="50" spendTime="8" />
 <sample className="game.world.data.WorldRoadWayData" sid="164_165" connectCity="[164,165]" spendLiangShi="50" spendTime="8" />
 <sample className="game.world.data.WorldRoadWayData" sid="164_178" connectCity="[164,178]" spendLiangShi="50" spendTime="8" />
 <sample className="game.world.data.WorldRoadWayData" sid="164_179" connectCity="[164,179]" spendLiangShi="50" spendTime="8" />
 <sample className="game.world.data.WorldRoadWayData" sid="165_166" connectCity="[165,166]" spendLiangShi="50" spendTime="8" />
 <sample className="game.world.data.WorldRoadWayData" sid="165_169" connectCity="[165,169]" spendLiangShi="50" spendTime="8" />
 <sample className="game.world.data.WorldRoadWayData" sid="166_167" connectCity="[166,167]" spendLiangShi="50" spendTime="8" />
 <sample className="game.world.data.WorldRoadWayData" sid="166_168" connectCity="[166,168]" spendLiangShi="50" spendTime="8" />
 <sample className="game.world.data.WorldRoadWayData" sid="168_191" connectCity="[168,191]" spendLiangShi="50" spendTime="8" />
 <sample className="game.world.data.WorldRoadWayData" sid="169_171" connectCity="[169,171]" spendLiangShi="50" spendTime="8" />
 <sample className="game.world.data.WorldRoadWayData" sid="169_173" connectCity="[169,173]" spendLiangShi="50" spendTime="8" />
 <sample className="game.world.data.WorldRoadWayData" sid="170_171" connectCity="[170,171]" spendLiangShi="50" spendTime="8" />
 <sample className="game.world.data.WorldRoadWayData" sid="170_191" connectCity="[170,191]" spendLiangShi="50" spendTime="8" />
 <sample className="game.world.data.WorldRoadWayData" sid="171_172" connectCity="[171,172]" spendLiangShi="50" spendTime="8" />
 <sample className="game.world.data.WorldRoadWayData" sid="171_173" connectCity="[171,173]" spendLiangShi="50" spendTime="8" />
 <sample className="game.world.data.WorldRoadWayData" sid="172_186" connectCity="[172,186]" spendLiangShi="50" spendTime="8" />
 <sample className="game.world.data.WorldRoadWayData" sid="172_187" connectCity="[172,187]" spendLiangShi="50" spendTime="8" />
 <sample className="game.world.data.WorldRoadWayData" sid="173_174" connectCity="[173,174]" spendLiangShi="50" spendTime="8" />
 <sample className="game.world.data.WorldRoadWayData" sid="174_175" connectCity="[174,175]" spendLiangShi="50" spendTime="8" />
 <sample className="game.world.data.WorldRoadWayData" sid="174_176" connectCity="[174,176]" spendLiangShi="50" spendTime="8" />
 <sample className="game.world.data.WorldRoadWayData" sid="174_179" connectCity="[174,179]" spendLiangShi="50" spendTime="8" />
 <sample className="game.world.data.WorldRoadWayData" sid="174_183" connectCity="[174,183]" spendLiangShi="50" spendTime="8" />
 <sample className="game.world.data.WorldRoadWayData" sid="176_179" connectCity="[176,179]" spendLiangShi="50" spendTime="8" />
 <sample className="game.world.data.WorldRoadWayData" sid="177_178" connectCity="[177,178]" spendLiangShi="50" spendTime="8" />
 <sample className="game.world.data.WorldRoadWayData" sid="177_179" connectCity="[177,179]" spendLiangShi="50" spendTime="8" />
 <sample className="game.world.data.WorldRoadWayData" sid="178_179" connectCity="[178,179]" spendLiangShi="50" spendTime="8" />
 <sample className="game.world.data.WorldRoadWayData" sid="180_181" connectCity="[180,181]" spendLiangShi="50" spendTime="8" />
 <sample className="game.world.data.WorldRoadWayData" sid="180_186" connectCity="[180,186]" spendLiangShi="50" spendTime="8" />
 <sample className="game.world.data.WorldRoadWayData" sid="181_182" connectCity="[181,182]" spendLiangShi="50" spendTime="8" />
 <sample className="game.world.data.WorldRoadWayData" sid="182_213" connectCity="[182,213]" spendLiangShi="50" spendTime="8" />
 <sample className="game.world.data.WorldRoadWayData" sid="183_186" connectCity="[183,186]" spendLiangShi="50" spendTime="8" />
 <sample className="game.world.data.WorldRoadWayData" sid="184_185" connectCity="[184,185]" spendLiangShi="50" spendTime="8" />
 <sample className="game.world.data.WorldRoadWayData" sid="185_186" connectCity="[185,186]" spendLiangShi="50" spendTime="8" />
 <sample className="game.world.data.WorldRoadWayData" sid="185_206" connectCity="[185,206]" spendLiangShi="50" spendTime="8" />
 <sample className="game.world.data.WorldRoadWayData" sid="185_211" connectCity="[185,211]" spendLiangShi="50" spendTime="8" />
 <sample className="game.world.data.WorldRoadWayData" sid="185_213" connectCity="[185,213]" spendLiangShi="50" spendTime="8" />
 <sample className="game.world.data.WorldRoadWayData" sid="186_187" connectCity="[186,187]" spendLiangShi="50" spendTime="8" />
 <sample className="game.world.data.WorldRoadWayData" sid="187_188" connectCity="[187,188]" spendLiangShi="50" spendTime="8" />
 <sample className="game.world.data.WorldRoadWayData" sid="187_189" connectCity="[187,189]" spendLiangShi="50" spendTime="8" />
 <sample className="game.world.data.WorldRoadWayData" sid="187_190" connectCity="[187,190]" spendLiangShi="50" spendTime="8" />
 <sample className="game.world.data.WorldRoadWayData" sid="188_190" connectCity="[188,190]" spendLiangShi="50" spendTime="8" />
 <sample className="game.world.data.WorldRoadWayData" sid="188_191" connectCity="[188,191]" spendLiangShi="50" spendTime="8" />
 <sample className="game.world.data.WorldRoadWayData" sid="189_190" connectCity="[189,190]" spendLiangShi="50" spendTime="8" />
 <sample className="game.world.data.WorldRoadWayData" sid="189_201" connectCity="[189,201]" spendLiangShi="50" spendTime="8" />
 <sample className="game.world.data.WorldRoadWayData" sid="189_203" connectCity="[189,203]" spendLiangShi="50" spendTime="8" />
 <sample className="game.world.data.WorldRoadWayData" sid="189_204" connectCity="[189,204]" spendLiangShi="50" spendTime="8" />
 <sample className="game.world.data.WorldRoadWayData" sid="190_192" connectCity="[190,192]" spendLiangShi="50" spendTime="8" />
 <sample className="game.world.data.WorldRoadWayData" sid="191_192" connectCity="[191,192]" spendLiangShi="50" spendTime="8" />
 <sample className="game.world.data.WorldRoadWayData" sid="192_193" connectCity="[192,193]" spendLiangShi="50" spendTime="8" />
 <sample className="game.world.data.WorldRoadWayData" sid="192_194" connectCity="[192,194]" spendLiangShi="50" spendTime="8" />
 <sample className="game.world.data.WorldRoadWayData" sid="192_195" connectCity="[192,195]" spendLiangShi="50" spendTime="8" />
 <sample className="game.world.data.WorldRoadWayData" sid="194_195" connectCity="[194,195]" spendLiangShi="50" spendTime="8" />
 <sample className="game.world.data.WorldRoadWayData" sid="195_196" connectCity="[195,196]" spendLiangShi="50" spendTime="8" />
 <sample className="game.world.data.WorldRoadWayData" sid="195_198" connectCity="[195,198]" spendLiangShi="50" spendTime="8" />
 <sample className="game.world.data.WorldRoadWayData" sid="195_200" connectCity="[195,200]" spendLiangShi="50" spendTime="8" />
 <sample className="game.world.data.WorldRoadWayData" sid="197_199" connectCity="[197,199]" spendLiangShi="50" spendTime="8" />
 <sample className="game.world.data.WorldRoadWayData" sid="198_199" connectCity="[198,199]" spendLiangShi="50" spendTime="8" />
 <sample className="game.world.data.WorldRoadWayData" sid="199_200" connectCity="[199,200]" spendLiangShi="50" spendTime="8" />
 <sample className="game.world.data.WorldRoadWayData" sid="199_249" connectCity="[199,249]" spendLiangShi="50" spendTime="8" />
 <sample className="game.world.data.WorldRoadWayData" sid="199_251" connectCity="[199,251]" spendLiangShi="50" spendTime="8" />
 <sample className="game.world.data.WorldRoadWayData" sid="200_201" connectCity="[200,201]" spendLiangShi="50" spendTime="8" />
 <sample className="game.world.data.WorldRoadWayData" sid="201_202" connectCity="[201,202]" spendLiangShi="50" spendTime="8" />
 <sample className="game.world.data.WorldRoadWayData" sid="202_203" connectCity="[202,203]" spendLiangShi="50" spendTime="8" />
 <sample className="game.world.data.WorldRoadWayData" sid="203_205" connectCity="[203,205]" spendLiangShi="50" spendTime="8" />
 <sample className="game.world.data.WorldRoadWayData" sid="203_209" connectCity="[203,209]" spendLiangShi="50" spendTime="8" />
 <sample className="game.world.data.WorldRoadWayData" sid="204_206" connectCity="[204,206]" spendLiangShi="50" spendTime="8" />
 <sample className="game.world.data.WorldRoadWayData" sid="205_207" connectCity="[205,207]" spendLiangShi="50" spendTime="8" />
 <sample className="game.world.data.WorldRoadWayData" sid="205_208" connectCity="[205,208]" spendLiangShi="50" spendTime="8" />
 <sample className="game.world.data.WorldRoadWayData" sid="206_207" connectCity="[206,207]" spendLiangShi="50" spendTime="8" />
 <sample className="game.world.data.WorldRoadWayData" sid="207_210" connectCity="[207,210]" spendLiangShi="50" spendTime="8" />
 <sample className="game.world.data.WorldRoadWayData" sid="208_244" connectCity="[208,244]" spendLiangShi="50" spendTime="8" />
 <sample className="game.world.data.WorldRoadWayData" sid="208_247" connectCity="[208,247]" spendLiangShi="50" spendTime="8" />
 <sample className="game.world.data.WorldRoadWayData" sid="209_248" connectCity="[209,248]" spendLiangShi="50" spendTime="8" />
 <sample className="game.world.data.WorldRoadWayData" sid="210_211" connectCity="[210,211]" spendLiangShi="50" spendTime="8" />
 <sample className="game.world.data.WorldRoadWayData" sid="210_212" connectCity="[210,212]" spendLiangShi="50" spendTime="8" />
 <sample className="game.world.data.WorldRoadWayData" sid="210_244" connectCity="[210,244]" spendLiangShi="50" spendTime="8" />
 <sample className="game.world.data.WorldRoadWayData" sid="211_213" connectCity="[211,213]" spendLiangShi="50" spendTime="8" />
 <sample className="game.world.data.WorldRoadWayData" sid="211_214" connectCity="[211,214]" spendLiangShi="50" spendTime="8" />
 <sample className="game.world.data.WorldRoadWayData" sid="212_214" connectCity="[212,214]" spendLiangShi="50" spendTime="8" />
 <sample className="game.world.data.WorldRoadWayData" sid="214_215" connectCity="[214,215]" spendLiangShi="50" spendTime="8" />
 <sample className="game.world.data.WorldRoadWayData" sid="214_216" connectCity="[214,216]" spendLiangShi="50" spendTime="8" />
 <sample className="game.world.data.WorldRoadWayData" sid="215_227" connectCity="[215,227]" spendLiangShi="50" spendTime="8" />
 <sample className="game.world.data.WorldRoadWayData" sid="215_242" connectCity="[215,242]" spendLiangShi="50" spendTime="8" />
 <sample className="game.world.data.WorldRoadWayData" sid="215_243" connectCity="[215,243]" spendLiangShi="50" spendTime="8" />
 <sample className="game.world.data.WorldRoadWayData" sid="216_217" connectCity="[216,217]" spendLiangShi="50" spendTime="8" />
 <sample className="game.world.data.WorldRoadWayData" sid="217_218" connectCity="[217,218]" spendLiangShi="50" spendTime="8" />
 <sample className="game.world.data.WorldRoadWayData" sid="217_219" connectCity="[217,219]" spendLiangShi="50" spendTime="8" />
 <sample className="game.world.data.WorldRoadWayData" sid="217_220" connectCity="[217,220]" spendLiangShi="50" spendTime="8" />
 <sample className="game.world.data.WorldRoadWayData" sid="218_219" connectCity="[218,219]" spendLiangShi="50" spendTime="8" />
 <sample className="game.world.data.WorldRoadWayData" sid="219_222" connectCity="[219,222]" spendLiangShi="50" spendTime="8" />
 <sample className="game.world.data.WorldRoadWayData" sid="219_223" connectCity="[219,223]" spendLiangShi="50" spendTime="8" />
 <sample className="game.world.data.WorldRoadWayData" sid="220_221" connectCity="[220,221]" spendLiangShi="50" spendTime="8" />
 <sample className="game.world.data.WorldRoadWayData" sid="221_222" connectCity="[221,222]" spendLiangShi="50" spendTime="8" />
 <sample className="game.world.data.WorldRoadWayData" sid="221_226" connectCity="[221,226]" spendLiangShi="50" spendTime="8" />
 <sample className="game.world.data.WorldRoadWayData" sid="221_227" connectCity="[221,227]" spendLiangShi="50" spendTime="8" />
 <sample className="game.world.data.WorldRoadWayData" sid="222_223" connectCity="[222,223]" spendLiangShi="50" spendTime="8" />
 <sample className="game.world.data.WorldRoadWayData" sid="222_224" connectCity="[222,224]" spendLiangShi="50" spendTime="8" />
 <sample className="game.world.data.WorldRoadWayData" sid="223_224" connectCity="[223,224]" spendLiangShi="50" spendTime="8" />
 <sample className="game.world.data.WorldRoadWayData" sid="224_225" connectCity="[224,225]" spendLiangShi="50" spendTime="8" />
 <sample className="game.world.data.WorldRoadWayData" sid="225_229" connectCity="[225,229]" spendLiangShi="50" spendTime="8" />
 <sample className="game.world.data.WorldRoadWayData" sid="226_227" connectCity="[226,227]" spendLiangShi="50" spendTime="8" />
 <sample className="game.world.data.WorldRoadWayData" sid="226_228" connectCity="[226,228]" spendLiangShi="50" spendTime="8" />
 <sample className="game.world.data.WorldRoadWayData" sid="227_241" connectCity="[227,241]" spendLiangShi="50" spendTime="8" />
 <sample className="game.world.data.WorldRoadWayData" sid="228_229" connectCity="[228,229]" spendLiangShi="50" spendTime="8" />
 <sample className="game.world.data.WorldRoadWayData" sid="228_239" connectCity="[228,239]" spendLiangShi="50" spendTime="8" />
 <sample className="game.world.data.WorldRoadWayData" sid="228_240" connectCity="[228,240]" spendLiangShi="50" spendTime="8" />
 <sample className="game.world.data.WorldRoadWayData" sid="229_230" connectCity="[229,230]" spendLiangShi="50" spendTime="8" />
 <sample className="game.world.data.WorldRoadWayData" sid="230_231" connectCity="[230,231]" spendLiangShi="50" spendTime="8" />
 <sample className="game.world.data.WorldRoadWayData" sid="230_232" connectCity="[230,232]" spendLiangShi="50" spendTime="8" />
 <sample className="game.world.data.WorldRoadWayData" sid="231_233" connectCity="[231,233]" spendLiangShi="50" spendTime="8" />
 <sample className="game.world.data.WorldRoadWayData" sid="231_234" connectCity="[231,234]" spendLiangShi="50" spendTime="8" />
 <sample className="game.world.data.WorldRoadWayData" sid="232_233" connectCity="[232,233]" spendLiangShi="50" spendTime="8" />
 <sample className="game.world.data.WorldRoadWayData" sid="234_235" connectCity="[234,235]" spendLiangShi="50" spendTime="8" />
 <sample className="game.world.data.WorldRoadWayData" sid="235_237" connectCity="[235,237]" spendLiangShi="50" spendTime="8" />
 <sample className="game.world.data.WorldRoadWayData" sid="235_238" connectCity="[235,238]" spendLiangShi="50" spendTime="8" />
 <sample className="game.world.data.WorldRoadWayData" sid="236_237" connectCity="[236,237]" spendLiangShi="50" spendTime="8" />
 <sample className="game.world.data.WorldRoadWayData" sid="237_238" connectCity="[237,238]" spendLiangShi="50" spendTime="8" />
 <sample className="game.world.data.WorldRoadWayData" sid="239_240" connectCity="[239,240]" spendLiangShi="50" spendTime="8" />
 <sample className="game.world.data.WorldRoadWayData" sid="241_242" connectCity="[241,242]" spendLiangShi="50" spendTime="8" />
 <sample className="game.world.data.WorldRoadWayData" sid="242_243" connectCity="[242,243]" spendLiangShi="50" spendTime="8" />
 <sample className="game.world.data.WorldRoadWayData" sid="244_245" connectCity="[244,245]" spendLiangShi="50" spendTime="8" />
 <sample className="game.world.data.WorldRoadWayData" sid="244_246" connectCity="[244,246]" spendLiangShi="50" spendTime="8" />
 <sample className="game.world.data.WorldRoadWayData" sid="245_246" connectCity="[245,246]" spendLiangShi="50" spendTime="8" />
 <sample className="game.world.data.WorldRoadWayData" sid="247_248" connectCity="[247,248]" spendLiangShi="50" spendTime="8" />
 <sample className="game.world.data.WorldRoadWayData" sid="248_249" connectCity="[248,249]" spendLiangShi="50" spendTime="8" />
 <sample className="game.world.data.WorldRoadWayData" sid="248_250" connectCity="[248,250]" spendLiangShi="50" spendTime="8" />
 <sample className="game.world.data.WorldRoadWayData" sid="250_251" connectCity="[250,251]" spendLiangShi="50" spendTime="8" />
 <sample className="game.world.data.WorldRoadWayData" sid="26_44" connectCity="[26,44]" spendLiangShi="50" spendTime="8" />
 <sample className="game.world.data.WorldRoadWayData" sid="59_63" connectCity="[59,63]" spendLiangShi="50" spendTime="8" />
 <sample className="game.world.data.WorldRoadWayData" sid="141_148" connectCity="[141,148]" spendLiangShi="50" spendTime="8" />
 <sample className="game.world.data.WorldRoadWayData" sid="225_228" connectCity="[225,228]" spendLiangShi="50" spendTime="8" />
 <sample className="game.world.data.WorldRoadWayData" sid="172_173" connectCity="[172,173]" spendLiangShi="50" spendTime="8" />
 <sample className="game.world.data.WorldRoadWayData" sid="204_205" connectCity="[204,205]" spendLiangShi="50" spendTime="8" />
 <sample className="game.world.data.WorldRoadWayData" sid="17_48" connectCity="[17,48]" spendLiangShi="50" spendTime="8" />
 <sample className="game.world.data.WorldRoadWayData" sid="17_49" connectCity="[17,49]" spendLiangShi="50" spendTime="8" />
 <sample className="game.world.data.WorldRoadWayData" sid="85_255" connectCity="[85,255]" spendLiangShi="50" spendTime="8" />
 <sample className="game.world.data.WorldRoadWayData" sid="144_146" connectCity="[144,146]" spendLiangShi="50" spendTime="8" />
 </objects>