﻿<?xml version="1.0" encoding="UTF-8"?>
   <objects> <!--
   start：城市星级
   roadway：关联道路
   guojia：归属国家0中立属于NPC 1魏 2蜀 3吴
   style：城市形象 dixing地形描述
   citytype：城市类型 0普通 1主城 2活动城市
   resourceArr：资源加成
   npcmilis：驻守该城市NPC武将
   soldiers：该城市可招募兵种
   castellanAward：城主奖励
   fightOpen：战场并发数
   fightPanelSize：战场大小
   buffId：资源产出buffer
   -->
<sample className="game.world.data.WorldMapCityData" name="西凉北" sid="1" x="505" y="187" style="5" dixing="" citytype="0" start="3" fightPanelSize="2500" castellanAward="2000" buffId="0" guojia="0" roadway="[2,3,4]" resourceArr="[0,1,1,1,1,1,1,1,1,1,0,0,0,0,0,0,0,0,0,0,0,0,0,0,0,0,0,0,0,1,1,1]" soldiers="[2001]" ziyuanArr="[0,0,0,0,0,0,0,0,0,0]" />
 <sample className="game.world.data.WorldMapCityData" name="西凉西" sid="2" x="363" y="406" style="5" dixing="" citytype="0" start="3" fightPanelSize="2500" castellanAward="2000" buffId="0" guojia="0" roadway="[1,4,5]" resourceArr="[0,1,1,1,1,1,1,1,1,1,0,0,0,0,0,0,0,0,0,0,0,0,0,0,0,0,0,0,0,1,1,1]" soldiers="[2001]" ziyuanArr="[0,0,0,0,0,0,0,0,0,0]" />
 <sample className="game.world.data.WorldMapCityData" name="西凉东" sid="3" x="755" y="332" style="5" dixing="" citytype="0" start="3" fightPanelSize="2500" castellanAward="2000" buffId="0" guojia="0" roadway="[1,4]" resourceArr="[0,1,1,1,1,1,1,1,1,1,0,0,0,0,0,0,0,0,0,0,0,0,0,0,0,0,0,0,0,1,1,1]" soldiers="[2001]" ziyuanArr="[0,0,0,0,0,0,0,0,0,0]" />
 <sample className="game.world.data.WorldMapCityData" name="西凉" sid="4" x="601" y="432" style="1" dixing="" citytype="0" start="3" fightPanelSize="1000" castellanAward="2000" buffId="0" guojia="0" roadway="[1,2,3,6]" resourceArr="[0,1,1,1,1,1,1,1,1,1,0,0,0,0,0,0,0,0,0,0,0,0,0,0,0,0,0,0,0,1,1,1]" soldiers="[2001]" ziyuanArr="[0,0,1,1,0,0,0,0,0,0]" />
 <sample className="game.world.data.WorldMapCityData" name="天水北" sid="5" x="421" y="620" style="5" dixing="" citytype="0" start="3" fightPanelSize="2500" castellanAward="2000" buffId="0" guojia="0" roadway="[2,6,7,8]" resourceArr="[0,1,1,1,1,1,1,1,1,1,0,0,0,0,0,0,0,0,0,0,0,0,0,0,0,0,0,0,0,1,1,1]" soldiers="[2002]" ziyuanArr="[0,0,0,0,0,0,0,0,0,0]" />
 <sample className="game.world.data.WorldMapCityData" name="西凉南" sid="6" x="721" y="611" style="5" dixing="" citytype="0" start="3" fightPanelSize="2500" castellanAward="2000" buffId="0" guojia="0" roadway="[4,5,9]" resourceArr="[0,1,1,1,1,1,1,1,1,1,0,0,0,0,0,0,0,0,0,0,0,0,0,0,0,0,0,0,0,1,1,1]" soldiers="[2001]" ziyuanArr="[0,0,0,0,0,0,0,0,0,0]" />
 <sample className="game.world.data.WorldMapCityData" name="天水西" sid="7" x="333" y="901" style="5" dixing="" citytype="0" start="3" fightPanelSize="2500" castellanAward="2000" buffId="0" guojia="0" roadway="[5,8,11]" resourceArr="[0,1,1,1,1,1,1,1,1,1,0,0,0,0,0,0,0,0,0,0,0,0,0,0,0,0,0,0,0,1,1,1]" soldiers="[2002]" ziyuanArr="[0,0,0,0,0,0,0,0,0,0]" />
 <sample className="game.world.data.WorldMapCityData" name="天水" sid="8" x="528" y="837" style="1" dixing="" citytype="0" start="3" fightPanelSize="1000" castellanAward="2000" buffId="0" guojia="0" roadway="[5,7,10]" resourceArr="[0,1,1,1,1,1,1,1,1,1,0,0,0,0,0,0,0,0,0,0,0,0,0,0,0,0,0,0,0,1,1,1]" soldiers="[2002]" ziyuanArr="[0,1,1,0,0,0,0,0,0,0]" />
 <sample className="game.world.data.WorldMapCityData" name="天水东" sid="9" x="719" y="777" style="5" dixing="" citytype="0" start="3" fightPanelSize="2500" castellanAward="2000" buffId="0" guojia="0" roadway="[6,10]" resourceArr="[0,1,1,1,1,1,1,1,1,1,0,0,0,0,0,0,0,0,0,0,0,0,0,0,0,0,0,0,0,1,1,1]" soldiers="[2002]" ziyuanArr="[0,0,0,0,0,0,0,0,0,0]" />
 <sample className="game.world.data.WorldMapCityData" name="天水南" sid="10" x="705" y="1011" style="5" dixing="" citytype="0" start="3" fightPanelSize="2500" castellanAward="2000" buffId="0" guojia="0" roadway="[8,9,11,13]" resourceArr="[0,1,1,1,1,1,1,1,1,1,0,0,0,0,0,0,0,0,0,0,0,0,0,0,0,0,0,0,0,1,1,1]" soldiers="[2002]" ziyuanArr="[0,0,0,0,0,0,0,0,0,0]" />
 <sample className="game.world.data.WorldMapCityData" name="陇西北" sid="11" x="552" y="1208" style="5" dixing="" citytype="0" start="3" fightPanelSize="2500" castellanAward="2000" buffId="0" guojia="0" roadway="[7,10,12,13]" resourceArr="[0,1,1,1,1,1,1,1,1,1,0,0,0,0,0,0,0,0,0,0,0,0,0,0,0,0,0,0,0,1,1,1]" soldiers="[2003]" ziyuanArr="[0,0,0,0,0,0,0,0,0,0]" />
 <sample className="game.world.data.WorldMapCityData" name="陇西" sid="12" x="505" y="1425" style="1" dixing="" citytype="0" start="3" fightPanelSize="1000" castellanAward="2000" buffId="0" guojia="0" roadway="[11,13,14]" resourceArr="[0,1,1,1,1,1,1,1,1,1,0,0,0,0,0,0,0,0,0,0,0,0,0,0,0,0,0,0,0,1,1,1]" soldiers="[2003]" ziyuanArr="[0,1,0,0,0,0,0,0,0,0]" />
 <sample className="game.world.data.WorldMapCityData" name="陇西东" sid="13" x="775" y="1508" style="5" dixing="" citytype="0" start="3" fightPanelSize="2500" castellanAward="2000" buffId="0" guojia="0" roadway="[10,11,12,53]" resourceArr="[0,1,1,1,1,1,1,1,1,1,0,0,0,0,0,0,0,0,0,0,0,0,0,0,0,0,0,0,0,1,1,1]" soldiers="[2003]" ziyuanArr="[0,0,0,0,0,0,0,0,0,0]" />
 <sample className="game.world.data.WorldMapCityData" name="陇西南" sid="14" x="531" y="1625" style="6" dixing="" citytype="0" start="3" fightPanelSize="2500" castellanAward="2000" buffId="0" guojia="0" roadway="[12,15]" resourceArr="[0,1,1,1,1,1,1,1,1,1,0,0,0,0,0,0,0,0,0,0,0,0,0,0,0,0,0,0,0,1,1,1]" soldiers="[2003]" ziyuanArr="[0,0,0,0,0,0,0,0,0,0]" />
 <sample className="game.world.data.WorldMapCityData" name="永安西" sid="15" x="779" y="1675" style="2" dixing="" citytype="0" start="3" fightPanelSize="2500" castellanAward="2000" buffId="0" guojia="0" roadway="[14,17,18]" resourceArr="[0,1,1,1,1,1,1,1,1,1,0,0,0,0,0,0,0,0,0,0,0,0,0,0,0,0,0,0,0,1,1,1]" soldiers="[2004]" ziyuanArr="[0,0,0,0,0,0,0,0,0,0]" />
 <sample className="game.world.data.WorldMapCityData" name="永安北" sid="16" x="1034" y="1586" style="5" dixing="" citytype="0" start="3" fightPanelSize="2500" castellanAward="2000" buffId="0" guojia="0" roadway="[17,48]" resourceArr="[0,1,1,1,1,1,1,1,1,1,0,0,0,0,0,0,0,0,0,0,0,0,0,0,0,0,0,0,0,1,1,1]" soldiers="[2004]" ziyuanArr="[0,0,0,0,0,0,0,0,0,0]" />
 <sample className="game.world.data.WorldMapCityData" name="永安" sid="17" x="1004" y="1754" style="3" dixing="" citytype="0" start="3" fightPanelSize="1000" castellanAward="2000" buffId="0" guojia="0" roadway="[15,16,18,48,49]" resourceArr="[0,1,1,1,1,1,1,1,1,1,0,0,0,0,0,0,0,0,0,0,0,0,0,0,0,0,0,0,0,1,1,1]" soldiers="[2004]" ziyuanArr="[0,0,0,0,1,0,0,0,0,0]" />
 <sample className="game.world.data.WorldMapCityData" name="永安南" sid="18" x="920" y="1902" style="2" dixing="" citytype="0" start="3" fightPanelSize="2500" castellanAward="2000" buffId="0" guojia="0" roadway="[15,17,22,46]" resourceArr="[0,1,1,1,1,1,1,1,1,1,0,0,0,0,0,0,0,0,0,0,0,0,0,0,0,0,0,0,0,1,1,1]" soldiers="[2004]" ziyuanArr="[0,0,0,0,0,0,0,0,0,0]" />
 <sample className="game.world.data.WorldMapCityData" name="成都北" sid="19" x="531" y="1841" style="6" dixing="" citytype="0" start="3" fightPanelSize="2500" castellanAward="2000" buffId="0" guojia="0" roadway="[20,21,22]" resourceArr="[0,1,1,1,1,1,1,1,1,1,0,0,0,0,0,0,0,0,0,0,0,0,0,0,0,0,0,0,0,1,1,1]" soldiers="[2005]" ziyuanArr="[0,0,0,0,0,0,0,0,0,0]" />
 <sample className="game.world.data.WorldMapCityData" name="成都西" sid="20" x="254" y="1978" style="5" dixing="" citytype="0" start="3" fightPanelSize="2500" castellanAward="2000" buffId="0" guojia="0" roadway="[19,21,23]" resourceArr="[0,1,1,1,1,1,1,1,1,1,0,0,0,0,0,0,0,0,0,0,0,0,0,0,0,0,0,0,0,1,1,1]" soldiers="[2005]" ziyuanArr="[0,0,0,0,0,0,0,0,0,0]" />
 <sample className="game.world.data.WorldMapCityData" name="成都" sid="21" x="412" y="2033" style="4" dixing="" citytype="1" start="3" fightPanelSize="1000" castellanAward="2000" buffId="0" guojia="2" roadway="[19,20,22,23]" resourceArr="[0,1,1,1,1,1,1,1,1,1,0,0,0,0,0,0,0,0,0,0,0,0,0,0,0,0,0,0,0,1,1,1]" soldiers="[2005]" ziyuanArr="[0,0,0,0,0,0,0,0,0,0]" />
 <sample className="game.world.data.WorldMapCityData" name="梓潼" sid="22" x="786" y="2053" style="3" dixing="" citytype="0" start="3" fightPanelSize="1000" castellanAward="2000" buffId="0" guojia="0" roadway="[18,19,21,23,46]" resourceArr="[0,1,1,1,1,1,1,1,1,1,0,0,0,0,0,0,0,0,0,0,0,0,0,0,0,0,0,0,0,1,1,1]" soldiers="[2006]" ziyuanArr="[0,0,1,0,0,0,0,0,0,0]" />
 <sample className="game.world.data.WorldMapCityData" name="武阳" sid="23" x="416" y="2271" style="3" dixing="" citytype="0" start="3" fightPanelSize="1000" castellanAward="2000" buffId="0" guojia="0" roadway="[20,21,22,24]" resourceArr="[0,1,1,1,1,1,1,1,1,1,0,0,0,0,0,0,0,0,0,0,0,0,0,0,0,0,0,0,0,1,1,1]" soldiers="[2007]" ziyuanArr="[0,1,0,0,0,0,0,0,0,0]" />
 <sample className="game.world.data.WorldMapCityData" name="江州北" sid="24" x="532" y="2452" style="2" dixing="" citytype="0" start="3" fightPanelSize="2500" castellanAward="2000" buffId="0" guojia="0" roadway="[23,26,27]" resourceArr="[0,1,1,1,1,1,1,1,1,1,0,0,0,0,0,0,0,0,0,0,0,0,0,0,0,0,0,0,0,1,1,1]" soldiers="[2008]" ziyuanArr="[0,0,0,0,0,0,0,0,0,0]" />
 <sample className="game.world.data.WorldMapCityData" name="西戎城" sid="25" x="291" y="2615" style="4" dixing="" citytype="2" start="3" fightPanelSize="1000" castellanAward="2000" buffId="0" guojia="0" roadway="[27]" resourceArr="[0,1,1,1,1,1,1,1,1,1,0,0,0,0,0,0,0,0,0,0,0,0,0,0,0,0,0,0,0,1,1,1]" soldiers="[2000]" ziyuanArr="[0,0,0,0,0,0,0,0,0,0]" />
 <sample className="game.world.data.WorldMapCityData" name="巴郡" sid="26" x="844" y="2480" style="3" dixing="" citytype="0" start="3" fightPanelSize="1000" castellanAward="2000" buffId="0" guojia="0" roadway="[24,41,44]" resourceArr="[0,1,1,1,1,1,1,1,1,1,0,0,0,0,0,0,0,0,0,0,0,0,0,0,0,0,0,0,0,1,1,1]" soldiers="[2009]" ziyuanArr="[0,0,1,0,0,0,0,0,0,0]" />
 <sample className="game.world.data.WorldMapCityData" name="江州" sid="27" x="502" y="2693" style="3" dixing="" citytype="0" start="3" fightPanelSize="1000" castellanAward="2000" buffId="0" guojia="0" roadway="[24,25,28,29]" resourceArr="[0,1,1,1,1,1,1,1,1,1,0,0,0,0,0,0,0,0,0,0,0,0,0,0,0,0,0,0,0,1,1,1]" soldiers="[2008]" ziyuanArr="[0,0,0,1,0,0,0,0,0,0]" />
 <sample className="game.world.data.WorldMapCityData" name="江州东" sid="28" x="730" y="2845" style="2" dixing="" citytype="0" start="3" fightPanelSize="2500" castellanAward="2000" buffId="0" guojia="0" roadway="[27,30,41]" resourceArr="[0,1,1,1,1,1,1,1,1,1,0,0,0,0,0,0,0,0,0,0,0,0,0,0,0,0,0,0,0,1,1,1]" soldiers="[2008]" ziyuanArr="[0,0,0,0,0,0,0,0,0,0]" />
 <sample className="game.world.data.WorldMapCityData" name="江州南" sid="29" x="427" y="2935" style="5" dixing="" citytype="0" start="3" fightPanelSize="2500" castellanAward="2000" buffId="0" guojia="0" roadway="[27,31]" resourceArr="[0,1,1,1,1,1,1,1,1,1,0,0,0,0,0,0,0,0,0,0,0,0,0,0,0,0,0,0,0,1,1,1]" soldiers="[2008]" ziyuanArr="[0,0,0,0,0,0,0,0,0,0]" />
 <sample className="game.world.data.WorldMapCityData" name="云南北" sid="30" x="766" y="3080" style="5" dixing="" citytype="0" start="3" fightPanelSize="2500" castellanAward="2000" buffId="0" guojia="0" roadway="[28,32,34]" resourceArr="[0,1,1,1,1,1,1,1,1,1,0,0,0,0,0,0,0,0,0,0,0,0,0,0,0,0,0,0,0,1,1,1]" soldiers="[2010]" ziyuanArr="[0,0,0,0,0,0,0,0,0,0]" />
 <sample className="game.world.data.WorldMapCityData" name="云南西" sid="31" x="409" y="3161" style="5" dixing="" citytype="0" start="3" fightPanelSize="2500" castellanAward="2000" buffId="0" guojia="0" roadway="[29,33]" resourceArr="[0,1,1,1,1,1,1,1,1,1,0,0,0,0,0,0,0,0,0,0,0,0,0,0,0,0,0,0,0,1,1,1]" soldiers="[2010]" ziyuanArr="[0,0,0,0,0,0,0,0,0,0]" />
 <sample className="game.world.data.WorldMapCityData" name="云南" sid="32" x="738" y="3241" style="3" dixing="" citytype="0" start="3" fightPanelSize="1000" castellanAward="2000" buffId="0" guojia="0" roadway="[30,33,34]" resourceArr="[0,1,1,1,1,1,1,1,1,1,0,0,0,0,0,0,0,0,0,0,0,0,0,0,0,0,0,0,0,1,1,1]" soldiers="[2010]" ziyuanArr="[0,0,0,1,0,0,0,0,0,0]" />
 <sample className="game.world.data.WorldMapCityData" name="云南南" sid="33" x="578" y="3390" style="5" dixing="" citytype="0" start="3" fightPanelSize="2500" castellanAward="2000" buffId="0" guojia="0" roadway="[31,32]" resourceArr="[0,1,1,1,1,1,1,1,1,1,0,0,0,0,0,0,0,0,0,0,0,0,0,0,0,0,0,0,0,1,1,1]" soldiers="[2010]" ziyuanArr="[0,0,0,0,0,0,0,0,0,0]" />
 <sample className="game.world.data.WorldMapCityData" name="云南东" sid="34" x="1020" y="3274" style="5" dixing="" citytype="0" start="3" fightPanelSize="2500" castellanAward="2000" buffId="0" guojia="0" roadway="[30,32,36]" resourceArr="[0,1,1,1,1,1,1,1,1,1,0,0,0,0,0,0,0,0,0,0,0,0,0,0,0,0,0,0,0,1,1,1]" soldiers="[2010]" ziyuanArr="[0,0,0,0,0,0,0,0,0,0]" />
 <sample className="game.world.data.WorldMapCityData" name="答郎甸南" sid="35" x="1615" y="3380" style="5" dixing="" citytype="0" start="3" fightPanelSize="2500" castellanAward="2000" buffId="0" guojia="0" roadway="[36,39]" resourceArr="[0,1,1,1,1,1,1,1,1,1,0,0,0,0,0,0,0,0,0,0,0,0,0,0,0,0,0,0,0,1,1,1]" soldiers="[2011]" ziyuanArr="[0,0,0,0,0,0,0,0,0,0]" />
 <sample className="game.world.data.WorldMapCityData" name="答郎甸西" sid="36" x="1452" y="3221" style="5" dixing="" citytype="0" start="3" fightPanelSize="2500" castellanAward="2000" buffId="0" guojia="0" roadway="[34,35,37,38,39]" resourceArr="[0,1,1,1,1,1,1,1,1,1,0,0,0,0,0,0,0,0,0,0,0,0,0,0,0,0,0,0,0,1,1,1]" soldiers="[2011]" ziyuanArr="[0,0,0,0,0,0,0,0,0,0]" />
 <sample className="game.world.data.WorldMapCityData" name="建宁南" sid="37" x="1395" y="3019" style="5" dixing="" citytype="0" start="3" fightPanelSize="2500" castellanAward="2000" buffId="0" guojia="0" roadway="[36,38,40,41]" resourceArr="[0,1,1,1,1,1,1,1,1,1,0,0,0,0,0,0,0,0,0,0,0,0,0,0,0,0,0,0,0,1,1,1]" soldiers="[2012]" ziyuanArr="[0,0,0,0,0,0,0,0,0,0]" />
 <sample className="game.world.data.WorldMapCityData" name="答郎甸北" sid="38" x="1681" y="2966" style="5" dixing="" citytype="0" start="3" fightPanelSize="2500" castellanAward="2000" buffId="0" guojia="0" roadway="[37,36,39,43,149]" resourceArr="[0,1,1,1,1,1,1,1,1,1,0,0,0,0,0,0,0,0,0,0,0,0,0,0,0,0,0,0,0,1,1,1]" soldiers="[2011]" ziyuanArr="[0,0,0,0,0,0,0,0,0,0]" />
 <sample className="game.world.data.WorldMapCityData" name="答郎甸" sid="39" x="1687" y="3195" style="3" dixing="" citytype="0" start="3" fightPanelSize="1000" castellanAward="2000" buffId="0" guojia="0" roadway="[35,36,38]" resourceArr="[0,1,1,1,1,1,1,1,1,1,0,0,0,0,0,0,0,0,0,0,0,0,0,0,0,0,0,0,0,1,1,1]" soldiers="[2011]" ziyuanArr="[0,1,0,0,1,0,0,0,0,0]" />
 <sample className="game.world.data.WorldMapCityData" name="建宁" sid="40" x="1405" y="2822" style="3" dixing="" citytype="0" start="3" fightPanelSize="1000" castellanAward="2000" buffId="0" guojia="0" roadway="[37,41,42,43]" resourceArr="[0,1,1,1,1,1,1,1,1,1,0,0,0,0,0,0,0,0,0,0,0,0,0,0,0,0,0,0,0,1,1,1]" soldiers="[2012]" ziyuanArr="[0,1,0,1,0,0,0,0,0,0]" />
 <sample className="game.world.data.WorldMapCityData" name="建宁西" sid="41" x="1110" y="2772" style="5" dixing="" citytype="0" start="3" fightPanelSize="2500" castellanAward="2000" buffId="0" guojia="0" roadway="[26,28,37,40,42]" resourceArr="[0,1,1,1,1,1,1,1,1,1,0,0,0,0,0,0,0,0,0,0,0,0,0,0,0,0,0,0,0,1,1,1]" soldiers="[2012]" ziyuanArr="[0,0,0,0,0,0,0,0,0,0]" />
 <sample className="game.world.data.WorldMapCityData" name="建宁北" sid="42" x="1399" y="2582" style="5" dixing="" citytype="0" start="3" fightPanelSize="2500" castellanAward="2000" buffId="0" guojia="0" roadway="[40,41,44]" resourceArr="[0,1,1,1,1,1,1,1,1,1,0,0,0,0,0,0,0,0,0,0,0,0,0,0,0,0,0,0,0,1,1,1]" soldiers="[2012]" ziyuanArr="[0,0,0,0,0,0,0,0,0,0]" />
 <sample className="game.world.data.WorldMapCityData" name="建宁东" sid="43" x="1666" y="2736" style="5" dixing="" citytype="0" start="3" fightPanelSize="2500" castellanAward="2000" buffId="0" guojia="0" roadway="[38,40,146,149]" resourceArr="[0,1,1,1,1,1,1,1,1,1,0,0,0,0,0,0,0,0,0,0,0,0,0,0,0,0,0,0,0,1,1,1]" soldiers="[2012]" ziyuanArr="[0,0,0,0,0,0,0,0,0,0]" />
 <sample className="game.world.data.WorldMapCityData" name="涪陵南" sid="44" x="1145" y="2376" style="5" dixing="" citytype="0" start="3" fightPanelSize="2500" castellanAward="2000" buffId="0" guojia="0" roadway="[42,26,45,46]" resourceArr="[0,1,1,1,1,1,1,1,1,1,0,0,0,0,0,0,0,0,0,0,0,0,0,0,0,0,0,0,0,1,1,1]" soldiers="[2013]" ziyuanArr="[0,0,0,0,0,0,0,0,0,0]" />
 <sample className="game.world.data.WorldMapCityData" name="涪陵" sid="45" x="1318" y="2108" style="3" dixing="" citytype="0" start="3" fightPanelSize="1000" castellanAward="2000" buffId="0" guojia="0" roadway="[44,46,47]" resourceArr="[0,1,1,1,1,1,1,1,1,1,0,0,0,0,0,0,0,0,0,0,0,0,0,0,0,0,0,0,0,1,1,1]" soldiers="[2013]" ziyuanArr="[0,0,0,0,1,0,0,0,0,0]" />
 <sample className="game.world.data.WorldMapCityData" name="涪陵西" sid="46" x="1092" y="2048" style="5" dixing="" citytype="0" start="3" fightPanelSize="2500" castellanAward="2000" buffId="0" guojia="0" roadway="[18,22,44,45,147]" resourceArr="[0,1,1,1,1,1,1,1,1,1,0,0,0,0,0,0,0,0,0,0,0,0,0,0,0,0,0,0,0,1,1,1]" soldiers="[2013]" ziyuanArr="[0,0,0,0,0,0,0,0,0,0]" />
 <sample className="game.world.data.WorldMapCityData" name="涪陵东" sid="47" x="1528" y="2148" style="5" dixing="" citytype="0" start="3" fightPanelSize="2500" castellanAward="2000" buffId="0" guojia="0" roadway="[45,142,145]" resourceArr="[0,1,1,1,1,1,1,1,1,1,0,0,0,0,0,0,0,0,0,0,0,0,0,0,0,0,0,0,0,1,1,1]" soldiers="[2013]" ziyuanArr="[0,0,0,0,0,0,0,0,0,0]" />
 <sample className="game.world.data.WorldMapCityData" name="永安东" sid="48" x="1251" y="1801" style="2" dixing="" citytype="0" start="3" fightPanelSize="2500" castellanAward="2000" buffId="0" guojia="0" roadway="[16,17,49]" resourceArr="[0,1,1,1,1,1,1,1,1,1,0,0,0,0,0,0,0,0,0,0,0,0,0,0,0,0,0,0,0,1,1,1]" soldiers="[2004]" ziyuanArr="[0,0,0,0,0,0,0,0,0,0]" />
 <sample className="game.world.data.WorldMapCityData" name="石城西" sid="49" x="1259" y="1552" style="5" dixing="" citytype="0" start="3" fightPanelSize="2500" castellanAward="2000" buffId="0" guojia="0" roadway="[48,17,50,51,52]" resourceArr="[0,1,1,1,1,1,1,1,1,1,0,0,0,0,0,0,0,0,0,0,0,0,0,0,0,0,0,0,0,1,1,1]" soldiers="[2014]" ziyuanArr="[0,0,0,0,0,0,0,0,0,0]" />
 <sample className="game.world.data.WorldMapCityData" name="石城南" sid="50" x="1599" y="1604" style="2" dixing="" citytype="0" start="3" fightPanelSize="2500" castellanAward="2000" buffId="0" guojia="0" roadway="[49,51,148]" resourceArr="[0,1,1,1,1,1,1,1,1,1,0,0,0,0,0,0,0,0,0,0,0,0,0,0,0,0,0,0,0,1,1,1]" soldiers="[2014]" ziyuanArr="[0,0,0,0,0,0,0,0,0,0]" />
 <sample className="game.world.data.WorldMapCityData" name="石城" sid="51" x="1428" y="1449" style="1" dixing="" citytype="0" start="3" fightPanelSize="1000" castellanAward="2000" buffId="0" guojia="0" roadway="[49,50,52]" resourceArr="[0,1,1,1,1,1,1,1,1,1,0,0,0,0,0,0,0,0,0,0,0,0,0,0,0,0,0,0,0,1,1,1]" soldiers="[2014]" ziyuanArr="[0,0,0,1,1,0,0,0,0,0]" />
 <sample className="game.world.data.WorldMapCityData" name="石城北" sid="52" x="1229" y="1285" style="5" dixing="" citytype="0" start="3" fightPanelSize="2500" castellanAward="2000" buffId="0" guojia="0" roadway="[49,51,53]" resourceArr="[0,1,1,1,1,1,1,1,1,1,0,0,0,0,0,0,0,0,0,0,0,0,0,0,0,0,0,0,0,1,1,1]" soldiers="[2014]" ziyuanArr="[0,0,0,0,0,0,0,0,0,0]" />
 <sample className="game.world.data.WorldMapCityData" name="潼关" sid="53" x="1174" y="1098.5" style="9" dixing="" citytype="0" start="3" fightPanelSize="500" castellanAward="2000" buffId="0" guojia="0" roadway="[13,52,54,58]" resourceArr="[0,1,1,1,1,1,1,1,1,1,0,0,0,0,0,0,0,0,0,0,0,0,0,0,0,0,0,0,0,1,1,1]" soldiers="[2015]" ziyuanArr="[0,0,0,0,0,0,0,0,0,0]" />
 <sample className="game.world.data.WorldMapCityData" name="汉中" sid="54" x="1374.55" y="963.3" style="1" dixing="" citytype="0" start="3" fightPanelSize="1000" castellanAward="2000" buffId="0" guojia="0" roadway="[53,55,56,57]" resourceArr="[0,1,1,1,1,1,1,1,1,1,0,0,0,0,0,0,0,0,0,0,0,0,0,0,0,0,0,0,0,1,1,1]" soldiers="[2016]" ziyuanArr="[0,1,0,1,0,0,0,0,0,0]" />
 <sample className="game.world.data.WorldMapCityData" name="汉中南" sid="55" x="1502.45" y="1108.8" style="5" dixing="" citytype="0" start="3" fightPanelSize="2500" castellanAward="2000" buffId="0" guojia="0" roadway="[54,56]" resourceArr="[0,1,1,1,1,1,1,1,1,1,0,0,0,0,0,0,0,0,0,0,0,0,0,0,0,0,0,0,0,1,1,1]" soldiers="[2016]" ziyuanArr="[0,0,0,0,0,0,0,0,0,0]" />
 <sample className="game.world.data.WorldMapCityData" name="剑阁" sid="56" x="1623.3" y="979.85" style="5" dixing="" citytype="0" start="3" fightPanelSize="2500" castellanAward="2000" buffId="0" guojia="0" roadway="[54,55,57,71]" resourceArr="[0,1,1,1,1,1,1,1,1,1,0,0,0,0,0,0,0,0,0,0,0,0,0,0,0,0,0,0,0,1,1,1]" soldiers="[2017]" ziyuanArr="[0,0,0,0,0,0,0,0,0,0]" />
 <sample className="game.world.data.WorldMapCityData" name="汉中北" sid="57" x="1501.1" y="798.95" style="2" dixing="" citytype="0" start="3" fightPanelSize="2500" castellanAward="2000" buffId="0" guojia="0" roadway="[54,56,59]" resourceArr="[0,1,1,1,1,1,1,1,1,1,0,0,0,0,0,0,0,0,0,0,0,0,0,0,0,0,0,0,0,1,1,1]" soldiers="[2016]" ziyuanArr="[0,0,0,0,0,0,0,0,0,0]" />
 <sample className="game.world.data.WorldMapCityData" name="五丈原" sid="58" x="1146.8" y="782.3" style="5" dixing="" citytype="0" start="3" fightPanelSize="2500" castellanAward="2000" buffId="0" guojia="0" roadway="[53,60]" resourceArr="[0,1,1,1,1,1,1,1,1,1,0,0,0,0,0,0,0,0,0,0,0,0,0,0,0,0,0,0,0,1,1,1]" soldiers="[2018]" ziyuanArr="[0,0,0,0,0,0,0,0,0,0]" />
 <sample className="game.world.data.WorldMapCityData" name="长安" sid="59" x="1441.3" y="582.2" style="1" dixing="" citytype="0" start="3" fightPanelSize="1000" castellanAward="2000" buffId="0" guojia="0" roadway="[57,60,71,63]" resourceArr="[0,1,1,1,1,1,1,1,1,1,0,0,0,0,0,0,0,0,0,0,0,0,0,0,0,0,0,0,0,1,1,1]" soldiers="[2019]" ziyuanArr="[0,0,1,1,0,0,0,0,0,0]" />
 <sample className="game.world.data.WorldMapCityData" name="威武" sid="60" x="1182.1" y="449.95" style="1" dixing="" citytype="0" start="3" fightPanelSize="1000" castellanAward="2000" buffId="0" guojia="0" roadway="[58,59,61,64]" resourceArr="[0,1,1,1,1,1,1,1,1,1,0,0,0,0,0,0,0,0,0,0,0,0,0,0,0,0,0,0,0,1,1,1]" soldiers="[2020]" ziyuanArr="[0,1,1,0,0,0,0,0,0,0]" />
 <sample className="game.world.data.WorldMapCityData" name="威武东" sid="61" x="1325.7" y="370" style="5" dixing="" citytype="0" start="3" fightPanelSize="2500" castellanAward="2000" buffId="0" guojia="0" roadway="[60,62,64]" resourceArr="[0,1,1,1,1,1,1,1,1,1,0,0,0,0,0,0,0,0,0,0,0,0,0,0,0,0,0,0,0,1,1,1]" soldiers="[2020]" ziyuanArr="[0,0,0,0,0,0,0,0,0,0]" />
 <sample className="game.world.data.WorldMapCityData" name="街亭" sid="62" x="1577.7" y="414.35" style="2" dixing="" citytype="0" start="3" fightPanelSize="2500" castellanAward="2000" buffId="0" guojia="0" roadway="[61,63,65,66]" resourceArr="[0,1,1,1,1,1,1,1,1,1,0,0,0,0,0,0,0,0,0,0,0,0,0,0,0,0,0,0,0,1,1,1]" soldiers="[2021]" ziyuanArr="[0,0,0,0,0,0,0,0,0,0]" />
 <sample className="game.world.data.WorldMapCityData" name="长安东" sid="63" x="1704.45" y="604.45" style="2" dixing="" citytype="0" start="3" fightPanelSize="2500" castellanAward="2000" buffId="0" guojia="0" roadway="[62,59,66]" resourceArr="[0,1,1,1,1,1,1,1,1,1,0,0,0,0,0,0,0,0,0,0,0,0,0,0,0,0,0,0,0,1,1,1]" soldiers="[2019]" ziyuanArr="[0,0,0,0,0,0,0,0,0,0]" />
 <sample className="game.world.data.WorldMapCityData" name="威武外山" sid="64" x="1127.85" y="166.5" style="5" dixing="" citytype="0" start="3" fightPanelSize="2500" castellanAward="2000" buffId="0" guojia="0" roadway="[60,61]" resourceArr="[0,1,1,1,1,1,1,1,1,1,0,0,0,0,0,0,0,0,0,0,0,0,0,0,0,0,0,0,0,1,1,1]" soldiers="[2020]" ziyuanArr="[0,0,0,0,0,0,0,0,0,0]" />
 <sample className="game.world.data.WorldMapCityData" name="咸阳北" sid="65" x="1653.25" y="205.55" style="5" dixing="" citytype="0" start="3" fightPanelSize="2500" castellanAward="2000" buffId="0" guojia="0" roadway="[62,66]" resourceArr="[0,1,1,1,1,1,1,1,1,1,0,0,0,0,0,0,0,0,0,0,0,0,0,0,0,0,0,0,0,1,1,1]" soldiers="[2022]" ziyuanArr="[0,0,0,0,0,0,0,0,0,0]" />
 <sample className="game.world.data.WorldMapCityData" name="咸阳" sid="66" x="1854.5" y="400.05" style="1" dixing="" citytype="0" start="3" fightPanelSize="1000" castellanAward="2000" buffId="0" guojia="0" roadway="[62,63,65,67]" resourceArr="[0,1,1,1,1,1,1,1,1,1,0,0,0,0,0,0,0,0,0,0,0,0,0,0,0,0,0,0,0,1,1,1]" soldiers="[2022]" ziyuanArr="[0,0,0,1,1,0,0,0,0,0]" />
 <sample className="game.world.data.WorldMapCityData" name="函谷关" sid="67" x="2103.15" y="599.95" style="8" dixing="" citytype="0" start="3" fightPanelSize="500" castellanAward="2000" buffId="0" guojia="0" roadway="[66,68,69,70]" resourceArr="[0,1,1,1,1,1,1,1,1,1,0,0,0,0,0,0,0,0,0,0,0,0,0,0,0,0,0,0,0,1,1,1]" soldiers="[2023]" ziyuanArr="[0,0,0,0,0,0,0,0,0,0]" />
 <sample className="game.world.data.WorldMapCityData" name="函谷水域" sid="68" x="2362.15" y="602.3" style="6" dixing="" citytype="0" start="3" fightPanelSize="2500" castellanAward="2000" buffId="0" guojia="0" roadway="[67,74,98]" resourceArr="[0,1,1,1,1,1,1,1,1,1,0,0,0,0,0,0,0,0,0,0,0,0,0,0,0,0,0,0,0,1,1,1]" soldiers="[2000]" ziyuanArr="[0,0,0,0,0,0,0,0,0,0]" />
 <sample className="game.world.data.WorldMapCityData" name="濮阳西" sid="69" x="2300" y="739.95" style="2" dixing="" citytype="0" start="3" fightPanelSize="2500" castellanAward="2000" buffId="0" guojia="0" roadway="[67,75,76]" resourceArr="[0,1,1,1,1,1,1,1,1,1,0,0,0,0,0,0,0,0,0,0,0,0,0,0,0,0,0,0,0,1,1,1]" soldiers="[2024]" ziyuanArr="[0,0,0,0,0,0,0,0,0,0]" />
 <sample className="game.world.data.WorldMapCityData" name="定军山" sid="70" x="2035.6" y="832.1" style="2" dixing="" citytype="0" start="3" fightPanelSize="2500" castellanAward="2000" buffId="0" guojia="0" roadway="[67,71,72]" resourceArr="[0,1,1,1,1,1,1,1,1,1,0,0,0,0,0,0,0,0,0,0,0,0,0,0,0,0,0,0,0,1,1,1]" soldiers="[2025]" ziyuanArr="[0,0,0,0,0,0,0,0,0,0]" />
 <sample className="game.world.data.WorldMapCityData" name="斜谷" sid="71" x="1794.65" y="927.65" style="5" dixing="" citytype="0" start="3" fightPanelSize="2500" castellanAward="2000" buffId="0" guojia="0" roadway="[56,59,70,72,73]" resourceArr="[0,1,1,1,1,1,1,1,1,1,0,0,0,0,0,0,0,0,0,0,0,0,0,0,0,0,0,0,0,1,1,1]" soldiers="[2026]" ziyuanArr="[0,0,0,0,0,0,0,0,0,0]" />
 <sample className="game.world.data.WorldMapCityData" name="上庸" sid="72" x="2065.7" y="1000" style="1" dixing="" citytype="0" start="3" fightPanelSize="1000" castellanAward="2000" buffId="0" guojia="0" roadway="[70,71,73]" resourceArr="[0,1,1,1,1,1,1,1,1,1,0,0,0,0,0,0,0,0,0,0,0,0,0,0,0,0,0,0,0,1,1,1]" soldiers="[2027]" ziyuanArr="[0,1,0,0,1,0,0,0,0,0]" />
 <sample className="game.world.data.WorldMapCityData" name="上庸南" sid="73" x="2081.15" y="1174.3" style="2" dixing="" citytype="0" start="3" fightPanelSize="2500" castellanAward="2000" buffId="0" guojia="0" roadway="[71,72]" resourceArr="[0,1,1,1,1,1,1,1,1,1,0,0,0,0,0,0,0,0,0,0,0,0,0,0,0,0,0,0,0,1,1,1]" soldiers="[2027]" ziyuanArr="[0,0,0,0,0,0,0,0,0,0]" />
 <sample className="game.world.data.WorldMapCityData" name="晋阳外山" sid="74" x="2576.85" y="608.8" style="5" dixing="" citytype="0" start="3" fightPanelSize="2500" castellanAward="2000" buffId="0" guojia="0" roadway="[68,77,96]" resourceArr="[0,1,1,1,1,1,1,1,1,1,0,0,0,0,0,0,0,0,0,0,0,0,0,0,0,0,0,0,0,1,1,1]" soldiers="[2028]" ziyuanArr="[0,0,0,0,0,0,0,0,0,0]" />
 <sample className="game.world.data.WorldMapCityData" name="濮阳" sid="75" x="2530.1" y="815.4" style="1" dixing="" citytype="0" start="3" fightPanelSize="1000" castellanAward="2000" buffId="0" guojia="0" roadway="[69,76,77]" resourceArr="[0,1,1,1,1,1,1,1,1,1,0,0,0,0,0,0,0,0,0,0,0,0,0,0,0,0,0,0,0,1,1,1]" soldiers="[2024]" ziyuanArr="[0,0,1,0,1,0,0,0,0,0]" />
 <sample className="game.world.data.WorldMapCityData" name="濮阳南" sid="76" x="2470.25" y="969.85" style="2" dixing="" citytype="0" start="3" fightPanelSize="2500" castellanAward="2000" buffId="0" guojia="0" roadway="[69,75,77,78]" resourceArr="[0,1,1,1,1,1,1,1,1,1,0,0,0,0,0,0,0,0,0,0,0,0,0,0,0,0,0,0,0,1,1,1]" soldiers="[2024]" ziyuanArr="[0,0,0,0,0,0,0,0,0,0]" />
 <sample className="game.world.data.WorldMapCityData" name="濮阳东" sid="77" x="2810.15" y="830.1" style="2" dixing="" citytype="0" start="3" fightPanelSize="2500" castellanAward="2000" buffId="0" guojia="0" roadway="[74,75,76,85]" resourceArr="[0,1,1,1,1,1,1,1,1,1,0,0,0,0,0,0,0,0,0,0,0,0,0,0,0,0,0,0,0,1,1,1]" soldiers="[2024]" ziyuanArr="[0,0,0,0,0,0,0,0,0,0]" />
 <sample className="game.world.data.WorldMapCityData" name="邺城西" sid="78" x="2586.7" y="1096.45" style="2" dixing="" citytype="0" start="3" fightPanelSize="2500" castellanAward="2000" buffId="0" guojia="0" roadway="[76,79,80,81]" resourceArr="[0,1,1,1,1,1,1,1,1,1,0,0,0,0,0,0,0,0,0,0,0,0,0,0,0,0,0,0,0,1,1,1]" soldiers="[2029]" ziyuanArr="[0,0,0,0,0,0,0,0,0,0]" />
 <sample className="game.world.data.WorldMapCityData" name="邺城北" sid="79" x="2777.8" y="1015.55" style="2" dixing="" citytype="0" start="3" fightPanelSize="2500" castellanAward="2000" buffId="0" guojia="0" roadway="[78,81]" resourceArr="[0,1,1,1,1,1,1,1,1,1,0,0,0,0,0,0,0,0,0,0,0,0,0,0,0,0,0,0,0,1,1,1]" soldiers="[2029]" ziyuanArr="[0,0,0,0,0,0,0,0,0,0]" />
 <sample className="game.world.data.WorldMapCityData" name="邺城南" sid="80" x="2687.9" y="1242.15" style="2" dixing="" citytype="0" start="3" fightPanelSize="2500" castellanAward="2000" buffId="0" guojia="0" roadway="[78,81]" resourceArr="[0,1,1,1,1,1,1,1,1,1,0,0,0,0,0,0,0,0,0,0,0,0,0,0,0,0,0,0,0,1,1,1]" soldiers="[2029]" ziyuanArr="[0,0,0,0,0,0,0,0,0,0]" />
 <sample className="game.world.data.WorldMapCityData" name="邺城" sid="81" x="2895.75" y="1155.5" style="1" dixing="" citytype="0" start="3" fightPanelSize="1000" castellanAward="2000" buffId="0" guojia="0" roadway="[78,79,80,82,83]" resourceArr="[0,1,1,1,1,1,1,1,1,1,0,0,0,0,0,0,0,0,0,0,0,0,0,0,0,0,0,0,0,1,1,1]" soldiers="[2029]" ziyuanArr="[0,0,0,0,1,0,0,0,0,0]" />
 <sample className="game.world.data.WorldMapCityData" name="虎牢关" sid="82" x="3302.3" y="1340" style="7" dixing="" citytype="0" start="3" fightPanelSize="500" castellanAward="2000" buffId="0" guojia="0" roadway="[81,83,119,122,123]" resourceArr="[0,1,1,1,1,1,1,1,1,1,0,0,0,0,0,0,0,0,0,0,0,0,0,0,0,0,0,0,0,1,1,1]" soldiers="[2030]" ziyuanArr="[0,0,0,0,0,0,0,0,0,0]" />
 <sample className="game.world.data.WorldMapCityData" name="邺城东" sid="83" x="3175.6" y="1105.45" style="2" dixing="" citytype="0" start="3" fightPanelSize="2500" castellanAward="2000" buffId="0" guojia="0" roadway="[81,82,84]" resourceArr="[0,1,1,1,1,1,1,1,1,1,0,0,0,0,0,0,0,0,0,0,0,0,0,0,0,0,0,0,0,1,1,1]" soldiers="[2029]" ziyuanArr="[0,0,0,0,0,0,0,0,0,0]" />
 <sample className="game.world.data.WorldMapCityData" name="邯郸" sid="84" x="3213.45" y="897.7" style="3" dixing="" citytype="0" start="3" fightPanelSize="1000" castellanAward="2000" buffId="0" guojia="0" roadway="[83,85]" resourceArr="[0,1,1,1,1,1,1,1,1,1,0,0,0,0,0,0,0,0,0,0,0,0,0,0,0,0,0,0,0,1,1,1]" soldiers="[2035]" ziyuanArr="[0,0,0,0,1,0,0,0,0,0]" />
 <sample className="game.world.data.WorldMapCityData" name="濮阳郊外" sid="85" x="3060.1" y="762.25" style="2" dixing="" citytype="0" start="3" fightPanelSize="2500" castellanAward="2000" buffId="0" guojia="0" roadway="[77,84,86,255]" resourceArr="[0,1,1,1,1,1,1,1,1,1,0,0,0,0,0,0,0,0,0,0,0,0,0,0,0,0,0,0,0,1,1,1]" soldiers="[2024]" ziyuanArr="[0,0,0,0,0,0,0,0,0,0]" />
 <sample className="game.world.data.WorldMapCityData" name="平原南" sid="86" x="3293.4" y="727.65" style="2" dixing="" citytype="0" start="3" fightPanelSize="2500" castellanAward="2000" buffId="0" guojia="0" roadway="[85,87,88]" resourceArr="[0,1,1,1,1,1,1,1,1,1,0,0,0,0,0,0,0,0,0,0,0,0,0,0,0,0,0,0,0,1,1,1]" soldiers="[2031]" ziyuanArr="[0,0,0,0,0,0,0,0,0,0]" />
 <sample className="game.world.data.WorldMapCityData" name="南皮西" sid="87" x="3526.65" y="695.65" style="2" dixing="" citytype="0" start="3" fightPanelSize="2500" castellanAward="2000" buffId="0" guojia="0" roadway="[86,89,116]" resourceArr="[0,1,1,1,1,1,1,1,1,1,0,0,0,0,0,0,0,0,0,0,0,0,0,0,0,0,0,0,0,1,1,1]" soldiers="[2032]" ziyuanArr="[0,0,0,0,0,0,0,0,0,0]" />
 <sample className="game.world.data.WorldMapCityData" name="平原" sid="88" x="3363.3" y="551" style="3" dixing="" citytype="0" start="3" fightPanelSize="1000" castellanAward="2000" buffId="0" guojia="0" roadway="[86,90]" resourceArr="[0,1,1,1,1,1,1,1,1,1,0,0,0,0,0,0,0,0,0,0,0,0,0,0,0,0,0,0,0,1,1,1]" soldiers="[2031]" ziyuanArr="[0,0,1,0,0,0,0,0,0,0]" />
 <sample className="game.world.data.WorldMapCityData" name="南皮" sid="89" x="3769.9" y="606.7" style="3" dixing="" citytype="0" start="3" fightPanelSize="1000" castellanAward="2000" buffId="0" guojia="0" roadway="[87,90,101,115]" resourceArr="[0,1,1,1,1,1,1,1,1,1,0,0,0,0,0,0,0,0,0,0,0,0,0,0,0,0,0,0,0,1,1,1]" soldiers="[2032]" ziyuanArr="[0,1,0,0,0,0,0,0,0,0]" />
 <sample className="game.world.data.WorldMapCityData" name="洛阳" sid="90" x="3715.8" y="422.2" style="4" dixing="" citytype="1" start="3" fightPanelSize="1000" castellanAward="2000" buffId="0" guojia="1" roadway="[88,89,91,101]" resourceArr="[0,1,1,1,1,1,1,1,1,1,0,0,0,0,0,0,0,0,0,0,0,0,0,0,0,0,0,0,0,1,1,1]" soldiers="[2033]" ziyuanArr="[0,0,0,0,0,0,0,0,0,0]" />
 <sample className="game.world.data.WorldMapCityData" name="洛阳西" sid="91" x="3439" y="258.9" style="2" dixing="" citytype="0" start="3" fightPanelSize="2500" castellanAward="2000" buffId="0" guojia="0" roadway="[90,92,99]" resourceArr="[0,1,1,1,1,1,1,1,1,1,0,0,0,0,0,0,0,0,0,0,0,0,0,0,0,0,0,0,0,1,1,1]" soldiers="[2033]" ziyuanArr="[0,0,0,0,0,0,0,0,0,0]" />
 <sample className="game.world.data.WorldMapCityData" name="白马" sid="92" x="3174.4" y="214.3" style="1" dixing="" citytype="0" start="3" fightPanelSize="1000" castellanAward="2000" buffId="0" guojia="0" roadway="[91,93]" resourceArr="[0,1,1,1,1,1,1,1,1,1,0,0,0,0,0,0,0,0,0,0,0,0,0,0,0,0,0,0,0,1,1,1]" soldiers="[2034]" ziyuanArr="[0,0,0,1,0,0,0,0,0,0]" />
 <sample className="game.world.data.WorldMapCityData" name="晋阳东" sid="93" x="2855.75" y="186.6" style="5" dixing="" citytype="0" start="3" fightPanelSize="2500" castellanAward="2000" buffId="0" guojia="0" roadway="[92,94,95,96]" resourceArr="[0,1,1,1,1,1,1,1,1,1,0,0,0,0,0,0,0,0,0,0,0,0,0,0,0,0,0,0,0,1,1,1]" soldiers="[2028]" ziyuanArr="[0,0,0,0,0,0,0,0,0,0]" />
 <sample className="game.world.data.WorldMapCityData" name="晋阳水域" sid="94" x="2936.8" y="308.65" style="6" dixing="" citytype="0" start="3" fightPanelSize="2500" castellanAward="2000" buffId="0" guojia="0" roadway="[93]" resourceArr="[0,1,1,1,1,1,1,1,1,1,0,0,0,0,0,0,0,0,0,0,0,0,0,0,0,0,0,0,0,1,1,1]" soldiers="[2028]" ziyuanArr="[0,0,0,0,0,0,0,0,0,0]" />
 <sample className="game.world.data.WorldMapCityData" name="晋阳" sid="95" x="2562.35" y="203.45" style="1" dixing="" citytype="0" start="3" fightPanelSize="1000" castellanAward="2000" buffId="0" guojia="0" roadway="[93,96,97,98]" resourceArr="[0,1,1,1,1,1,1,1,1,1,0,0,0,0,0,0,0,0,0,0,0,0,0,0,0,0,0,0,0,1,1,1]" soldiers="[2028]" ziyuanArr="[0,0,1,0,0,0,0,0,0,0]" />
 <sample className="game.world.data.WorldMapCityData" name="晋阳南" sid="96" x="2631.25" y="444.35" style="5" dixing="" citytype="0" start="3" fightPanelSize="2500" castellanAward="2000" buffId="0" guojia="0" roadway="[74,93,95]" resourceArr="[0,1,1,1,1,1,1,1,1,1,0,0,0,0,0,0,0,0,0,0,0,0,0,0,0,0,0,0,0,1,1,1]" soldiers="[2028]" ziyuanArr="[0,0,0,0,0,0,0,0,0,0]" />
 <sample className="game.world.data.WorldMapCityData" name="晋阳西" sid="97" x="2304.45" y="196.5" style="5" dixing="" citytype="0" start="3" fightPanelSize="2500" castellanAward="2000" buffId="0" guojia="0" roadway="[95,98]" resourceArr="[0,1,1,1,1,1,1,1,1,1,0,0,0,0,0,0,0,0,0,0,0,0,0,0,0,0,0,0,0,1,1,1]" soldiers="[2028]" ziyuanArr="[0,0,0,0,0,0,0,0,0,0]" />
 <sample className="game.world.data.WorldMapCityData" name="晋阳山脉" sid="98" x="2333.55" y="377.6" style="5" dixing="" citytype="0" start="3" fightPanelSize="2500" castellanAward="2000" buffId="0" guojia="0" roadway="[68,95,97]" resourceArr="[0,1,1,1,1,1,1,1,1,1,0,0,0,0,0,0,0,0,0,0,0,0,0,0,0,0,0,0,0,1,1,1]" soldiers="[2028]" ziyuanArr="[0,0,0,0,0,0,0,0,0,0]" />
 <sample className="game.world.data.WorldMapCityData" name="洛阳郊外" sid="99" x="3813.4" y="175.5" style="5" dixing="" citytype="0" start="3" fightPanelSize="2500" castellanAward="2000" buffId="0" guojia="0" roadway="[91,100]" resourceArr="[0,1,1,1,1,1,1,1,1,1,0,0,0,0,0,0,0,0,0,0,0,0,0,0,0,0,0,0,0,1,1,1]" soldiers="[2033]" ziyuanArr="[0,0,0,0,0,0,0,0,0,0]" />
 <sample className="game.world.data.WorldMapCityData" name="蓟城西" sid="100" x="4191.3" y="239" style="2" dixing="" citytype="0" start="3" fightPanelSize="2500" castellanAward="2000" buffId="0" guojia="0" roadway="[99,105]" resourceArr="[0,1,1,1,1,1,1,1,1,1,0,0,0,0,0,0,0,0,0,0,0,0,0,0,0,0,0,0,0,1,1,1]" soldiers="[2036]" ziyuanArr="[0,0,0,0,0,0,0,0,0,0]" />
 <sample className="game.world.data.WorldMapCityData" name="荥阳" sid="101" x="4036.55" y="454.4" style="3" dixing="" citytype="0" start="3" fightPanelSize="1000" castellanAward="2000" buffId="0" guojia="0" roadway="[89,90,102,103]" resourceArr="[0,1,1,1,1,1,1,1,1,1,0,0,0,0,0,0,0,0,0,0,0,0,0,0,0,0,0,0,0,1,1,1]" soldiers="[2037]" ziyuanArr="[0,0,0,0,1,0,0,0,0,0]" />
 <sample className="game.world.data.WorldMapCityData" name="平丘" sid="102" x="4157.7" y="652.3" style="3" dixing="" citytype="0" start="3" fightPanelSize="1000" castellanAward="2000" buffId="0" guojia="0" roadway="[101,115]" resourceArr="[0,1,1,1,1,1,1,1,1,1,0,0,0,0,0,0,0,0,0,0,0,0,0,0,0,0,0,0,0,1,1,1]" soldiers="[2038]" ziyuanArr="[0,1,0,0,0,0,0,0,0,0]" />
 <sample className="game.world.data.WorldMapCityData" name="荥阳东" sid="103" x="4347.7" y="496.75" style="2" dixing="" citytype="0" start="3" fightPanelSize="2500" castellanAward="2000" buffId="0" guojia="0" roadway="[101,104,105]" resourceArr="[0,1,1,1,1,1,1,1,1,1,0,0,0,0,0,0,0,0,0,0,0,0,0,0,0,0,0,0,0,1,1,1]" soldiers="[2037]" ziyuanArr="[0,0,0,0,0,0,0,0,0,0]" />
 <sample className="game.world.data.WorldMapCityData" name="东郡北" sid="104" x="4616.75" y="537.75" style="2" dixing="" citytype="0" start="3" fightPanelSize="2500" castellanAward="2000" buffId="0" guojia="0" roadway="[103,109,111]" resourceArr="[0,1,1,1,1,1,1,1,1,1,0,0,0,0,0,0,0,0,0,0,0,0,0,0,0,0,0,0,0,1,1,1]" soldiers="[2039]" ziyuanArr="[0,0,0,0,0,0,0,0,0,0]" />
 <sample className="game.world.data.WorldMapCityData" name="蓟城" sid="105" x="4493.25" y="298.95" style="3" dixing="" citytype="0" start="3" fightPanelSize="1000" castellanAward="2000" buffId="0" guojia="0" roadway="[100,103,106,107]" resourceArr="[0,1,1,1,1,1,1,1,1,1,0,0,0,0,0,0,0,0,0,0,0,0,0,0,0,0,0,0,0,1,1,1]" soldiers="[2036]" ziyuanArr="[0,0,0,1,0,0,0,0,0,0]" />
 <sample className="game.world.data.WorldMapCityData" name="北狄城" sid="106" x="4579.95" y="157.65" style="4" dixing="" citytype="2" start="3" fightPanelSize="1000" castellanAward="2000" buffId="0" guojia="0" roadway="[105]" resourceArr="[0,1,1,1,1,1,1,1,1,1,0,0,0,0,0,0,0,0,0,0,0,0,0,0,0,0,0,0,0,1,1,1]" soldiers="[2000]" ziyuanArr="[0,0,0,0,0,0,0,0,0,0]" />
 <sample className="game.world.data.WorldMapCityData" name="蓟城东" sid="107" x="4744.55" y="237.8" style="2" dixing="" citytype="0" start="3" fightPanelSize="2500" castellanAward="2000" buffId="0" guojia="0" roadway="[105,108]" resourceArr="[0,1,1,1,1,1,1,1,1,1,0,0,0,0,0,0,0,0,0,0,0,0,0,0,0,0,0,0,0,1,1,1]" soldiers="[2036]" ziyuanArr="[0,0,0,0,0,0,0,0,0,0]" />
 <sample className="game.world.data.WorldMapCityData" name="北平西" sid="108" x="5102.25" y="313.35" style="2" dixing="" citytype="0" start="3" fightPanelSize="2500" castellanAward="2000" buffId="0" guojia="0" roadway="[107,109,236,237]" resourceArr="[0,1,1,1,1,1,1,1,1,1,0,0,0,0,0,0,0,0,0,0,0,0,0,0,0,0,0,0,0,1,1,1]" soldiers="[2041]" ziyuanArr="[0,0,0,0,0,0,0,0,0,0]" />
 <sample className="game.world.data.WorldMapCityData" name="北海郊外" sid="109" x="4905.7" y="455.4" style="2" dixing="" citytype="0" start="3" fightPanelSize="2500" castellanAward="2000" buffId="0" guojia="0" roadway="[104,108,110]" resourceArr="[0,1,1,1,1,1,1,1,1,1,0,0,0,0,0,0,0,0,0,0,0,0,0,0,0,0,0,0,0,1,1,1]" soldiers="[2042]" ziyuanArr="[0,0,0,0,0,0,0,0,0,0]" />
 <sample className="game.world.data.WorldMapCityData" name="北海" sid="110" x="5007.85" y="559.7" style="3" dixing="" citytype="0" start="3" fightPanelSize="1000" castellanAward="2000" buffId="0" guojia="0" roadway="[109,235]" resourceArr="[0,1,1,1,1,1,1,1,1,1,0,0,0,0,0,0,0,0,0,0,0,0,0,0,0,0,0,0,0,1,1,1]" soldiers="[2042]" ziyuanArr="[0,0,1,1,0,0,0,0,0,0]" />
 <sample className="game.world.data.WorldMapCityData" name="东郡" sid="111" x="4579.95" y="733.2" style="3" dixing="" citytype="0" start="3" fightPanelSize="1000" castellanAward="2000" buffId="0" guojia="0" roadway="[104,112,114]" resourceArr="[0,1,1,1,1,1,1,1,1,1,0,0,0,0,0,0,0,0,0,0,0,0,0,0,0,0,0,0,0,1,1,1]" soldiers="[2039]" ziyuanArr="[0,1,0,1,0,0,0,0,0,0]" />
 <sample className="game.world.data.WorldMapCityData" name="东郡西" sid="112" x="4330" y="776.65" style="2" dixing="" citytype="0" start="3" fightPanelSize="2500" castellanAward="2000" buffId="0" guojia="0" roadway="[111,113,117]" resourceArr="[0,1,1,1,1,1,1,1,1,1,0,0,0,0,0,0,0,0,0,0,0,0,0,0,0,0,0,0,0,1,1,1]" soldiers="[2039]" ziyuanArr="[0,0,0,0,0,0,0,0,0,0]" />
 <sample className="game.world.data.WorldMapCityData" name="东郡南" sid="113" x="4632.2" y="922.2" style="2" dixing="" citytype="0" start="3" fightPanelSize="2500" castellanAward="2000" buffId="0" guojia="0" roadway="[112,114,229]" resourceArr="[0,1,1,1,1,1,1,1,1,1,0,0,0,0,0,0,0,0,0,0,0,0,0,0,0,0,0,0,0,1,1,1]" soldiers="[2039]" ziyuanArr="[0,0,0,0,0,0,0,0,0,0]" />
 <sample className="game.world.data.WorldMapCityData" name="东郡东" sid="114" x="4905.65" y="847.75" style="2" dixing="" citytype="0" start="3" fightPanelSize="2500" castellanAward="2000" buffId="0" guojia="0" roadway="[111,113,230]" resourceArr="[0,1,1,1,1,1,1,1,1,1,0,0,0,0,0,0,0,0,0,0,0,0,0,0,0,0,0,0,0,1,1,1]" soldiers="[2039]" ziyuanArr="[0,0,0,0,0,0,0,0,0,0]" />
 <sample className="game.world.data.WorldMapCityData" name="平丘南" sid="115" x="4034.65" y="812.25" style="2" dixing="" citytype="0" start="3" fightPanelSize="2500" castellanAward="2000" buffId="0" guojia="0" roadway="[89,102,116]" resourceArr="[0,1,1,1,1,1,1,1,1,1,0,0,0,0,0,0,0,0,0,0,0,0,0,0,0,0,0,0,0,1,1,1]" soldiers="[2038]" ziyuanArr="[0,0,0,0,0,0,0,0,0,0]" />
 <sample className="game.world.data.WorldMapCityData" name="陈留北" sid="116" x="3711.3" y="861.1" style="2" dixing="" citytype="0" start="3" fightPanelSize="2500" castellanAward="2000" buffId="0" guojia="0" roadway="[87,115,117,118,121]" resourceArr="[0,1,1,1,1,1,1,1,1,1,0,0,0,0,0,0,0,0,0,0,0,0,0,0,0,0,0,0,0,1,1,1]" soldiers="[2043]" ziyuanArr="[0,0,0,0,0,0,0,0,0,0]" />
 <sample className="game.world.data.WorldMapCityData" name="陈留东" sid="117" x="4113.25" y="1023.25" style="2" dixing="" citytype="0" start="3" fightPanelSize="2500" castellanAward="2000" buffId="0" guojia="0" roadway="[112,116,120,121]" resourceArr="[0,1,1,1,1,1,1,1,1,1,0,0,0,0,0,0,0,0,0,0,0,0,0,0,0,0,0,0,0,1,1,1]" soldiers="[2043]" ziyuanArr="[0,0,0,0,0,0,0,0,0,0]" />
 <sample className="game.world.data.WorldMapCityData" name="陈留西" sid="118" x="3558.9" y="1004.4" style="2" dixing="" citytype="0" start="3" fightPanelSize="2500" castellanAward="2000" buffId="0" guojia="0" roadway="[116,119,121]" resourceArr="[0,1,1,1,1,1,1,1,1,1,0,0,0,0,0,0,0,0,0,0,0,0,0,0,0,0,0,0,0,1,1,1]" soldiers="[2043]" ziyuanArr="[0,0,0,0,0,0,0,0,0,0]" />
 <sample className="game.world.data.WorldMapCityData" name="陈留南" sid="119" x="3638.8" y="1225.5" style="2" dixing="" citytype="0" start="3" fightPanelSize="2500" castellanAward="2000" buffId="0" guojia="0" roadway="[82,118,121]" resourceArr="[0,1,1,1,1,1,1,1,1,1,0,0,0,0,0,0,0,0,0,0,0,0,0,0,0,0,0,0,0,1,1,1]" soldiers="[2043]" ziyuanArr="[0,0,0,0,0,0,0,0,0,0]" />
 <sample className="game.world.data.WorldMapCityData" name="陈留郊外" sid="120" x="4012.35" y="1261" style="2" dixing="" citytype="0" start="3" fightPanelSize="2500" castellanAward="2000" buffId="0" guojia="0" roadway="[117,121]" resourceArr="[0,1,1,1,1,1,1,1,1,1,0,0,0,0,0,0,0,0,0,0,0,0,0,0,0,0,0,0,0,1,1,1]" soldiers="[2043]" ziyuanArr="[0,0,0,0,0,0,0,0,0,0]" />
 <sample className="game.world.data.WorldMapCityData" name="陈留" sid="121" x="3847.65" y="1066.6" style="3" dixing="" citytype="0" start="3" fightPanelSize="1000" castellanAward="2000" buffId="0" guojia="0" roadway="[116,117,118,119,120]" resourceArr="[0,1,1,1,1,1,1,1,1,1,0,0,0,0,0,0,0,0,0,0,0,0,0,0,0,0,0,0,0,1,1,1]" soldiers="[2043]" ziyuanArr="[0,1,0,0,1,0,0,0,0,0]" />
 <sample className="game.world.data.WorldMapCityData" name="泗水" sid="122" x="3141.05" y="1452.15" style="2" dixing="" citytype="0" start="3" fightPanelSize="2500" castellanAward="2000" buffId="0" guojia="0" roadway="[82,124]" resourceArr="[0,1,1,1,1,1,1,1,1,1,0,0,0,0,0,0,0,0,0,0,0,0,0,0,0,0,0,0,0,1,1,1]" soldiers="[2044]" ziyuanArr="[0,0,0,0,0,0,0,0,0,0]" />
 <sample className="game.world.data.WorldMapCityData" name="新野" sid="123" x="3562.35" y="1456.65" style="2" dixing="" citytype="0" start="3" fightPanelSize="2500" castellanAward="2000" buffId="0" guojia="0" roadway="[82,126]" resourceArr="[0,1,1,1,1,1,1,1,1,1,0,0,0,0,0,0,0,0,0,0,0,0,0,0,0,0,0,0,0,1,1,1]" soldiers="[2045]" ziyuanArr="[0,0,0,0,0,0,0,0,0,0]" />
 <sample className="game.world.data.WorldMapCityData" name="许昌" sid="124" x="2774.55" y="1485.55" style="3" dixing="" citytype="0" start="3" fightPanelSize="1000" castellanAward="2000" buffId="0" guojia="0" roadway="[122,125,128]" resourceArr="[0,1,1,1,1,1,1,1,1,1,0,0,0,0,0,0,0,0,0,0,0,0,0,0,0,0,0,0,0,1,1,1]" soldiers="[2046]" ziyuanArr="[0,1,1,0,0,0,0,0,0,0]" />
 <sample className="game.world.data.WorldMapCityData" name="宛城" sid="125" x="3037.85" y="1593.35" style="3" dixing="" citytype="0" start="3" fightPanelSize="1000" castellanAward="2000" buffId="0" guojia="0" roadway="[124,126,129]" resourceArr="[0,1,1,1,1,1,1,1,1,1,0,0,0,0,0,0,0,0,0,0,0,0,0,0,0,0,0,0,0,1,1,1]" soldiers="[2047]" ziyuanArr="[0,0,0,1,0,0,0,0,0,0]" />
 <sample className="game.world.data.WorldMapCityData" name="汝南" sid="126" x="3397.7" y="1605.55" style="3" dixing="" citytype="0" start="3" fightPanelSize="2500" castellanAward="2000" buffId="0" guojia="0" roadway="[123,125,127]" resourceArr="[0,1,1,1,1,1,1,1,1,1,0,0,0,0,0,0,0,0,0,0,0,0,0,0,0,0,0,0,0,1,1,1]" soldiers="[2048]" ziyuanArr="[0,0,0,1,1,0,0,0,0,0]" />
 <sample className="game.world.data.WorldMapCityData" name="汉阳" sid="127" x="3620.05" y="1716.6" style="3" dixing="" citytype="0" start="3" fightPanelSize="1000" castellanAward="2000" buffId="0" guojia="0" roadway="[126,135,136]" resourceArr="[0,1,1,1,1,1,1,1,1,1,0,0,0,0,0,0,0,0,0,0,0,0,0,0,0,0,0,0,0,1,1,1]" soldiers="[2049]" ziyuanArr="[0,0,0,1,1,0,0,0,0,0]" />
 <sample className="game.world.data.WorldMapCityData" name="樊城" sid="128" x="2457.8" y="1651" style="3" dixing="" citytype="0" start="3" fightPanelSize="1000" castellanAward="2000" buffId="0" guojia="0" roadway="[124,130,131]" resourceArr="[0,1,1,1,1,1,1,1,1,1,0,0,0,0,0,0,0,0,0,0,0,0,0,0,0,0,0,0,0,1,1,1]" soldiers="[2050]" ziyuanArr="[0,1,1,0,0,0,0,0,0,0]" />
 <sample className="game.world.data.WorldMapCityData" name="襄阳" sid="129" x="2975.65" y="1842.2" style="3" dixing="" citytype="0" start="3" fightPanelSize="1000" castellanAward="2000" buffId="0" guojia="0" roadway="[125,130,135]" resourceArr="[0,1,1,1,1,1,1,1,1,1,0,0,0,0,0,0,0,0,0,0,0,0,0,0,0,0,0,0,0,1,1,1]" soldiers="[2051]" ziyuanArr="[0,1,1,1,1,0,0,0,0,0]" />
 <sample className="game.world.data.WorldMapCityData" name="江陵" sid="130" x="2667.9" y="1914.35" style="3" dixing="" citytype="0" start="3" fightPanelSize="1000" castellanAward="2000" buffId="0" guojia="0" roadway="[128,129,133]" resourceArr="[0,1,1,1,1,1,1,1,1,1,0,0,0,0,0,0,0,0,0,0,0,0,0,0,0,0,0,0,0,1,1,1]" soldiers="[2052]" ziyuanArr="[0,0,0,1,1,0,0,0,0,0]" />
 <sample className="game.world.data.WorldMapCityData" name="麦城" sid="131" x="2395.6" y="1949.85" style="5" dixing="" citytype="0" start="3" fightPanelSize="2500" castellanAward="2000" buffId="0" guojia="0" roadway="[128,139]" resourceArr="[0,1,1,1,1,1,1,1,1,1,0,0,0,0,0,0,0,0,0,0,0,0,0,0,0,0,0,0,0,1,1,1]" soldiers="[2053]" ziyuanArr="[0,0,0,0,0,0,0,0,0,0]" />
 <sample className="game.world.data.WorldMapCityData" name="长坂坡" sid="132" x="2517.65" y="2107.65" style="5" dixing="" citytype="0" start="3" fightPanelSize="2500" castellanAward="2000" buffId="0" guojia="0" roadway="[133,139]" resourceArr="[0,1,1,1,1,1,1,1,1,1,0,0,0,0,0,0,0,0,0,0,0,0,0,0,0,0,0,0,0,1,1,1]" soldiers="[2054]" ziyuanArr="[0,0,0,0,0,0,0,0,0,0]" />
 <sample className="game.world.data.WorldMapCityData" name="宜城" sid="133" x="2819.05" y="2122.15" style="3" dixing="" citytype="0" start="3" fightPanelSize="1000" castellanAward="2000" buffId="0" guojia="0" roadway="[130,132,134]" resourceArr="[0,1,1,1,1,1,1,1,1,1,0,0,0,0,0,0,0,0,0,0,0,0,0,0,0,0,0,0,0,1,1,1]" soldiers="[2055]" ziyuanArr="[0,0,0,1,1,0,0,0,0,0]" />
 <sample className="game.world.data.WorldMapCityData" name="采桑" sid="134" x="3120.1" y="2044.5" style="3" dixing="" citytype="0" start="3" fightPanelSize="1000" castellanAward="2000" buffId="0" guojia="0" roadway="[133,135,137]" resourceArr="[0,1,1,1,1,1,1,1,1,1,0,0,0,0,0,0,0,0,0,0,0,0,0,0,0,0,0,0,0,1,1,1]" soldiers="[2056]" ziyuanArr="[0,1,1,0,0,0,0,0,0,0]" />
 <sample className="game.world.data.WorldMapCityData" name="江夏" sid="135" x="3285.6" y="1867.8" style="3" dixing="" citytype="0" start="3" fightPanelSize="1000" castellanAward="2000" buffId="0" guojia="0" roadway="[127,129,134]" resourceArr="[0,1,1,1,1,1,1,1,1,1,0,0,0,0,0,0,0,0,0,0,0,0,0,0,0,0,0,0,0,1,1,1]" soldiers="[2057]" ziyuanArr="[0,1,1,0,0,0,0,0,0,0]" />
 <sample className="game.world.data.WorldMapCityData" name="华容" sid="136" x="3661.25" y="1905.5" style="2" dixing="" citytype="0" start="3" fightPanelSize="2500" castellanAward="2000" buffId="0" guojia="0" roadway="[127,138]" resourceArr="[0,1,1,1,1,1,1,1,1,1,0,0,0,0,0,0,0,0,0,0,0,0,0,0,0,0,0,0,0,1,1,1]" soldiers="[2058]" ziyuanArr="[0,0,0,0,0,0,0,0,0,0]" />
 <sample className="game.world.data.WorldMapCityData" name="三江口" sid="137" x="3440.05" y="2044.4" style="2" dixing="" citytype="0" start="3" fightPanelSize="2500" castellanAward="2000" buffId="0" guojia="0" roadway="[134,138]" resourceArr="[0,1,1,1,1,1,1,1,1,1,0,0,0,0,0,0,0,0,0,0,0,0,0,0,0,0,0,0,0,1,1,1]" soldiers="[2059]" ziyuanArr="[0,0,0,0,0,0,0,0,0,0]" />
 <sample className="game.world.data.WorldMapCityData" name="赤壁" sid="138" x="3724.4" y="2071.05" style="8" dixing="" citytype="0" start="3" fightPanelSize="500" castellanAward="2000" buffId="0" guojia="0" roadway="[136,137,175,180,183]" resourceArr="[0,1,1,1,1,1,1,1,1,1,0,0,0,0,0,0,0,0,0,0,0,0,0,0,0,0,0,0,0,1,1,1]" soldiers="[2060]" ziyuanArr="[0,0,0,0,0,0,0,0,0,0]" />
 <sample className="game.world.data.WorldMapCityData" name="巫峡关" sid="139" x="2311.2" y="2124.35" style="10" dixing="" citytype="0" start="3" fightPanelSize="500" castellanAward="2000" buffId="0" guojia="0" roadway="[131,132,140,142,143]" resourceArr="[0,1,1,1,1,1,1,1,1,1,0,0,0,0,0,0,0,0,0,0,0,0,0,0,0,0,0,0,0,1,1,1]" soldiers="[2061]" ziyuanArr="[0,0,0,0,0,0,0,0,0,0]" />
 <sample className="game.world.data.WorldMapCityData" name="白帝东" sid="140" x="2097.9" y="1948.8" style="5" dixing="" citytype="0" start="3" fightPanelSize="2500" castellanAward="2000" buffId="0" guojia="0" roadway="[139,141]" resourceArr="[0,1,1,1,1,1,1,1,1,1,0,0,0,0,0,0,0,0,0,0,0,0,0,0,0,0,0,0,0,1,1,1]" soldiers="[2062]" ziyuanArr="[0,0,0,0,0,0,0,0,0,0]" />
 <sample className="game.world.data.WorldMapCityData" name="白帝" sid="141" x="1841.35" y="1926.75" style="3" dixing="" citytype="0" start="3" fightPanelSize="1000" castellanAward="2000" buffId="0" guojia="0" roadway="[140,142,147,148]" resourceArr="[0,1,1,1,1,1,1,1,1,1,0,0,0,0,0,0,0,0,0,0,0,0,0,0,0,0,0,0,0,1,1,1]" soldiers="[2062]" ziyuanArr="[0,0,0,1,1,0,0,0,0,0]" />
 <sample className="game.world.data.WorldMapCityData" name="白帝南" sid="142" x="1736.8" y="2074.4" style="5" dixing="" citytype="0" start="3" fightPanelSize="2500" castellanAward="2000" buffId="0" guojia="0" roadway="[47,139,141,144]" resourceArr="[0,1,1,1,1,1,1,1,1,1,0,0,0,0,0,0,0,0,0,0,0,0,0,0,0,0,0,0,0,1,1,1]" soldiers="[2062]" ziyuanArr="[0,0,0,0,0,0,0,0,0,0]" />
 <sample className="game.world.data.WorldMapCityData" name="汉寿东" sid="143" x="2181.2" y="2343.3" style="5" dixing="" citytype="0" start="3" fightPanelSize="2500" castellanAward="2000" buffId="0" guojia="0" roadway="[139,144]" resourceArr="[0,1,1,1,1,1,1,1,1,1,0,0,0,0,0,0,0,0,0,0,0,0,0,0,0,0,0,0,0,1,1,1]" soldiers="[2063]" ziyuanArr="[0,0,0,0,0,0,0,0,0,0]" />
 <sample className="game.world.data.WorldMapCityData" name="汉寿" sid="144" x="1972.5" y="2439.9" style="3" dixing="" citytype="0" start="3" fightPanelSize="1000" castellanAward="2000" buffId="0" guojia="0" roadway="[142,143,145,146]" resourceArr="[0,1,1,1,1,1,1,1,1,1,0,0,0,0,0,0,0,0,0,0,0,0,0,0,0,0,0,0,0,1,1,1]" soldiers="[2063]" ziyuanArr="[0,0,1,0,1,0,0,0,0,0]" />
 <sample className="game.world.data.WorldMapCityData" name="汉寿西" sid="145" x="1717.85" y="2448.85" style="5" dixing="" citytype="0" start="3" fightPanelSize="2500" castellanAward="2000" buffId="0" guojia="0" roadway="[47,144,146]" resourceArr="[0,1,1,1,1,1,1,1,1,1,0,0,0,0,0,0,0,0,0,0,0,0,0,0,0,0,0,0,0,1,1,1]" soldiers="[2063]" ziyuanArr="[0,0,0,0,0,0,0,0,0,0]" />
 <sample className="game.world.data.WorldMapCityData" name="汉寿南" sid="146" x="1803.35" y="2603.4" style="5" dixing="" citytype="0" start="3" fightPanelSize="2500" castellanAward="2000" buffId="0" guojia="0" roadway="[43,145,144]" resourceArr="[0,1,1,1,1,1,1,1,1,1,0,0,0,0,0,0,0,0,0,0,0,0,0,0,0,0,0,0,0,1,1,1]" soldiers="[2063]" ziyuanArr="[0,0,0,0,0,0,0,0,0,0]" />
 <sample className="game.world.data.WorldMapCityData" name="白帝西" sid="147" x="1599" y="1887.65" style="5" dixing="" citytype="0" start="3" fightPanelSize="2500" castellanAward="2000" buffId="0" guojia="0" roadway="[46,141,148]" resourceArr="[0,1,1,1,1,1,1,1,1,1,0,0,0,0,0,0,0,0,0,0,0,0,0,0,0,0,0,0,0,1,1,1]" soldiers="[2062]" ziyuanArr="[0,0,0,0,0,0,0,0,0,0]" />
 <sample className="game.world.data.WorldMapCityData" name="白帝北" sid="148" x="1826.65" y="1732" style="5" dixing="" citytype="0" start="3" fightPanelSize="2500" castellanAward="2000" buffId="0" guojia="0" roadway="[50,147,141]" resourceArr="[0,1,1,1,1,1,1,1,1,1,0,0,0,0,0,0,0,0,0,0,0,0,0,0,0,0,0,0,0,1,1,1]" soldiers="[2062]" ziyuanArr="[0,0,0,0,0,0,0,0,0,0]" />
 <sample className="game.world.data.WorldMapCityData" name="夷陵" sid="149" x="2025.45" y="2873.15" style="8" dixing="" citytype="0" start="3" fightPanelSize="500" castellanAward="2000" buffId="0" guojia="0" roadway="[38,43,150,152]" resourceArr="[0,1,1,1,1,1,1,1,1,1,0,0,0,0,0,0,0,0,0,0,0,0,0,0,0,0,0,0,0,1,1,1]" soldiers="[2064]" ziyuanArr="[0,0,0,0,0,0,0,0,0,0]" />
 <sample className="game.world.data.WorldMapCityData" name="武陵" sid="150" x="2204.6" y="2908.8" style="3" dixing="" citytype="0" start="3" fightPanelSize="1000" castellanAward="2000" buffId="0" guojia="0" roadway="[149,151,154]" resourceArr="[0,1,1,1,1,1,1,1,1,1,0,0,0,0,0,0,0,0,0,0,0,0,0,0,0,0,0,0,0,1,1,1]" soldiers="[2065]" ziyuanArr="[0,0,1,0,1,0,0,0,0,0]" />
 <sample className="game.world.data.WorldMapCityData" name="武陵北" sid="151" x="2322.25" y="2768.85" style="5" dixing="" citytype="0" start="3" fightPanelSize="2500" castellanAward="2000" buffId="0" guojia="0" roadway="[150,154]" resourceArr="[0,1,1,1,1,1,1,1,1,1,0,0,0,0,0,0,0,0,0,0,0,0,0,0,0,0,0,0,0,1,1,1]" soldiers="[2065]" ziyuanArr="[0,0,0,0,0,0,0,0,0,0]" />
 <sample className="game.world.data.WorldMapCityData" name="零陵西" sid="152" x="2071.2" y="3105.45" style="5" dixing="" citytype="0" start="3" fightPanelSize="2500" castellanAward="2000" buffId="0" guojia="0" roadway="[149,157,158]" resourceArr="[0,1,1,1,1,1,1,1,1,1,0,0,0,0,0,0,0,0,0,0,0,0,0,0,0,0,0,0,0,1,1,1]" soldiers="[2066]" ziyuanArr="[0,0,0,0,0,0,0,0,0,0]" />
 <sample className="game.world.data.WorldMapCityData" name="长沙北" sid="153" x="2680.1" y="2728.85" style="5" dixing="" citytype="0" start="3" fightPanelSize="2500" castellanAward="2000" buffId="0" guojia="0" roadway="[154,155]" resourceArr="[0,1,1,1,1,1,1,1,1,1,0,0,0,0,0,0,0,0,0,0,0,0,0,0,0,0,0,0,0,1,1,1]" soldiers="[2067]" ziyuanArr="[0,0,0,0,0,0,0,0,0,0]" />
 <sample className="game.world.data.WorldMapCityData" name="衡阳北" sid="154" x="2505.65" y="2869.9" style="2" dixing="" citytype="0" start="3" fightPanelSize="2500" castellanAward="2000" buffId="0" guojia="0" roadway="[150,151,153,156]" resourceArr="[0,1,1,1,1,1,1,1,1,1,0,0,0,0,0,0,0,0,0,0,0,0,0,0,0,0,0,0,0,1,1,1]" soldiers="[2068]" ziyuanArr="[0,0,0,0,0,0,0,0,0,0]" />
 <sample className="game.world.data.WorldMapCityData" name="长沙" sid="155" x="2753.5" y="2913.35" style="3" dixing="" citytype="0" start="3" fightPanelSize="1000" castellanAward="2000" buffId="0" guojia="0" roadway="[153,156,160,162]" resourceArr="[0,1,1,1,1,1,1,1,1,1,0,0,0,0,0,0,0,0,0,0,0,0,0,0,0,0,0,0,0,1,1,1]" soldiers="[2067]" ziyuanArr="[0,0,0,1,1,0,0,0,0,0]" />
 <sample className="game.world.data.WorldMapCityData" name="衡阳" sid="156" x="2496.65" y="3032.2" style="3" dixing="" citytype="0" start="3" fightPanelSize="1000" castellanAward="2000" buffId="0" guojia="0" roadway="[154,155,157,160]" resourceArr="[0,1,1,1,1,1,1,1,1,1,0,0,0,0,0,0,0,0,0,0,0,0,0,0,0,0,0,0,0,1,1,1]" soldiers="[2068]" ziyuanArr="[0,1,1,0,0,0,0,0,0,0]" />
 <sample className="game.world.data.WorldMapCityData" name="零陵" sid="157" x="2320.1" y="3199.85" style="3" dixing="" citytype="0" start="3" fightPanelSize="1000" castellanAward="2000" buffId="0" guojia="0" roadway="[152,156,158,159]" resourceArr="[0,1,1,1,1,1,1,1,1,1,0,0,0,0,0,0,0,0,0,0,0,0,0,0,0,0,0,0,0,1,1,1]" soldiers="[2066]" ziyuanArr="[0,0,1,1,0,0,0,0,0,0]" />
 <sample className="game.world.data.WorldMapCityData" name="零陵南" sid="158" x="2284.6" y="3410.9" style="5" dixing="" citytype="0" start="3" fightPanelSize="2500" castellanAward="2000" buffId="0" guojia="0" roadway="[152,157,159]" resourceArr="[0,1,1,1,1,1,1,1,1,1,0,0,0,0,0,0,0,0,0,0,0,0,0,0,0,0,0,0,0,1,1,1]" soldiers="[2066]" ziyuanArr="[0,0,0,0,0,0,0,0,0,0]" />
 <sample className="game.world.data.WorldMapCityData" name="桂阳西" sid="159" x="2516.65" y="3267.65" style="2" dixing="" citytype="0" start="3" fightPanelSize="2500" castellanAward="2000" buffId="0" guojia="0" roadway="[157,158,160,161]" resourceArr="[0,1,1,1,1,1,1,1,1,1,0,0,0,0,0,0,0,0,0,0,0,0,0,0,0,0,0,0,0,1,1,1]" soldiers="[2069]" ziyuanArr="[0,0,0,0,0,0,0,0,0,0]" />
 <sample className="game.world.data.WorldMapCityData" name="桂阳" sid="160" x="2719.95" y="3183.35" style="3" dixing="" citytype="0" start="3" fightPanelSize="1000" castellanAward="2000" buffId="0" guojia="0" roadway="[155,156,159,161]" resourceArr="[0,1,1,1,1,1,1,1,1,1,0,0,0,0,0,0,0,0,0,0,0,0,0,0,0,0,0,0,0,1,1,1]" soldiers="[2069]" ziyuanArr="[0,1,0,1,0,0,0,0,0,0]" />
 <sample className="game.world.data.WorldMapCityData" name="桂阳南" sid="161" x="2809.1" y="3371.05" style="5" dixing="" citytype="0" start="3" fightPanelSize="2500" castellanAward="2000" buffId="0" guojia="0" roadway="[159,160,162]" resourceArr="[0,1,1,1,1,1,1,1,1,1,0,0,0,0,0,0,0,0,0,0,0,0,0,0,0,0,0,0,0,1,1,1]" soldiers="[2069]" ziyuanArr="[0,0,0,0,0,0,0,0,0,0]" />
 <sample className="game.world.data.WorldMapCityData" name="浔阳" sid="162" x="3065.55" y="2967.75" style="10" dixing="" citytype="0" start="3" fightPanelSize="500" castellanAward="2000" buffId="0" guojia="0" roadway="[155,161,163,164]" resourceArr="[0,1,1,1,1,1,1,1,1,1,0,0,0,0,0,0,0,0,0,0,0,0,0,0,0,0,0,0,0,1,1,1]" soldiers="[2070]" ziyuanArr="[0,0,0,0,0,0,0,0,0,0]" />
 <sample className="game.world.data.WorldMapCityData" name="浔阳水域" sid="163" x="3226.55" y="3205.4" style="6" dixing="" citytype="0" start="3" fightPanelSize="2500" castellanAward="2000" buffId="0" guojia="0" roadway="[162,165]" resourceArr="[0,1,1,1,1,1,1,1,1,1,0,0,0,0,0,0,0,0,0,0,0,0,0,0,0,0,0,0,0,1,1,1]" soldiers="[2070]" ziyuanArr="[0,0,0,0,0,0,0,0,0,0]" />
 <sample className="game.world.data.WorldMapCityData" name="建昌南" sid="164" x="3307.85" y="2808.85" style="2" dixing="" citytype="0" start="3" fightPanelSize="2500" castellanAward="2000" buffId="0" guojia="0" roadway="[162,165,178,179]" resourceArr="[0,1,1,1,1,1,1,1,1,1,0,0,0,0,0,0,0,0,0,0,0,0,0,0,0,0,0,0,0,1,1,1]" soldiers="[2071]" ziyuanArr="[0,0,0,0,0,0,0,0,0,0]" />
 <sample className="game.world.data.WorldMapCityData" name="武昌北" sid="165" x="3464.4" y="2986.6" style="2" dixing="" citytype="0" start="3" fightPanelSize="2500" castellanAward="2000" buffId="0" guojia="0" roadway="[163,164,166,169]" resourceArr="[0,1,1,1,1,1,1,1,1,1,0,0,0,0,0,0,0,0,0,0,0,0,0,0,0,0,0,0,0,1,1,1]" soldiers="[2072]" ziyuanArr="[0,0,0,0,0,0,0,0,0,0]" />
 <sample className="game.world.data.WorldMapCityData" name="武昌" sid="166" x="3500.2" y="3147.7" style="3" dixing="" citytype="0" start="3" fightPanelSize="1000" castellanAward="2000" buffId="0" guojia="0" roadway="[165,167,168]" resourceArr="[0,1,1,1,1,1,1,1,1,1,0,0,0,0,0,0,0,0,0,0,0,0,0,0,0,0,0,0,0,1,1,1]" soldiers="[2072]" ziyuanArr="[0,0,0,0,1,0,0,0,0,0]" />
 <sample className="game.world.data.WorldMapCityData" name="武昌南" sid="167" x="3473.5" y="3370.95" style="6" dixing="" citytype="0" start="3" fightPanelSize="2500" castellanAward="2000" buffId="0" guojia="0" roadway="[166]" resourceArr="[0,1,1,1,1,1,1,1,1,1,0,0,0,0,0,0,0,0,0,0,0,0,0,0,0,0,0,0,0,1,1,1]" soldiers="[2072]" ziyuanArr="[0,0,0,0,0,0,0,0,0,0]" />
 <sample className="game.world.data.WorldMapCityData" name="武昌东" sid="168" x="3822.25" y="3134.4" style="6" dixing="" citytype="0" start="3" fightPanelSize="2500" castellanAward="2000" buffId="0" guojia="0" roadway="[166,191]" resourceArr="[0,1,1,1,1,1,1,1,1,1,0,0,0,0,0,0,0,0,0,0,0,0,0,0,0,0,0,0,0,1,1,1]" soldiers="[2072]" ziyuanArr="[0,0,0,0,0,0,0,0,0,0]" />
 <sample className="game.world.data.WorldMapCityData" name="丹阳西" sid="169" x="3755.55" y="2795.4" style="6" dixing="" citytype="0" start="3" fightPanelSize="2500" castellanAward="2000" buffId="0" guojia="0" roadway="[165,171,173]" resourceArr="[0,1,1,1,1,1,1,1,1,1,0,0,0,0,0,0,0,0,0,0,0,0,0,0,0,0,0,0,0,1,1,1]" soldiers="[2073]" ziyuanArr="[0,0,0,0,0,0,0,0,0,0]" />
 <sample className="game.world.data.WorldMapCityData" name="鄱阳西" sid="170" x="3968.95" y="2888.95" style="6" dixing="" citytype="0" start="3" fightPanelSize="2500" castellanAward="2000" buffId="0" guojia="0" roadway="[171,191]" resourceArr="[0,1,1,1,1,1,1,1,1,1,0,0,0,0,0,0,0,0,0,0,0,0,0,0,0,0,0,0,0,1,1,1]" soldiers="[2074]" ziyuanArr="[0,0,0,0,0,0,0,0,0,0]" />
 <sample className="game.world.data.WorldMapCityData" name="丹阳南" sid="171" x="3959.05" y="2792.05" style="2" dixing="" citytype="0" start="3" fightPanelSize="2500" castellanAward="2000" buffId="0" guojia="0" roadway="[169,170,172,173]" resourceArr="[0,1,1,1,1,1,1,1,1,1,0,0,0,0,0,0,0,0,0,0,0,0,0,0,0,0,0,0,0,1,1,1]" soldiers="[2073]" ziyuanArr="[0,0,0,0,0,0,0,0,0,0]" />
 <sample className="game.world.data.WorldMapCityData" name="丹阳东" sid="172" x="4072.1" y="2571.05" style="6" dixing="" citytype="0" start="3" fightPanelSize="2500" castellanAward="2000" buffId="0" guojia="0" roadway="[171,186,187,173]" resourceArr="[0,1,1,1,1,1,1,1,1,1,0,0,0,0,0,0,0,0,0,0,0,0,0,0,0,0,0,0,0,1,1,1]" soldiers="[2073]" ziyuanArr="[0,0,0,0,0,0,0,0,0,0]" />
 <sample className="game.world.data.WorldMapCityData" name="丹阳" sid="173" x="3837.7" y="2651.1" style="3" dixing="" citytype="0" start="3" fightPanelSize="1000" castellanAward="2000" buffId="0" guojia="0" roadway="[169,171,172,174]" resourceArr="[0,1,1,1,1,1,1,1,1,1,0,0,0,0,0,0,0,0,0,0,0,0,0,0,0,0,0,0,0,1,1,1]" soldiers="[2073]" ziyuanArr="[0,0,0,1,0,0,0,0,0,0]" />
 <sample className="game.world.data.WorldMapCityData" name="丹阳北" sid="174" x="3822.35" y="2503.25" style="2" dixing="" citytype="0" start="3" fightPanelSize="2500" castellanAward="2000" buffId="0" guojia="0" roadway="[173,175,176,179,183]" resourceArr="[0,1,1,1,1,1,1,1,1,1,0,0,0,0,0,0,0,0,0,0,0,0,0,0,0,0,0,0,0,1,1,1]" soldiers="[2073]" ziyuanArr="[0,0,0,0,0,0,0,0,0,0]" />
 <sample className="game.world.data.WorldMapCityData" name="丹阳水域" sid="175" x="3757.7" y="2330" style="6" dixing="" citytype="0" start="3" fightPanelSize="2500" castellanAward="2000" buffId="0" guojia="0" roadway="[138,174]" resourceArr="[0,1,1,1,1,1,1,1,1,1,0,0,0,0,0,0,0,0,0,0,0,0,0,0,0,0,0,0,0,1,1,1]" soldiers="[2073]" ziyuanArr="[0,0,0,0,0,0,0,0,0,0]" />
 <sample className="game.world.data.WorldMapCityData" name="建昌水域" sid="176" x="3544.55" y="2336.6" style="6" dixing="" citytype="0" start="3" fightPanelSize="2500" castellanAward="2000" buffId="0" guojia="0" roadway="[174,179]" resourceArr="[0,1,1,1,1,1,1,1,1,1,0,0,0,0,0,0,0,0,0,0,0,0,0,0,0,0,0,0,0,1,1,1]" soldiers="[2071]" ziyuanArr="[0,0,0,0,0,0,0,0,0,0]" />
 <sample className="game.world.data.WorldMapCityData" name="建昌北" sid="177" x="3216.65" y="2339.85" style="2" dixing="" citytype="0" start="3" fightPanelSize="2500" castellanAward="2000" buffId="0" guojia="0" roadway="[178,179]" resourceArr="[0,1,1,1,1,1,1,1,1,1,0,0,0,0,0,0,0,0,0,0,0,0,0,0,0,0,0,0,0,1,1,1]" soldiers="[2071]" ziyuanArr="[0,0,0,0,0,0,0,0,0,0]" />
 <sample className="game.world.data.WorldMapCityData" name="建昌西" sid="178" x="3097.6" y="2611.05" style="6" dixing="" citytype="0" start="3" fightPanelSize="2500" castellanAward="2000" buffId="0" guojia="0" roadway="[164,177,179]" resourceArr="[0,1,1,1,1,1,1,1,1,1,0,0,0,0,0,0,0,0,0,0,0,0,0,0,0,0,0,0,0,1,1,1]" soldiers="[2071]" ziyuanArr="[0,0,0,0,0,0,0,0,0,0]" />
 <sample className="game.world.data.WorldMapCityData" name="建昌" sid="179" x="3340.2" y="2572" style="3" dixing="" citytype="0" start="3" fightPanelSize="1000" castellanAward="2000" buffId="0" guojia="0" roadway="[164,174,176,177,178]" resourceArr="[0,1,1,1,1,1,1,1,1,1,0,0,0,0,0,0,0,0,0,0,0,0,0,0,0,0,0,0,0,1,1,1]" soldiers="[2071]" ziyuanArr="[0,1,1,0,0,0,0,0,0,0]" />
 <sample className="game.world.data.WorldMapCityData" name="赤壁东" sid="180" x="4006.75" y="1968.8" style="2" dixing="" citytype="0" start="3" fightPanelSize="2500" castellanAward="2000" buffId="0" guojia="0" roadway="[138,181,186]" resourceArr="[0,1,1,1,1,1,1,1,1,1,0,0,0,0,0,0,0,0,0,0,0,0,0,0,0,0,0,0,0,1,1,1]" soldiers="[2060]" ziyuanArr="[0,0,0,0,0,0,0,0,0,0]" />
 <sample className="game.world.data.WorldMapCityData" name="曲阿西" sid="181" x="4066.65" y="1771" style="6" dixing="" citytype="0" start="3" fightPanelSize="2500" castellanAward="2000" buffId="0" guojia="0" roadway="[180,182]" resourceArr="[0,1,1,1,1,1,1,1,1,1,0,0,0,0,0,0,0,0,0,0,0,0,0,0,0,0,0,0,0,1,1,1]" soldiers="[2075]" ziyuanArr="[0,0,0,0,0,0,0,0,0,0]" />
 <sample className="game.world.data.WorldMapCityData" name="曲阿" sid="182" x="4295.7" y="1824.55" style="3" dixing="" citytype="0" start="3" fightPanelSize="1000" castellanAward="2000" buffId="0" guojia="0" roadway="[181,213]" resourceArr="[0,1,1,1,1,1,1,1,1,1,0,0,0,0,0,0,0,0,0,0,0,0,0,0,0,0,0,0,0,1,1,1]" soldiers="[2075]" ziyuanArr="[0,0,0,1,1,0,0,0,0,0]" />
 <sample className="game.world.data.WorldMapCityData" name="庐江水域" sid="183" x="4071.05" y="2216.55" style="6" dixing="" citytype="0" start="3" fightPanelSize="2500" castellanAward="2000" buffId="0" guojia="0" roadway="[138,174,186]" resourceArr="[0,1,1,1,1,1,1,1,1,1,0,0,0,0,0,0,0,0,0,0,0,0,0,0,0,0,0,0,0,1,1,1]" soldiers="[2076]" ziyuanArr="[0,0,0,0,0,0,0,0,0,0]" />
 <sample className="game.world.data.WorldMapCityData" name="九江西" sid="184" x="4388.65" y="2112.2" style="6" dixing="" citytype="0" start="3" fightPanelSize="2500" castellanAward="2000" buffId="0" guojia="0" roadway="[185]" resourceArr="[0,1,1,1,1,1,1,1,1,1,0,0,0,0,0,0,0,0,0,0,0,0,0,0,0,0,0,0,0,1,1,1]" soldiers="[2077]" ziyuanArr="[0,0,0,0,0,0,0,0,0,0]" />
 <sample className="game.world.data.WorldMapCityData" name="九江" sid="185" x="4507.75" y="2204.45" style="3" dixing="" citytype="0" start="3" fightPanelSize="1000" castellanAward="2000" buffId="0" guojia="0" roadway="[184,186,206,211,213]" resourceArr="[0,1,1,1,1,1,1,1,1,1,0,0,0,0,0,0,0,0,0,0,0,0,0,0,0,0,0,0,0,1,1,1]" soldiers="[2077]" ziyuanArr="[0,0,1,0,1,0,0,0,0,0]" />
 <sample className="game.world.data.WorldMapCityData" name="庐江" sid="186" x="4330.25" y="2394.25" style="3" dixing="" citytype="0" start="3" fightPanelSize="1000" castellanAward="2000" buffId="0" guojia="0" roadway="[172,180,183,185,187]" resourceArr="[0,1,1,1,1,1,1,1,1,1,0,0,0,0,0,0,0,0,0,0,0,0,0,0,0,0,0,0,0,1,1,1]" soldiers="[2076]" ziyuanArr="[0,0,1,1,0,0,0,0,0,0]" />
 <sample className="game.world.data.WorldMapCityData" name="汉津" sid="187" x="4291.15" y="2602.15" style="3" dixing="" citytype="0" start="3" fightPanelSize="1000" castellanAward="2000" buffId="0" guojia="0" roadway="[172,186,188,189,190]" resourceArr="[0,1,1,1,1,1,1,1,1,1,0,0,0,0,0,0,0,0,0,0,0,0,0,0,0,0,0,0,0,1,1,1]" soldiers="[2078]" ziyuanArr="[0,0,0,1,1,0,0,0,0,0]" />
 <sample className="game.world.data.WorldMapCityData" name="汉津南" sid="188" x="4258.95" y="2821.1" style="6" dixing="" citytype="0" start="3" fightPanelSize="2500" castellanAward="2000" buffId="0" guojia="0" roadway="[187,190,191]" resourceArr="[0,1,1,1,1,1,1,1,1,1,0,0,0,0,0,0,0,0,0,0,0,0,0,0,0,0,0,0,0,1,1,1]" soldiers="[2078]" ziyuanArr="[0,0,0,0,0,0,0,0,0,0]" />
 <sample className="game.world.data.WorldMapCityData" name="汉津东" sid="189" x="4559.1" y="2672.1" style="2" dixing="" citytype="0" start="3" fightPanelSize="2500" castellanAward="2000" buffId="0" guojia="0" roadway="[187,190,201,203,204]" resourceArr="[0,1,1,1,1,1,1,1,1,1,0,0,0,0,0,0,0,0,0,0,0,0,0,0,0,0,0,0,0,1,1,1]" soldiers="[2078]" ziyuanArr="[0,0,0,0,0,0,0,0,0,0]" />
 <sample className="game.world.data.WorldMapCityData" name="湖口" sid="190" x="4494.45" y="2946.7" style="3" dixing="" citytype="0" start="3" fightPanelSize="1000" castellanAward="2000" buffId="0" guojia="0" roadway="[187,188,189,192]" resourceArr="[0,1,1,1,1,1,1,1,1,1,0,0,0,0,0,0,0,0,0,0,0,0,0,0,0,0,0,0,0,1,1,1]" soldiers="[2079]" ziyuanArr="[0,0,0,1,0,0,0,0,0,0]" />
 <sample className="game.world.data.WorldMapCityData" name="鄱阳" sid="191" x="4186.6" y="3056.55" style="3" dixing="" citytype="0" start="3" fightPanelSize="1000" castellanAward="2000" buffId="0" guojia="0" roadway="[168,170,188,192]" resourceArr="[0,1,1,1,1,1,1,1,1,1,0,0,0,0,0,0,0,0,0,0,0,0,0,0,0,0,0,0,0,1,1,1]" soldiers="[2074]" ziyuanArr="[0,1,0,0,0,0,0,0,0,0]" />
 <sample className="game.world.data.WorldMapCityData" name="建业" sid="192" x="4404.45" y="3162.15" style="4" dixing="" citytype="1" start="3" fightPanelSize="1000" castellanAward="2000" buffId="0" guojia="3" roadway="[190,191,193,194,195]" resourceArr="[0,1,1,1,1,1,1,1,1,1,0,0,0,0,0,0,0,0,0,0,0,0,0,0,0,0,0,0,0,1,1,1]" soldiers="[2080]" ziyuanArr="[0,0,0,0,0,0,0,0,0,0]" />
 <sample className="game.world.data.WorldMapCityData" name="建业水域" sid="193" x="4132.3" y="3209.95" style="6" dixing="" citytype="0" start="3" fightPanelSize="2500" castellanAward="2000" buffId="0" guojia="0" roadway="[192]" resourceArr="[0,1,1,1,1,1,1,1,1,1,0,0,0,0,0,0,0,0,0,0,0,0,0,0,0,0,0,0,0,1,1,1]" soldiers="[2080]" ziyuanArr="[0,0,0,0,0,0,0,0,0,0]" />
 <sample className="game.world.data.WorldMapCityData" name="建业南" sid="194" x="4482.15" y="3374.35" style="6" dixing="" citytype="0" start="3" fightPanelSize="2500" castellanAward="2000" buffId="0" guojia="0" roadway="[192,195]" resourceArr="[0,1,1,1,1,1,1,1,1,1,0,0,0,0,0,0,0,0,0,0,0,0,0,0,0,0,0,0,0,1,1,1]" soldiers="[2080]" ziyuanArr="[0,0,0,0,0,0,0,0,0,0]" />
 <sample className="game.world.data.WorldMapCityData" name="广陵" sid="195" x="4713.25" y="3254.3" style="3" dixing="" citytype="0" start="3" fightPanelSize="1000" castellanAward="2000" buffId="0" guojia="0" roadway="[192,194,196,198,200]" resourceArr="[0,1,1,1,1,1,1,1,1,1,0,0,0,0,0,0,0,0,0,0,0,0,0,0,0,0,0,0,0,1,1,1]" soldiers="[2081]" ziyuanArr="[0,0,1,0,0,0,0,0,0,0]" />
 <sample className="game.world.data.WorldMapCityData" name="广陵南" sid="196" x="4773.45" y="3488.8" style="2" dixing="" citytype="0" start="3" fightPanelSize="2500" castellanAward="2000" buffId="0" guojia="0" roadway="[195]" resourceArr="[0,1,1,1,1,1,1,1,1,1,0,0,0,0,0,0,0,0,0,0,0,0,0,0,0,0,0,0,0,1,1,1]" soldiers="[2081]" ziyuanArr="[0,0,0,0,0,0,0,0,0,0]" />
 <sample className="game.world.data.WorldMapCityData" name="东夷城" sid="197" x="5159.2" y="3395.6" style="4" dixing="" citytype="2" start="3" fightPanelSize="2500" castellanAward="2000" buffId="0" guojia="0" roadway="[199]" resourceArr="[0,1,1,1,1,1,1,1,1,1,0,0,0,0,0,0,0,0,0,0,0,0,0,0,0,0,0,0,0,1,1,1]" soldiers="[2000]" ziyuanArr="[0,0,0,0,0,0,0,0,0,0]" />
 <sample className="game.world.data.WorldMapCityData" name="广陵东" sid="198" x="4960.4" y="3204.5" style="6" dixing="" citytype="0" start="3" fightPanelSize="2500" castellanAward="2000" buffId="0" guojia="0" roadway="[195,199]" resourceArr="[0,1,1,1,1,1,1,1,1,1,0,0,0,0,0,0,0,0,0,0,0,0,0,0,0,0,0,0,0,1,1,1]" soldiers="[2081]" ziyuanArr="[0,0,0,0,0,0,0,0,0,0]" />
 <sample className="game.world.data.WorldMapCityData" name="会稽" sid="199" x="5206.7" y="3205.5" style="3" dixing="" citytype="0" start="3" fightPanelSize="1000" castellanAward="2000" buffId="0" guojia="0" roadway="[197,198,200,249,251]" resourceArr="[0,1,1,1,1,1,1,1,1,1,0,0,0,0,0,0,0,0,0,0,0,0,0,0,0,0,0,0,0,1,1,1]" soldiers="[2082]" ziyuanArr="[0,0,1,0,0,0,0,0,0,0]" />
 <sample className="game.world.data.WorldMapCityData" name="吴郡" sid="200" x="4862.25" y="2979.8" style="3" dixing="" citytype="0" start="3" fightPanelSize="1000" castellanAward="2000" buffId="0" guojia="0" roadway="[195,199,201]" resourceArr="[0,1,1,1,1,1,1,1,1,1,0,0,0,0,0,0,0,0,0,0,0,0,0,0,0,0,0,0,0,1,1,1]" soldiers="[2083]" ziyuanArr="[0,0,0,0,1,0,0,0,0,0]" />
 <sample className="game.world.data.WorldMapCityData" name="吴郡北" sid="201" x="4752.3" y="2828.75" style="6" dixing="" citytype="0" start="3" fightPanelSize="2500" castellanAward="2000" buffId="0" guojia="0" roadway="[189,200,202]" resourceArr="[0,1,1,1,1,1,1,1,1,1,0,0,0,0,0,0,0,0,0,0,0,0,0,0,0,0,0,0,0,1,1,1]" soldiers="[2083]" ziyuanArr="[0,0,0,0,0,0,0,0,0,0]" />
 <sample className="game.world.data.WorldMapCityData" name="吴郡水域" sid="202" x="5033.5" y="2859.8" style="6" dixing="" citytype="0" start="3" fightPanelSize="2500" castellanAward="2000" buffId="0" guojia="0" roadway="[201,203]" resourceArr="[0,1,1,1,1,1,1,1,1,1,0,0,0,0,0,0,0,0,0,0,0,0,0,0,0,0,0,0,0,1,1,1]" soldiers="[2083]" ziyuanArr="[0,0,0,0,0,0,0,0,0,0]" />
 <sample className="game.world.data.WorldMapCityData" name="南昌南" sid="203" x="4983.6" y="2734.2" style="6" dixing="" citytype="0" start="3" fightPanelSize="2500" castellanAward="2000" buffId="0" guojia="0" roadway="[189,202,205,209]" resourceArr="[0,1,1,1,1,1,1,1,1,1,0,0,0,0,0,0,0,0,0,0,0,0,0,0,0,0,0,0,0,1,1,1]" soldiers="[2084]" ziyuanArr="[0,0,0,0,0,0,0,0,0,0]" />
 <sample className="game.world.data.WorldMapCityData" name="南昌西" sid="204" x="4774.55" y="2506.55" style="2" dixing="" citytype="0" start="3" fightPanelSize="2500" castellanAward="2000" buffId="0" guojia="0" roadway="[189,206,205]" resourceArr="[0,1,1,1,1,1,1,1,1,1,0,0,0,0,0,0,0,0,0,0,0,0,0,0,0,0,0,0,0,1,1,1]" soldiers="[2084]" ziyuanArr="[0,0,0,0,0,0,0,0,0,0]" />
 <sample className="game.world.data.WorldMapCityData" name="南昌" sid="205" x="5035.9" y="2477.75" style="3" dixing="" citytype="0" start="3" fightPanelSize="1000" castellanAward="2000" buffId="0" guojia="0" roadway="[203,204,207,208]" resourceArr="[0,1,1,1,1,1,1,1,1,1,0,0,0,0,0,0,0,0,0,0,0,0,0,0,0,0,0,0,0,1,1,1]" soldiers="[2084]" ziyuanArr="[0,1,0,1,0,0,0,0,0,0]" />
 <sample className="game.world.data.WorldMapCityData" name="九江东" sid="206" x="4765.5" y="2252.05" style="6" dixing="" citytype="0" start="3" fightPanelSize="2500" castellanAward="2000" buffId="0" guojia="0" roadway="[185,204,207]" resourceArr="[0,1,1,1,1,1,1,1,1,1,0,0,0,0,0,0,0,0,0,0,0,0,0,0,0,0,0,0,0,1,1,1]" soldiers="[2077]" ziyuanArr="[0,0,0,0,0,0,0,0,0,0]" />
 <sample className="game.world.data.WorldMapCityData" name="南昌北" sid="207" x="5044.6" y="2262.2" style="2" dixing="" citytype="0" start="3" fightPanelSize="2500" castellanAward="2000" buffId="0" guojia="0" roadway="[205,206,210]" resourceArr="[0,1,1,1,1,1,1,1,1,1,0,0,0,0,0,0,0,0,0,0,0,0,0,0,0,0,0,0,0,1,1,1]" soldiers="[2084]" ziyuanArr="[0,0,0,0,0,0,0,0,0,0]" />
 <sample className="game.world.data.WorldMapCityData" name="南昌东" sid="208" x="5360" y="2480" style="6" dixing="" citytype="0" start="3" fightPanelSize="2500" castellanAward="2000" buffId="0" guojia="0" roadway="[205,244,247]" resourceArr="[0,1,1,1,1,1,1,1,1,1,0,0,0,0,0,0,0,0,0,0,0,0,0,0,0,0,0,0,0,1,1,1]" soldiers="[2084]" ziyuanArr="[0,0,0,0,0,0,0,0,0,0]" />
 <sample className="game.world.data.WorldMapCityData" name="建安郊外" sid="209" x="5338.9" y="2714.5" style="2" dixing="" citytype="0" start="3" fightPanelSize="2500" castellanAward="2000" buffId="0" guojia="0" roadway="[203,248]" resourceArr="[0,1,1,1,1,1,1,1,1,1,0,0,0,0,0,0,0,0,0,0,0,0,0,0,0,0,0,0,0,1,1,1]" soldiers="[2085]" ziyuanArr="[0,0,0,0,0,0,0,0,0,0]" />
 <sample className="game.world.data.WorldMapCityData" name="江都西" sid="210" x="5082.35" y="2114.4" style="6" dixing="" citytype="0" start="3" fightPanelSize="2500" castellanAward="2000" buffId="0" guojia="0" roadway="[207,211,212,244]" resourceArr="[0,1,1,1,1,1,1,1,1,1,0,0,0,0,0,0,0,0,0,0,0,0,0,0,0,0,0,0,0,1,1,1]" soldiers="[2086]" ziyuanArr="[0,0,0,0,0,0,0,0,0,0]" />
 <sample className="game.world.data.WorldMapCityData" name="濡须坞南" sid="211" x="4854.5" y="2013.35" style="2" dixing="" citytype="0" start="3" fightPanelSize="2500" castellanAward="2000" buffId="0" guojia="0" roadway="[185,210,213,214]" resourceArr="[0,1,1,1,1,1,1,1,1,1,0,0,0,0,0,0,0,0,0,0,0,0,0,0,0,0,0,0,0,1,1,1]" soldiers="[2087]" ziyuanArr="[0,0,0,0,0,0,0,0,0,0]" />
 <sample className="game.world.data.WorldMapCityData" name="濡须坞东" sid="212" x="5071.1" y="1865.7" style="2" dixing="" citytype="0" start="3" fightPanelSize="2500" castellanAward="2000" buffId="0" guojia="0" roadway="[210,214]" resourceArr="[0,1,1,1,1,1,1,1,1,1,0,0,0,0,0,0,0,0,0,0,0,0,0,0,0,0,0,0,0,1,1,1]" soldiers="[2087]" ziyuanArr="[0,0,0,0,0,0,0,0,0,0]" />
 <sample className="game.world.data.WorldMapCityData" name="九江北" sid="213" x="4586.75" y="1955.55" style="2" dixing="" citytype="0" start="3" fightPanelSize="2500" castellanAward="2000" buffId="0" guojia="0" roadway="[182,185,211]" resourceArr="[0,1,1,1,1,1,1,1,1,1,0,0,0,0,0,0,0,0,0,0,0,0,0,0,0,0,0,0,0,1,1,1]" soldiers="[2077]" ziyuanArr="[0,0,0,0,0,0,0,0,0,0]" />
 <sample className="game.world.data.WorldMapCityData" name="濡须坞" sid="214" x="4853.35" y="1804.3" style="8" dixing="" citytype="0" start="3" fightPanelSize="500" castellanAward="2000" buffId="0" guojia="0" roadway="[211,212,215,216]" resourceArr="[0,1,1,1,1,1,1,1,1,1,0,0,0,0,0,0,0,0,0,0,0,0,0,0,0,0,0,0,0,1,1,1]" soldiers="[2087]" ziyuanArr="[0,0,0,0,0,0,0,0,0,0]" />
 <sample className="game.world.data.WorldMapCityData" name="合肥" sid="215" x="5147.7" y="1656.75" style="3" dixing="" citytype="0" start="3" fightPanelSize="1000" castellanAward="2000" buffId="0" guojia="0" roadway="[214,227,242,243]" resourceArr="[0,1,1,1,1,1,1,1,1,1,0,0,0,0,0,0,0,0,0,0,0,0,0,0,0,0,0,0,0,1,1,1]" soldiers="[2088]" ziyuanArr="[0,0,1,1,0,0,0,0,0,0]" />
 <sample className="game.world.data.WorldMapCityData" name="寿春" sid="216" x="4547.85" y="1739.9" style="3" dixing="" citytype="0" start="3" fightPanelSize="1000" castellanAward="2000" buffId="0" guojia="0" roadway="[214,217]" resourceArr="[0,1,1,1,1,1,1,1,1,1,0,0,0,0,0,0,0,0,0,0,0,0,0,0,0,0,0,0,0,1,1,1]" soldiers="[2089]" ziyuanArr="[0,1,0,0,1,0,0,0,0,0]" />
 <sample className="game.world.data.WorldMapCityData" name="寿春西" sid="217" x="4369.9" y="1635.4" style="6" dixing="" citytype="0" start="3" fightPanelSize="2500" castellanAward="2000" buffId="0" guojia="0" roadway="[216,218,219,220]" resourceArr="[0,1,1,1,1,1,1,1,1,1,0,0,0,0,0,0,0,0,0,0,0,0,0,0,0,0,0,0,0,1,1,1]" soldiers="[2089]" ziyuanArr="[0,0,0,0,0,0,0,0,0,0]" />
 <sample className="game.world.data.WorldMapCityData" name="寿春水域" sid="218" x="4181.05" y="1617.6" style="6" dixing="" citytype="0" start="3" fightPanelSize="2500" castellanAward="2000" buffId="0" guojia="0" roadway="[217,219]" resourceArr="[0,1,1,1,1,1,1,1,1,1,0,0,0,0,0,0,0,0,0,0,0,0,0,0,0,0,0,0,0,1,1,1]" soldiers="[2089]" ziyuanArr="[0,0,0,0,0,0,0,0,0,0]" />
 <sample className="game.world.data.WorldMapCityData" name="下邳郊外" sid="219" x="4303.2" y="1451.05" style="5" dixing="" citytype="0" start="3" fightPanelSize="2500" castellanAward="2000" buffId="0" guojia="0" roadway="[217,218,222,223]" resourceArr="[0,1,1,1,1,1,1,1,1,1,0,0,0,0,0,0,0,0,0,0,0,0,0,0,0,0,0,0,0,1,1,1]" soldiers="[2090]" ziyuanArr="[0,0,0,0,0,0,0,0,0,0]" />
 <sample className="game.world.data.WorldMapCityData" name="徐州西" sid="220" x="4564.5" y="1523.3" style="2" dixing="" citytype="0" start="3" fightPanelSize="2500" castellanAward="2000" buffId="0" guojia="0" roadway="[217,221]" resourceArr="[0,1,1,1,1,1,1,1,1,1,0,0,0,0,0,0,0,0,0,0,0,0,0,0,0,0,0,0,0,1,1,1]" soldiers="[2091]" ziyuanArr="[0,0,0,0,0,0,0,0,0,0]" />
 <sample className="game.world.data.WorldMapCityData" name="徐州" sid="221" x="4791.1" y="1463.2" style="3" dixing="" citytype="0" start="3" fightPanelSize="1000" castellanAward="2000" buffId="0" guojia="0" roadway="[220,222,226,227]" resourceArr="[0,1,1,1,1,1,1,1,1,1,0,0,0,0,0,0,0,0,0,0,0,0,0,0,0,0,0,0,0,1,1,1]" soldiers="[2091]" ziyuanArr="[0,0,1,0,1,0,0,0,0,0]" />
 <sample className="game.world.data.WorldMapCityData" name="下邳南" sid="222" x="4581.1" y="1357.75" style="2" dixing="" citytype="0" start="3" fightPanelSize="2500" castellanAward="2000" buffId="0" guojia="0" roadway="[219,221,223,224]" resourceArr="[0,1,1,1,1,1,1,1,1,1,0,0,0,0,0,0,0,0,0,0,0,0,0,0,0,0,0,0,0,1,1,1]" soldiers="[2090]" ziyuanArr="[0,0,0,0,0,0,0,0,0,0]" />
 <sample className="game.world.data.WorldMapCityData" name="下邳西" sid="223" x="4380.3" y="1236.55" style="5" dixing="" citytype="0" start="3" fightPanelSize="2500" castellanAward="2000" buffId="0" guojia="0" roadway="[219,222,224]" resourceArr="[0,1,1,1,1,1,1,1,1,1,0,0,0,0,0,0,0,0,0,0,0,0,0,0,0,0,0,0,0,1,1,1]" soldiers="[2090]" ziyuanArr="[0,0,0,0,0,0,0,0,0,0]" />
 <sample className="game.world.data.WorldMapCityData" name="下邳" sid="224" x="4595.55" y="1150.95" style="3" dixing="" citytype="0" start="3" fightPanelSize="1000" castellanAward="2000" buffId="0" guojia="0" roadway="[222,223,225]" resourceArr="[0,1,1,1,1,1,1,1,1,1,0,0,0,0,0,0,0,0,0,0,0,0,0,0,0,0,0,0,0,1,1,1]" soldiers="[2090]" ziyuanArr="[0,1,1,0,0,0,0,0,0,0]" />
 <sample className="game.world.data.WorldMapCityData" name="下邳东" sid="225" x="4821.1" y="1231.05" style="2" dixing="" citytype="0" start="3" fightPanelSize="2500" castellanAward="2000" buffId="0" guojia="0" roadway="[224,229,228]" resourceArr="[0,1,1,1,1,1,1,1,1,1,0,0,0,0,0,0,0,0,0,0,0,0,0,0,0,0,0,0,0,1,1,1]" soldiers="[2090]" ziyuanArr="[0,0,0,0,0,0,0,0,0,0]" />
 <sample className="game.world.data.WorldMapCityData" name="临淄西" sid="226" x="5036.7" y="1322.2" style="2" dixing="" citytype="0" start="3" fightPanelSize="2500" castellanAward="2000" buffId="0" guojia="0" roadway="[221,227,228]" resourceArr="[0,1,1,1,1,1,1,1,1,1,0,0,0,0,0,0,0,0,0,0,0,0,0,0,0,0,0,0,0,1,1,1]" soldiers="[2092]" ziyuanArr="[0,0,0,0,0,0,0,0,0,0]" />
 <sample className="game.world.data.WorldMapCityData" name="合肥北" sid="227" x="5254.6" y="1442.25" style="2" dixing="" citytype="0" start="3" fightPanelSize="2500" castellanAward="2000" buffId="0" guojia="0" roadway="[215,221,226,241]" resourceArr="[0,1,1,1,1,1,1,1,1,1,0,0,0,0,0,0,0,0,0,0,0,0,0,0,0,0,0,0,0,1,1,1]" soldiers="[2088]" ziyuanArr="[0,0,0,0,0,0,0,0,0,0]" />
 <sample className="game.world.data.WorldMapCityData" name="临淄" sid="228" x="5278.9" y="1245.45" style="3" dixing="" citytype="0" start="3" fightPanelSize="1000" castellanAward="2000" buffId="0" guojia="0" roadway="[226,225,229,239,240]" resourceArr="[0,1,1,1,1,1,1,1,1,1,0,0,0,0,0,0,0,0,0,0,0,0,0,0,0,0,0,0,0,1,1,1]" soldiers="[2092]" ziyuanArr="[0,1,1,0,0,0,0,0,0,0]" />
 <sample className="game.world.data.WorldMapCityData" name="官渡" sid="229" x="4973.45" y="1074.35" style="8" dixing="" citytype="0" start="3" fightPanelSize="500" castellanAward="2000" buffId="0" guojia="0" roadway="[113,225,228,230]" resourceArr="[0,1,1,1,1,1,1,1,1,1,0,0,0,0,0,0,0,0,0,0,0,0,0,0,0,0,0,0,0,1,1,1]" soldiers="[2093]" ziyuanArr="[0,0,0,0,0,0,0,0,0,0]" />
 <sample className="game.world.data.WorldMapCityData" name="东海西" sid="230" x="5175.6" y="902.15" style="2" dixing="" citytype="0" start="3" fightPanelSize="2500" castellanAward="2000" buffId="0" guojia="0" roadway="[114,229,231,232]" resourceArr="[0,1,1,1,1,1,1,1,1,1,0,0,0,0,0,0,0,0,0,0,0,0,0,0,0,0,0,0,0,1,1,1]" soldiers="[2094]" ziyuanArr="[0,0,0,0,0,0,0,0,0,0]" />
 <sample className="game.world.data.WorldMapCityData" name="东海" sid="231" x="5401.3" y="848.95" style="1" dixing="" citytype="0" start="3" fightPanelSize="1000" castellanAward="2000" buffId="0" guojia="0" roadway="[230,233,234]" resourceArr="[0,1,1,1,1,1,1,1,1,1,0,0,0,0,0,0,0,0,0,0,0,0,0,0,0,0,0,0,0,1,1,1]" soldiers="[2094]" ziyuanArr="[0,0,0,1,1,0,0,0,0,0]" />
 <sample className="game.world.data.WorldMapCityData" name="东海南" sid="232" x="5459.95" y="1031.15" style="5" dixing="" citytype="0" start="3" fightPanelSize="2500" castellanAward="2000" buffId="0" guojia="0" roadway="[230,233]" resourceArr="[0,1,1,1,1,1,1,1,1,1,0,0,0,0,0,0,0,0,0,0,0,0,0,0,0,0,0,0,0,1,1,1]" soldiers="[2094]" ziyuanArr="[0,0,0,0,0,0,0,0,0,0]" />
 <sample className="game.world.data.WorldMapCityData" name="东海东" sid="233" x="5643.35" y="894.35" style="2" dixing="" citytype="0" start="3" fightPanelSize="2500" castellanAward="2000" buffId="0" guojia="0" roadway="[231,232]" resourceArr="[0,1,1,1,1,1,1,1,1,1,0,0,0,0,0,0,0,0,0,0,0,0,0,0,0,0,0,0,0,1,1,1]" soldiers="[2094]" ziyuanArr="[0,0,0,0,0,0,0,0,0,0]" />
 <sample className="game.world.data.WorldMapCityData" name="东海北" sid="234" x="5414.5" y="677.55" style="2" dixing="" citytype="0" start="3" fightPanelSize="2500" castellanAward="2000" buffId="0" guojia="0" roadway="[231,235]" resourceArr="[0,1,1,1,1,1,1,1,1,1,0,0,0,0,0,0,0,0,0,0,0,0,0,0,0,0,0,0,0,1,1,1]" soldiers="[2094]" ziyuanArr="[0,0,0,0,0,0,0,0,0,0]" />
 <sample className="game.world.data.WorldMapCityData" name="北平南" sid="235" x="5299.05" y="528.8" style="2" dixing="" citytype="0" start="3" fightPanelSize="2500" castellanAward="2000" buffId="0" guojia="0" roadway="[110,234,237,238]" resourceArr="[0,1,1,1,1,1,1,1,1,1,0,0,0,0,0,0,0,0,0,0,0,0,0,0,0,0,0,0,0,1,1,1]" soldiers="[2041]" ziyuanArr="[0,0,0,0,0,0,0,0,0,0]" />
 <sample className="game.world.data.WorldMapCityData" name="北平北" sid="236" x="5240.05" y="185.5" style="2" dixing="" citytype="0" start="3" fightPanelSize="2500" castellanAward="2000" buffId="0" guojia="0" roadway="[108,237]" resourceArr="[0,1,1,1,1,1,1,1,1,1,0,0,0,0,0,0,0,0,0,0,0,0,0,0,0,0,0,0,0,1,1,1]" soldiers="[2041]" ziyuanArr="[0,0,0,0,0,0,0,0,0,0]" />
 <sample className="game.world.data.WorldMapCityData" name="北平" sid="237" x="5356.95" y="346.55" style="1" dixing="" citytype="0" start="3" fightPanelSize="1000" castellanAward="2000" buffId="0" guojia="0" roadway="[108,235,236,238]" resourceArr="[0,1,1,1,1,1,1,1,1,1,0,0,0,0,0,0,0,0,0,0,0,0,0,0,0,0,0,0,0,1,1,1]" soldiers="[2041]" ziyuanArr="[0,1,1,0,0,0,0,0,0,0]" />
 <sample className="game.world.data.WorldMapCityData" name="北平东" sid="238" x="5631.05" y="355.5" style="2" dixing="" citytype="0" start="3" fightPanelSize="2500" castellanAward="2000" buffId="0" guojia="0" roadway="[235,237]" resourceArr="[0,1,1,1,1,1,1,1,1,1,0,0,0,0,0,0,0,0,0,0,0,0,0,0,0,0,0,0,0,1,1,1]" soldiers="[2041]" ziyuanArr="[0,0,0,0,0,0,0,0,0,0]" />
 <sample className="game.world.data.WorldMapCityData" name="临淄东" sid="239" x="5562.45" y="1220.95" style="6" dixing="" citytype="0" start="3" fightPanelSize="2500" castellanAward="2000" buffId="0" guojia="0" roadway="[228,240]" resourceArr="[0,1,1,1,1,1,1,1,1,1,0,0,0,0,0,0,0,0,0,0,0,0,0,0,0,0,0,0,0,1,1,1]" soldiers="[2092]" ziyuanArr="[0,0,0,0,0,0,0,0,0,0]" />
 <sample className="game.world.data.WorldMapCityData" name="临淄水域" sid="240" x="5540" y="1405.5" style="6" dixing="" citytype="0" start="3" fightPanelSize="2500" castellanAward="2000" buffId="0" guojia="0" roadway="[228,239]" resourceArr="[0,1,1,1,1,1,1,1,1,1,0,0,0,0,0,0,0,0,0,0,0,0,0,0,0,0,0,0,0,1,1,1]" soldiers="[2092]" ziyuanArr="[0,0,0,0,0,0,0,0,0,0]" />
 <sample className="game.world.data.WorldMapCityData" name="合肥东" sid="241" x="5472" y="1564" style="2" dixing="" citytype="0" start="3" fightPanelSize="2500" castellanAward="2000" buffId="0" guojia="0" roadway="[227,242]" resourceArr="[0,1,1,1,1,1,1,1,1,1,0,0,0,0,0,0,0,0,0,0,0,0,0,0,0,0,0,0,0,1,1,1]" soldiers="[2088]" ziyuanArr="[0,0,0,0,0,0,0,0,0,0]" />
 <sample className="game.world.data.WorldMapCityData" name="合肥水域" sid="242" x="5519" y="1744" style="6" dixing="" citytype="0" start="3" fightPanelSize="2500" castellanAward="2000" buffId="0" guojia="0" roadway="[215,241,243]" resourceArr="[0,1,1,1,1,1,1,1,1,1,0,0,0,0,0,0,0,0,0,0,0,0,0,0,0,0,0,0,0,1,1,1]" soldiers="[2088]" ziyuanArr="[0,0,0,0,0,0,0,0,0,0]" />
 <sample className="game.world.data.WorldMapCityData" name="合肥南" sid="243" x="5336" y="1897" style="6" dixing="" citytype="0" start="3" fightPanelSize="2500" castellanAward="2000" buffId="0" guojia="0" roadway="[215,242]" resourceArr="[0,1,1,1,1,1,1,1,1,1,0,0,0,0,0,0,0,0,0,0,0,0,0,0,0,0,0,0,0,1,1,1]" soldiers="[2088]" ziyuanArr="[0,0,0,0,0,0,0,0,0,0]" />
 <sample className="game.world.data.WorldMapCityData" name="江都" sid="244" x="5518" y="2108" style="3" dixing="" citytype="0" start="3" fightPanelSize="1000" castellanAward="2000" buffId="0" guojia="0" roadway="[208,210,245,246]" resourceArr="[0,1,1,1,1,1,1,1,1,1,0,0,0,0,0,0,0,0,0,0,0,0,0,0,0,0,0,0,0,1,1,1]" soldiers="[2086]" ziyuanArr="[0,1,0,0,1,0,0,0,0,0]" />
 <sample className="game.world.data.WorldMapCityData" name="江都北" sid="245" x="5600" y="1831" style="6" dixing="" citytype="0" start="3" fightPanelSize="2500" castellanAward="2000" buffId="0" guojia="0" roadway="[244,246]" resourceArr="[0,1,1,1,1,1,1,1,1,1,0,0,0,0,0,0,0,0,0,0,0,0,0,0,0,0,0,0,0,1,1,1]" soldiers="[2086]" ziyuanArr="[0,0,0,0,0,0,0,0,0,0]" />
 <sample className="game.world.data.WorldMapCityData" name="江都水域" sid="246" x="5726" y="2290" style="6" dixing="" citytype="0" start="3" fightPanelSize="2500" castellanAward="2000" buffId="0" guojia="0" roadway="[244,245]" resourceArr="[0,1,1,1,1,1,1,1,1,1,0,0,0,0,0,0,0,0,0,0,0,0,0,0,0,0,0,0,0,1,1,1]" soldiers="[2086]" ziyuanArr="[0,0,0,0,0,0,0,0,0,0]" />
 <sample className="game.world.data.WorldMapCityData" name="建安北" sid="247" x="5638" y="2666" style="2" dixing="" citytype="0" start="3" fightPanelSize="2500" castellanAward="2000" buffId="0" guojia="0" roadway="[208,248]" resourceArr="[0,1,1,1,1,1,1,1,1,1,0,0,0,0,0,0,0,0,0,0,0,0,0,0,0,0,0,0,0,1,1,1]" soldiers="[2085]" ziyuanArr="[0,0,0,0,0,0,0,0,0,0]" />
 <sample className="game.world.data.WorldMapCityData" name="建安" sid="248" x="5555" y="2901" style="3" dixing="" citytype="0" start="3" fightPanelSize="1000" castellanAward="2000" buffId="0" guojia="0" roadway="[209,247,249,250]" resourceArr="[0,1,1,1,1,1,1,1,1,1,0,0,0,0,0,0,0,0,0,0,0,0,0,0,0,0,0,0,0,1,1,1]" soldiers="[2085]" ziyuanArr="[0,1,0,0,0,0,0,0,0,0]" />
 <sample className="game.world.data.WorldMapCityData" name="会稽水域" sid="249" x="5402" y="2994" style="6" dixing="" citytype="0" start="3" fightPanelSize="2500" castellanAward="2000" buffId="0" guojia="0" roadway="[199,248]" resourceArr="[0,1,1,1,1,1,1,1,1,1,0,0,0,0,0,0,0,0,0,0,0,0,0,0,0,0,0,0,0,1,1,1]" soldiers="[2082]" ziyuanArr="[0,0,0,0,0,0,0,0,0,0]" />
 <sample className="game.world.data.WorldMapCityData" name="建安水域" sid="250" x="5774" y="3001" style="6" dixing="" citytype="0" start="3" fightPanelSize="2500" castellanAward="2000" buffId="0" guojia="0" roadway="[248,251]" resourceArr="[0,1,1,1,1,1,1,1,1,1,0,0,0,0,0,0,0,0,0,0,0,0,0,0,0,0,0,0,0,1,1,1]" soldiers="[2085]" ziyuanArr="[0,0,0,0,0,0,0,0,0,0]" />
 <sample className="game.world.data.WorldMapCityData" name="会稽东" sid="251" x="5585" y="3348" style="6" dixing="" citytype="0" start="3" fightPanelSize="2500" castellanAward="2000" buffId="0" guojia="0" roadway="[199,250]" resourceArr="[0,1,1,1,1,1,1,1,1,1,0,0,0,0,0,0,0,0,0,0,0,0,0,0,0,0,0,0,0,1,1,1]" soldiers="[2082]" ziyuanArr="[0,0,0,0,0,0,0,0,0,0]" />
 <sample className="game.world.data.WorldMapCityData" name="山寨剿匪·蜀" sid="252" x="-10" y="-10" style="1" dixing="" citytype="2" start="3" fightPanelSize="1000" castellanAward="2000" buffId="0" guojia="0" roadway="[]" resourceArr="[0,1,1,1,1,1,1,1,1,1,0,0,0,0,0,0,0,0,0,0,0,0,0,0,0,0,0,0,0,1,1,1]" soldiers="[2000]" ziyuanArr="[0,0,0,0,0,0,0,0,0,0]" />
 <sample className="game.world.data.WorldMapCityData" name="山寨剿匪·吴" sid="253" x="-10" y="-10" style="1" dixing="" citytype="2" start="3" fightPanelSize="1000" castellanAward="2000" buffId="0" guojia="0" roadway="[]" resourceArr="[0,1,1,1,1,1,1,1,1,1,0,0,0,0,0,0,0,0,0,0,0,0,0,0,0,0,0,0,0,1,1,1]" soldiers="[2000]" ziyuanArr="[0,0,0,0,0,0,0,0,0,0]" />
 <sample className="game.world.data.WorldMapCityData" name="山寨剿匪·魏" sid="254" x="-10" y="-10" style="1" dixing="" citytype="2" start="3" fightPanelSize="1000" castellanAward="2000" buffId="0" guojia="0" roadway="[]" resourceArr="[0,1,1,1,1,1,1,1,1,1,0,0,0,0,0,0,0,0,0,0,0,0,0,0,0,0,0,0,0,1,1,1]" soldiers="[2000]" ziyuanArr="[0,0,0,0,0,0,0,0,0,0]" />
 <sample className="game.world.data.WorldMapCityData" name="濮阳水域" sid="255" x="2780" y="460" style="6" dixing="" citytype="0" start="3" fightPanelSize="2500" castellanAward="2000" buffId="0" guojia="0" roadway="[85]" resourceArr="[0,1,1,1,1,1,1,1,1,1,0,0,0,0,0,0,0,0,0,0,0,0,0,0,0,0,0,0,0,1,1,1]" soldiers="[2028]" ziyuanArr="[0,0,0,0,0,0,0,0,0,0]" />
 </objects>
