﻿{"xiangbin":
	{
	"stand":
		{"img":"xiangbin","scale":"0.8","frames":
			{
				
				"3":
				{"x":"-123","y":"-156","actions":
					{"0":"gotoFram:1,7",
					"1":"wait:5#img:待机/70002.png",
					"2":"wait:5#img:待机/70003.png",
					"3":"wait:5#img:待机/70004.png",
					"4":"wait:5#img:待机/70005.png",
					"5":"wait:5#img:待机/70006.png",
					"6":"wait:5#img:待机/70007.png",
					"7":"wait:5#img:待机/70008.png",
					"8":"wait:5#img:待机/70009.png",
					"9":"gotoFram:1"}
				},
				
				"7":
				{"x":"-123","y":"-156","actions":
					{"0":"gotoFram:1,7",
					"1":"wait:5#img:待机/70002.png",
					"2":"wait:5#img:待机/70003.png",
					"3":"wait:5#img:待机/70004.png",
					"4":"wait:5#img:待机/70005.png",
					"5":"wait:5#img:待机/70006.png",
					"6":"wait:5#img:待机/70007.png",
					"7":"wait:5#img:待机/70008.png",
					"8":"wait:5#img:待机/70009.png",
					"9":"gotoFram:1"}
				}
			}
		}
	,"run":
		{"img":"xiangbin","scale":"0.8","frames":
			{
				"3":
				{"x":"-123","y":"-156","actions":
					{"0":"wait:5#img:移动/70002.png",
					"1":"wait:5#img:移动/70003.png",
					"2":"wait:5#img:移动/70004.png",
					"3":"wait:5#img:移动/70005.png",
					"4":"wait:5#img:移动/70006.png",
					"5":"wait:5#img:移动/70007.png",
					"6":"wait:5#img:移动/70008.png",
					"7":"wait:5#img:移动/70009.png",
					"8":"gotoFram:0"}
				},
				"7":
				{"x":"-123","y":"-156","actions":
					{"0":"wait:5#img:移动/70002.png",
					"1":"wait:5#img:移动/70003.png",
					"2":"wait:5#img:移动/70004.png",
					"3":"wait:5#img:移动/70005.png",
					"4":"wait:5#img:移动/70006.png",
					"5":"wait:5#img:移动/70007.png",
					"6":"wait:5#img:移动/70008.png",
					"7":"wait:5#img:移动/70009.png",
					"8":"gotoFram:0"}
				}
			}
		}
		,"action1":
		{"img":"xiangbin","scale":"0.8","frames":
			{
				"3":
				{"x":"-123","y":"-156","actions":
					{"0":"wait:5#img:攻击/70002.png",
					"1":"wait:5#img:攻击/70003.png",
					"2":"wait:5#img:攻击/70004.png",
					"3":"wait:5#img:攻击/70005.png",
					"4":"wait:5#img:攻击/70006.png#action",
					"5":"wait:5#img:攻击/70007.png",
					"6":"wait:5#img:攻击/70008.png#action",
					"7":"wait:5#img:攻击/70009.png",
					"8":"wait:5#img:攻击/70010.png",
					"9":"wait:5#img:攻击/70011.png",
					"10":"play:stand#end"}
				},
				"7":
				{"x":"-123","y":"-156","actions":
					{"0":"wait:5#img:攻击/70002.png",
					"1":"wait:5#img:攻击/70003.png",
					"2":"wait:5#img:攻击/70004.png",
					"3":"wait:5#img:攻击/70005.png",
					"4":"wait:5#img:攻击/70006.png#action",
					"5":"wait:5#img:攻击/70007.png",
					"6":"wait:5#img:攻击/70008.png#action",
					"7":"wait:5#img:攻击/70009.png",
					"8":"wait:5#img:攻击/70010.png",
					"9":"wait:5#img:攻击/70011.png",
					"10":"play:stand#end"}
				}
			}
		}
		,"action":
		{"img":"xiangbin","scale":"0.8","frames":
			{
				"3":
				{"x":"-123","y":"-156","actions":
					{"0":"wait:5#img:攻击1/70002.png",
					"1":"wait:5#img:攻击1/70003.png",
					"2":"wait:5#img:攻击1/70004.png",
					"3":"wait:5#img:攻击1/70005.png",
					"4":"wait:5#img:攻击1/70006.png#action",
					"5":"wait:5#img:攻击1/70007.png",
					"6":"wait:5#img:攻击1/70008.png#action",
					"7":"wait:5#img:攻击1/70009.png",
					"8":"wait:5#img:攻击1/70010.png",
					"9":"play:stand#end"}
				},
				"7":
				{"x":"-123","y":"-156","actions":
					{"0":"wait:5#img:攻击1/70002.png",
					"1":"wait:5#img:攻击1/70003.png",
					"2":"wait:5#img:攻击1/70004.png",
					"3":"wait:5#img:攻击1/70005.png",
					"4":"wait:5#img:攻击1/70006.png#action",
					"5":"wait:5#img:攻击1/70007.png",
					"6":"wait:5#img:攻击1/70008.png#action",
					"7":"wait:5#img:攻击1/70009.png",
					"8":"wait:5#img:攻击1/70010.png",
					"9":"play:stand#end"}
				}
			}
		}
		,"die":
		{"img":"xiangbin","scale":"0.8","frames":
			{
				"3":
				{"x":"-123","y":"-156","actions":
					{"0":"wait:5#img:受伤/70002.png",
					"1":"wait:5#img:受伤/70003.png",
					"2":"wait:5#img:受伤/70004.png",
					"3":"wait:5#img:受伤/70005.png",
					"4":"wait:5#img:受伤/70006.png",
					"5":"wait:5#img:受伤/70007.png",
					"6":"play:stand#end"}
				},
				"7":
				{"x":"-123","y":"-156","actions":
					{"0":"wait:5#img:受伤/70002.png",
					"1":"wait:5#img:受伤/70003.png",
					"2":"wait:5#img:受伤/70004.png",
					"3":"wait:5#img:受伤/70005.png",
					"4":"wait:5#img:受伤/70006.png",
					"5":"wait:5#img:受伤/70007.png",
					"6":"play:stand#end"}
				}
			}
		}
		
		
	}
}